CSIScontractID,override_unmodified_ceiling,override_unmodified_base,override_change_order_growth,override_exercised_growth,CSIS_inspection
1431340,FALSE,FALSE,FALSE,FALSE,Passed Examination
8341560,FALSE,FALSE,FALSE,FALSE,Error: Adjusted Automatically
10090818,FALSE,FALSE,TRUE,FALSE,Apparent Error: Uncorrected
19005830,FALSE,FALSE,TRUE,FALSE,Apparent Error: Uncorrected
24719937,FALSE,FALSE,FALSE,FALSE,Error: Adjusted Automatically
24807877,FALSE,FALSE,FALSE,FALSE,Error: Adjusted Automatically
24816950,FALSE,FALSE,TRUE,FALSE,Error: Corrected Other
24905030,FALSE,FALSE,TRUE,FALSE,Error: Adjusted Automatically
24893403,TRUE,TRUE,TRUE,FALSE,W912UM Won
8496435,TRUE,TRUE,TRUE,FALSE,W912UM Won
24892978,TRUE,TRUE,TRUE,FALSE,W912UM Won
24893360,TRUE,TRUE,TRUE,FALSE,W912UM Won
24893182,TRUE,TRUE,TRUE,FALSE,W912UM Won
24893022,FALSE,FALSE,TRUE,FALSE,W912UM Won
24893244,TRUE,TRUE,TRUE,FALSE,W912UM Won
8496301,TRUE,TRUE,TRUE,FALSE,W912UM Won
24893086,TRUE,TRUE,TRUE,FALSE,W912UM Won
24892987,FALSE,FALSE,TRUE,FALSE,W912UM Won
8496414,TRUE,TRUE,TRUE,FALSE,W912UM Won
24892998,TRUE,TRUE,TRUE,FALSE,W912UM Won
24892997,TRUE,TRUE,TRUE,FALSE,W912UM Won
24893283,TRUE,TRUE,TRUE,FALSE,W912UM Won
24893195,TRUE,TRUE,TRUE,FALSE,W912UM Won
24893123,TRUE,TRUE,TRUE,FALSE,W912UM Won
24892977,TRUE,TRUE,TRUE,FALSE,W912UM Won
24893019,TRUE,TRUE,TRUE,FALSE,W912UM Won
24892755,TRUE,TRUE,TRUE,FALSE,W912UM Won
24893021,TRUE,TRUE,TRUE,FALSE,W912UM Won
24893225,TRUE,TRUE,TRUE,FALSE,W912UM Won
24893128,TRUE,TRUE,TRUE,FALSE,W912UM Won
8496620,TRUE,TRUE,TRUE,FALSE,W912UM Won
8496500,TRUE,TRUE,TRUE,FALSE,W912UM Won
8496533,TRUE,TRUE,TRUE,FALSE,W912UM Won
24893084,TRUE,TRUE,TRUE,FALSE,W912UM Won
24893359,TRUE,TRUE,TRUE,FALSE,W912UM Won
24892999,TRUE,TRUE,TRUE,FALSE,W912UM Won
24892351,TRUE,TRUE,TRUE,FALSE,W912UM Won
8496456,FALSE,FALSE,TRUE,FALSE,W912UM Won
24893402,TRUE,TRUE,TRUE,FALSE,W912UM Won
24893211,TRUE,TRUE,TRUE,FALSE,W912UM Won
24893186,FALSE,FALSE,TRUE,FALSE,W912UM Won
8496496,FALSE,FALSE,TRUE,FALSE,W912UM Won
24893122,TRUE,TRUE,TRUE,FALSE,W912UM Won
24893222,TRUE,TRUE,TRUE,FALSE,W912UM Won
24892298,TRUE,TRUE,TRUE,FALSE,W912UM Won
24892291,TRUE,TRUE,TRUE,FALSE,W912UM Won
24893199,FALSE,FALSE,TRUE,FALSE,W912UM Won
24893087,TRUE,TRUE,TRUE,FALSE,W912UM Won
24893233,TRUE,TRUE,TRUE,FALSE,W912UM Won
24893613,FALSE,FALSE,TRUE,FALSE,W912UM Won
24892517,TRUE,TRUE,TRUE,FALSE,W912UM Won
24892259,TRUE,TRUE,TRUE,FALSE,W912UM Won
24892295,TRUE,TRUE,TRUE,FALSE,W912UM Won
24892979,TRUE,TRUE,TRUE,FALSE,W912UM Won
24893137,TRUE,TRUE,TRUE,FALSE,W912UM Won
24893149,TRUE,TRUE,TRUE,FALSE,W912UM Won
24893257,FALSE,FALSE,TRUE,FALSE,W912UM Won
24892296,TRUE,TRUE,TRUE,FALSE,W912UM Won
24893620,FALSE,FALSE,TRUE,FALSE,W912UM Won
24893138,TRUE,TRUE,TRUE,FALSE,W912UM Won
24893132,TRUE,TRUE,TRUE,FALSE,W912UM Won
8496309,TRUE,TRUE,TRUE,FALSE,W912UM Won
8496627,TRUE,TRUE,TRUE,FALSE,W912UM Won
24892519,TRUE,TRUE,TRUE,FALSE,W912UM Won
24893232,TRUE,TRUE,TRUE,FALSE,W912UM Won
28287611,TRUE,TRUE,TRUE,FALSE,W912UM Won
24893250,TRUE,TRUE,TRUE,FALSE,W912UM Won
24893117,TRUE,TRUE,TRUE,FALSE,W912UM Won
24893139,TRUE,TRUE,TRUE,FALSE,W912UM Won
24892969,TRUE,TRUE,TRUE,FALSE,W912UM Won
24893074,TRUE,TRUE,TRUE,FALSE,W912UM Won
28277971,FALSE,FALSE,TRUE,FALSE,W912UM Won
24892521,TRUE,TRUE,TRUE,FALSE,W912UM Won
24893145,TRUE,TRUE,TRUE,FALSE,W912UM Won
24892779,TRUE,TRUE,TRUE,FALSE,W912UM Won
24893630,FALSE,FALSE,TRUE,FALSE,W912UM Won
24893032,TRUE,TRUE,TRUE,FALSE,W912UM Won
24893230,TRUE,TRUE,TRUE,FALSE,W912UM Won
24893165,FALSE,FALSE,TRUE,FALSE,W912UM Won
24893113,TRUE,TRUE,TRUE,FALSE,W912UM Won
24892778,TRUE,TRUE,TRUE,FALSE,W912UM Won
24893621,FALSE,FALSE,TRUE,FALSE,W912UM Won
24893106,TRUE,TRUE,TRUE,FALSE,W912UM Won
8496337,TRUE,TRUE,TRUE,FALSE,W912UM Won
8496662,TRUE,TRUE,TRUE,FALSE,W912UM Won
2893470,FALSE,FALSE,FALSE,TRUE,Error: Corrected Administratively
8413869,FALSE,FALSE,FALSE,TRUE,Error: Corrected Other
18504240,FALSE,FALSE,FALSE,TRUE,Error: Corrected Other
24685121,FALSE,FALSE,FALSE,TRUE,Error: Corrected Other
24798438,FALSE,FALSE,FALSE,TRUE,Apparent Error: Uncorrected
10060591,FALSE,FALSE,FALSE,FALSE,Passed Examination
60378093,FALSE,FALSE,FALSE,FALSE,Passed Examination
18192191,FALSE,FALSE,FALSE,FALSE,Passed Examination
8665643,FALSE,FALSE,FALSE,FALSE,Passed Examination
25049082,FALSE,FALSE,FALSE,FALSE,Passed Examination
1286145,FALSE,FALSE,FALSE,FALSE,Passed Examination
2362527,FALSE,FALSE,FALSE,FALSE,Passed Examination
27649914,FALSE,FALSE,FALSE,FALSE,Passed Examination
8666052,FALSE,FALSE,FALSE,FALSE,Passed Examination
8114536,FALSE,FALSE,FALSE,FALSE,Passed Examination
24799263,FALSE,FALSE,FALSE,FALSE,Passed Examination
9991108,FALSE,FALSE,FALSE,FALSE,Passed Examination
61815629,FALSE,FALSE,FALSE,FALSE,Passed Examination
2970558,FALSE,FALSE,FALSE,FALSE,Passed Examination
8413827,FALSE,FALSE,FALSE,FALSE,Passed Examination
3229787,FALSE,FALSE,FALSE,FALSE,Passed Examination
24892349,TRUE,TRUE,FALSE,FALSE,W912UM Won
8496473,TRUE,FALSE,TRUE,TRUE,W912UM Won
24892352,TRUE,TRUE,FALSE,FALSE,W912UM Won
24893482,TRUE,TRUE,FALSE,FALSE,W912UM Won
24893559,TRUE,TRUE,TRUE,FALSE,W912UM Won
26328741,TRUE,TRUE,FALSE,FALSE,W912UM Won
24893608,TRUE,TRUE,FALSE,FALSE,W912UM Won
26435864,TRUE,TRUE,FALSE,FALSE,W912UM Won
26435842,TRUE,TRUE,FALSE,FALSE,W912UM Won
26435850,TRUE,TRUE,FALSE,FALSE,W912UM Won
24893172,TRUE,TRUE,TRUE,FALSE,W912UM Won
26435878,TRUE,TRUE,FALSE,FALSE,W912UM Won
24893308,TRUE,TRUE,FALSE,FALSE,W912UM Won
8496510,TRUE,TRUE,FALSE,FALSE,W912UM Won
26328634,TRUE,TRUE,FALSE,FALSE,W912UM Won
24893212,TRUE,TRUE,FALSE,FALSE,W912UM Won
24893332,TRUE,TRUE,FALSE,FALSE,W912UM Won
24893410,TRUE,TRUE,FALSE,FALSE,W912UM Won
24893334,TRUE,TRUE,FALSE,FALSE,W912UM Won
24893035,TRUE,TRUE,FALSE,FALSE,W912UM Won
28553220,TRUE,TRUE,FALSE,FALSE,W912UM Won
24893356,TRUE,TRUE,FALSE,FALSE,W912UM Won
24893010,TRUE,TRUE,FALSE,FALSE,W912UM Won
24892405,TRUE,TRUE,FALSE,FALSE,W912UM Won
24892304,TRUE,TRUE,TRUE,FALSE,W912UM Won
24893268,TRUE,TRUE,FALSE,FALSE,W912UM Won
24893425,TRUE,TRUE,FALSE,FALSE,W912UM Won
24893024,TRUE,TRUE,FALSE,FALSE,W912UM Won
26328699,TRUE,TRUE,FALSE,FALSE,W912UM Won
24893321,TRUE,TRUE,FALSE,FALSE,W912UM Won
24893318,TRUE,TRUE,FALSE,FALSE,W912UM Won
24893023,TRUE,TRUE,FALSE,FALSE,W912UM Won
24892343,TRUE,TRUE,TRUE,FALSE,W912UM Won
24893200,TRUE,TRUE,FALSE,FALSE,W912UM Won
24892974,TRUE,TRUE,FALSE,FALSE,W912UM Won
26374490,TRUE,TRUE,FALSE,FALSE,W912UM Won
24893027,TRUE,TRUE,TRUE,FALSE,W912UM Won
24893560,TRUE,TRUE,FALSE,FALSE,W912UM Won
24893369,TRUE,TRUE,FALSE,FALSE,W912UM Won
26328717,TRUE,TRUE,FALSE,FALSE,W912UM Won
8496519,TRUE,TRUE,FALSE,FALSE,W912UM Won
24892434,TRUE,TRUE,FALSE,FALSE,W912UM Won
26328686,TRUE,TRUE,FALSE,FALSE,W912UM Won
26435862,TRUE,TRUE,FALSE,FALSE,W912UM Won
24892523,TRUE,TRUE,FALSE,FALSE,W912UM Won
24893169,TRUE,TRUE,FALSE,FALSE,W912UM Won
24893059,TRUE,TRUE,FALSE,FALSE,W912UM Won
24893607,TRUE,TRUE,FALSE,FALSE,W912UM Won
24893656,TRUE,TRUE,FALSE,FALSE,W912UM Won
24892435,TRUE,TRUE,FALSE,FALSE,W912UM Won
8496598,TRUE,TRUE,TRUE,FALSE,W912UM Won
24893315,TRUE,TRUE,FALSE,FALSE,W912UM Won
24893140,TRUE,TRUE,FALSE,FALSE,W912UM Won
8496345,TRUE,TRUE,FALSE,FALSE,W912UM Won
24893325,TRUE,TRUE,FALSE,FALSE,W912UM Won
24893358,TRUE,TRUE,FALSE,FALSE,W912UM Won
8496609,TRUE,TRUE,FALSE,FALSE,W912UM Won
24892346,TRUE,TRUE,FALSE,FALSE,W912UM Won
24893146,TRUE,TRUE,FALSE,FALSE,W912UM Won
24893207,TRUE,TRUE,FALSE,FALSE,W912UM Won
24892760,TRUE,TRUE,TRUE,FALSE,W912UM Won
8496543,TRUE,TRUE,FALSE,FALSE,W912UM Won
24893304,TRUE,TRUE,FALSE,FALSE,W912UM Won
24893273,TRUE,TRUE,FALSE,FALSE,W912UM Won
24893190,TRUE,TRUE,FALSE,FALSE,W912UM Won
24892339,TRUE,TRUE,FALSE,FALSE,W912UM Won
24893220,TRUE,TRUE,FALSE,FALSE,W912UM Won
24893379,TRUE,TRUE,FALSE,FALSE,W912UM Won
24892436,TRUE,TRUE,FALSE,FALSE,W912UM Won
24893303,TRUE,TRUE,FALSE,FALSE,W912UM Won
24893568,TRUE,TRUE,FALSE,FALSE,W912UM Won
26435863,TRUE,TRUE,FALSE,FALSE,W912UM Won
24893484,TRUE,TRUE,FALSE,FALSE,W912UM Won
24893642,TRUE,TRUE,FALSE,FALSE,W912UM Won
24893331,TRUE,TRUE,FALSE,FALSE,W912UM Won
24893654,TRUE,TRUE,FALSE,FALSE,W912UM Won
24893653,TRUE,TRUE,FALSE,FALSE,W912UM Won
26435844,TRUE,TRUE,FALSE,FALSE,W912UM Won
24893564,TRUE,TRUE,FALSE,FALSE,W912UM Won
8496306,TRUE,TRUE,TRUE,FALSE,W912UM Won
24893409,TRUE,TRUE,FALSE,FALSE,W912UM Won
24892769,TRUE,TRUE,TRUE,FALSE,W912UM Won
28242240,TRUE,TRUE,FALSE,FALSE,W912UM Won
24893058,TRUE,TRUE,FALSE,FALSE,W912UM Won
24893118,TRUE,TRUE,FALSE,FALSE,W912UM Won
24893015,TRUE,TRUE,FALSE,FALSE,W912UM Won
24893018,TRUE,TRUE,FALSE,FALSE,W912UM Won
24892284,TRUE,TRUE,TRUE,FALSE,W912UM Won
24892447,TRUE,TRUE,FALSE,FALSE,W912UM Won
26435854,TRUE,TRUE,FALSE,FALSE,W912UM Won
24893605,TRUE,TRUE,FALSE,FALSE,W912UM Won
24893008,TRUE,TRUE,FALSE,FALSE,W912UM Won
24893216,TRUE,TRUE,FALSE,FALSE,W912UM Won
26328687,TRUE,TRUE,FALSE,FALSE,W912UM Won
8496649,TRUE,TRUE,FALSE,FALSE,W912UM Won
26328745,TRUE,TRUE,FALSE,FALSE,W912UM Won
8496657,TRUE,TRUE,FALSE,FALSE,W912UM Won
24892286,TRUE,TRUE,FALSE,FALSE,W912UM Won
24893424,TRUE,TRUE,FALSE,FALSE,W912UM Won
24893007,TRUE,TRUE,FALSE,FALSE,W912UM Won
24893031,TRUE,TRUE,FALSE,FALSE,W912UM Won
8496521,TRUE,TRUE,FALSE,FALSE,W912UM Won
24893184,TRUE,TRUE,FALSE,FALSE,W912UM Won
26328673,TRUE,TRUE,FALSE,FALSE,W912UM Won
24893336,TRUE,TRUE,FALSE,FALSE,W912UM Won
8496534,TRUE,TRUE,TRUE,FALSE,W912UM Won
24893002,TRUE,TRUE,FALSE,FALSE,W912UM Won
8496334,TRUE,TRUE,FALSE,FALSE,W912UM Won
24893411,TRUE,TRUE,FALSE,FALSE,W912UM Won
26328730,TRUE,TRUE,FALSE,FALSE,W912UM Won
26328679,TRUE,TRUE,FALSE,FALSE,W912UM Won
24893066,TRUE,TRUE,FALSE,FALSE,W912UM Won
24893544,TRUE,TRUE,FALSE,FALSE,W912UM Won
24893180,TRUE,TRUE,FALSE,FALSE,W912UM Won
24892337,TRUE,TRUE,FALSE,FALSE,W912UM Won
26328690,TRUE,TRUE,FALSE,FALSE,W912UM Won
24893198,TRUE,TRUE,FALSE,FALSE,W912UM Won
24893176,TRUE,TRUE,FALSE,FALSE,W912UM Won
24892984,TRUE,TRUE,FALSE,FALSE,W912UM Won
26435860,TRUE,TRUE,FALSE,FALSE,W912UM Won
26328703,TRUE,TRUE,FALSE,FALSE,W912UM Won
24893357,TRUE,TRUE,FALSE,FALSE,W912UM Won
24893611,TRUE,TRUE,FALSE,FALSE,W912UM Won
24893276,TRUE,TRUE,FALSE,FALSE,W912UM Won
24893131,TRUE,TRUE,FALSE,FALSE,W912UM Won
24893330,TRUE,TRUE,FALSE,FALSE,W912UM Won
24892996,TRUE,TRUE,TRUE,FALSE,W912UM Won
24892248,TRUE,TRUE,TRUE,FALSE,W912UM Won
26328716,TRUE,TRUE,FALSE,FALSE,W912UM Won
8496607,TRUE,TRUE,FALSE,FALSE,W912UM Won
24893153,TRUE,TRUE,FALSE,FALSE,W912UM Won
24892403,TRUE,TRUE,FALSE,FALSE,W912UM Won
24893045,TRUE,TRUE,TRUE,FALSE,W912UM Won
8496665,TRUE,TRUE,FALSE,FALSE,W912UM Won
26328735,TRUE,TRUE,FALSE,FALSE,W912UM Won
24893156,TRUE,TRUE,FALSE,FALSE,W912UM Won
24893270,TRUE,TRUE,FALSE,FALSE,W912UM Won
24893060,TRUE,TRUE,FALSE,FALSE,W912UM Won
26328706,TRUE,TRUE,FALSE,FALSE,W912UM Won
24893039,TRUE,TRUE,FALSE,FALSE,W912UM Won
8496479,TRUE,TRUE,TRUE,FALSE,W912UM Won
24893414,TRUE,TRUE,FALSE,FALSE,W912UM Won
24893301,TRUE,TRUE,TRUE,FALSE,W912UM Won
24893044,TRUE,TRUE,FALSE,FALSE,W912UM Won
24893070,TRUE,TRUE,FALSE,FALSE,W912UM Won
26328715,TRUE,TRUE,FALSE,FALSE,W912UM Won
28553218,TRUE,TRUE,TRUE,FALSE,W912UM Won
26435879,TRUE,TRUE,FALSE,FALSE,W912UM Won
24893352,TRUE,TRUE,FALSE,FALSE,W912UM Won
25582259,TRUE,FALSE,FALSE,TRUE,W912UM Won
24893309,TRUE,TRUE,FALSE,FALSE,W912UM Won
24893206,TRUE,TRUE,FALSE,FALSE,W912UM Won
24893320,TRUE,TRUE,FALSE,FALSE,W912UM Won
8496583,TRUE,TRUE,FALSE,FALSE,W912UM Won
24893112,TRUE,TRUE,FALSE,FALSE,W912UM Won
26328743,TRUE,TRUE,FALSE,FALSE,W912UM Won
24893163,TRUE,TRUE,FALSE,FALSE,W912UM Won
24893328,TRUE,TRUE,FALSE,FALSE,W912UM Won
24893201,TRUE,TRUE,FALSE,FALSE,W912UM Won
24892971,TRUE,TRUE,TRUE,FALSE,W912UM Won
24893313,TRUE,TRUE,FALSE,FALSE,W912UM Won
24893229,TRUE,TRUE,TRUE,FALSE,W912UM Won
26328688,TRUE,TRUE,FALSE,FALSE,W912UM Won
24892299,TRUE,TRUE,FALSE,FALSE,W912UM Won
8496529,TRUE,TRUE,TRUE,FALSE,W912UM Won
24893136,TRUE,TRUE,FALSE,FALSE,W912UM Won
24892400,TRUE,TRUE,FALSE,FALSE,W912UM Won
24892758,TRUE,TRUE,TRUE,FALSE,W912UM Won
24893063,TRUE,TRUE,FALSE,FALSE,W912UM Won
24893645,TRUE,TRUE,FALSE,FALSE,W912UM Won
24892529,TRUE,TRUE,FALSE,FALSE,W912UM Won
26374479,TRUE,TRUE,FALSE,FALSE,W912UM Won
26328681,TRUE,TRUE,FALSE,FALSE,W912UM Won
24893319,TRUE,TRUE,FALSE,FALSE,W912UM Won
24893625,TRUE,TRUE,FALSE,FALSE,W912UM Won
24893306,TRUE,TRUE,FALSE,FALSE,W912UM Won
24893346,TRUE,TRUE,FALSE,FALSE,W912UM Won
24893042,TRUE,TRUE,TRUE,FALSE,W912UM Won
24892773,TRUE,TRUE,TRUE,FALSE,W912UM Won
24893148,TRUE,TRUE,TRUE,FALSE,W912UM Won
24892293,TRUE,TRUE,FALSE,FALSE,W912UM Won
24893078,TRUE,TRUE,TRUE,FALSE,W912UM Won
24893249,TRUE,TRUE,FALSE,FALSE,W912UM Won
24893104,TRUE,TRUE,TRUE,FALSE,W912UM Won
24893025,TRUE,TRUE,TRUE,FALSE,W912UM Won
24893638,TRUE,TRUE,FALSE,FALSE,W912UM Won
24892768,TRUE,TRUE,FALSE,FALSE,W912UM Won
26435859,TRUE,TRUE,FALSE,FALSE,W912UM Won
26435841,TRUE,TRUE,FALSE,FALSE,W912UM Won
24893152,TRUE,TRUE,FALSE,FALSE,W912UM Won
24893240,TRUE,TRUE,TRUE,FALSE,W912UM Won
24893639,TRUE,TRUE,FALSE,FALSE,W912UM Won
24893253,TRUE,TRUE,FALSE,FALSE,W912UM Won
24893408,TRUE,TRUE,FALSE,FALSE,W912UM Won
26328702,TRUE,TRUE,FALSE,FALSE,W912UM Won
26435855,TRUE,TRUE,FALSE,FALSE,W912UM Won
26374474,TRUE,TRUE,FALSE,FALSE,W912UM Won
24893351,TRUE,TRUE,FALSE,FALSE,W912UM Won
24893147,TRUE,TRUE,FALSE,FALSE,W912UM Won
26328713,TRUE,TRUE,FALSE,FALSE,W912UM Won
24892302,TRUE,TRUE,FALSE,FALSE,W912UM Won
24892975,TRUE,TRUE,TRUE,FALSE,W912UM Won
24893161,TRUE,TRUE,FALSE,FALSE,W912UM Won
24893120,TRUE,TRUE,FALSE,FALSE,W912UM Won
26435857,TRUE,TRUE,FALSE,FALSE,W912UM Won
24893265,TRUE,TRUE,FALSE,FALSE,W912UM Won
24893057,TRUE,TRUE,FALSE,FALSE,W912UM Won
24893344,TRUE,TRUE,FALSE,FALSE,W912UM Won
26374478,TRUE,TRUE,TRUE,FALSE,W912UM Won
24893111,TRUE,TRUE,TRUE,FALSE,W912UM Won
24893618,TRUE,TRUE,FALSE,FALSE,W912UM Won
24892513,TRUE,TRUE,FALSE,FALSE,W912UM Won
24893616,TRUE,TRUE,FALSE,FALSE,W912UM Won
24893324,TRUE,TRUE,FALSE,FALSE,W912UM Won
24893144,TRUE,TRUE,FALSE,FALSE,W912UM Won
24893166,TRUE,TRUE,FALSE,FALSE,W912UM Won
26435843,TRUE,TRUE,FALSE,FALSE,W912UM Won
26328721,TRUE,TRUE,FALSE,FALSE,W912UM Won
24893289,TRUE,TRUE,FALSE,FALSE,W912UM Won
24893214,TRUE,TRUE,FALSE,FALSE,W912UM Won
60438759,TRUE,TRUE,FALSE,FALSE,W912UM Won
26435856,TRUE,TRUE,FALSE,FALSE,W912UM Won
24893298,TRUE,TRUE,FALSE,FALSE,W912UM Won
8496656,TRUE,TRUE,FALSE,FALSE,W912UM Won
24893284,TRUE,TRUE,FALSE,FALSE,W912UM Won
24893648,TRUE,TRUE,FALSE,FALSE,W912UM Won
24893419,TRUE,TRUE,FALSE,FALSE,W912UM Won
24893236,TRUE,TRUE,TRUE,FALSE,W912UM Won
8496661,TRUE,TRUE,FALSE,FALSE,W912UM Won
24892303,TRUE,TRUE,FALSE,FALSE,W912UM Won
8496318,TRUE,TRUE,FALSE,FALSE,W912UM Won
24893375,TRUE,TRUE,FALSE,FALSE,W912UM Won
24893423,TRUE,TRUE,FALSE,FALSE,W912UM Won
24892309,TRUE,TRUE,TRUE,FALSE,W912UM Won
24893604,TRUE,TRUE,FALSE,FALSE,W912UM Won
26328685,TRUE,TRUE,FALSE,FALSE,W912UM Won
24893267,TRUE,TRUE,FALSE,FALSE,W912UM Won
26328705,TRUE,TRUE,FALSE,FALSE,W912UM Won
24892260,TRUE,TRUE,FALSE,FALSE,W912UM Won
24892439,TRUE,TRUE,FALSE,FALSE,W912UM Won
24893657,TRUE,TRUE,FALSE,FALSE,W912UM Won
24893134,TRUE,TRUE,FALSE,FALSE,W912UM Won
24893124,TRUE,TRUE,TRUE,FALSE,W912UM Won
24893219,TRUE,TRUE,FALSE,FALSE,W912UM Won
24892341,TRUE,TRUE,FALSE,FALSE,W912UM Won
24893389,TRUE,TRUE,FALSE,FALSE,W912UM Won
24893339,TRUE,TRUE,FALSE,FALSE,W912UM Won
25582254,TRUE,TRUE,FALSE,FALSE,W912UM Won
24892242,TRUE,TRUE,FALSE,FALSE,W912UM Won
26328707,TRUE,TRUE,FALSE,FALSE,W912UM Won
24893178,TRUE,TRUE,FALSE,FALSE,W912UM Won
24893158,TRUE,TRUE,FALSE,FALSE,W912UM Won
24892518,TRUE,TRUE,FALSE,FALSE,W912UM Won
24893368,TRUE,TRUE,FALSE,FALSE,W912UM Won
24893006,TRUE,TRUE,FALSE,FALSE,W912UM Won
8496666,TRUE,TRUE,FALSE,FALSE,W912UM Won
24893174,TRUE,TRUE,FALSE,FALSE,W912UM Won
26328682,TRUE,TRUE,FALSE,FALSE,W912UM Won
26435875,TRUE,TRUE,FALSE,FALSE,W912UM Won
28553215,TRUE,TRUE,FALSE,FALSE,W912UM Won
24893372,TRUE,TRUE,FALSE,FALSE,W912UM Won
24893302,TRUE,TRUE,FALSE,FALSE,W912UM Won
24893293,TRUE,TRUE,FALSE,FALSE,W912UM Won
24893643,TRUE,TRUE,FALSE,FALSE,W912UM Won
24893338,TRUE,TRUE,FALSE,FALSE,W912UM Won
26435847,TRUE,TRUE,FALSE,FALSE,W912UM Won
8496545,TRUE,TRUE,FALSE,FALSE,W912UM Won
24893170,TRUE,TRUE,FALSE,FALSE,W912UM Won
24893644,TRUE,TRUE,FALSE,FALSE,W912UM Won
8496660,TRUE,TRUE,FALSE,FALSE,W912UM Won
24893030,TRUE,TRUE,TRUE,FALSE,W912UM Won
24893660,TRUE,TRUE,FALSE,FALSE,W912UM Won
24893231,TRUE,TRUE,FALSE,FALSE,W912UM Won
24892237,TRUE,TRUE,FALSE,FALSE,W912UM Won
24892530,TRUE,TRUE,FALSE,FALSE,W912UM Won
24892976,TRUE,TRUE,FALSE,FALSE,W912UM Won
24893617,TRUE,TRUE,FALSE,FALSE,W912UM Won
24893385,TRUE,TRUE,FALSE,FALSE,W912UM Won
24893296,TRUE,TRUE,FALSE,FALSE,W912UM Won
24893391,TRUE,TRUE,FALSE,FALSE,W912UM Won
24893349,TRUE,TRUE,FALSE,FALSE,W912UM Won
24892972,TRUE,TRUE,FALSE,FALSE,W912UM Won
24893047,TRUE,TRUE,FALSE,FALSE,W912UM Won
24893016,TRUE,TRUE,FALSE,FALSE,W912UM Won
24893203,TRUE,TRUE,FALSE,FALSE,W912UM Won
24893081,TRUE,TRUE,TRUE,FALSE,W912UM Won
24893307,TRUE,TRUE,FALSE,FALSE,W912UM Won
24893669,TRUE,TRUE,FALSE,FALSE,W912UM Won
24893050,TRUE,TRUE,FALSE,FALSE,W912UM Won
8496490,TRUE,TRUE,TRUE,FALSE,W912UM Won
24893282,TRUE,TRUE,TRUE,FALSE,W912UM Won
24893126,TRUE,TRUE,TRUE,FALSE,W912UM Won
24893641,TRUE,TRUE,FALSE,FALSE,W912UM Won
24893566,TRUE,TRUE,FALSE,FALSE,W912UM Won
8496311,TRUE,TRUE,TRUE,FALSE,W912UM Won
24892294,TRUE,TRUE,TRUE,FALSE,W912UM Won
24893287,TRUE,TRUE,FALSE,FALSE,W912UM Won
8496412,TRUE,TRUE,TRUE,FALSE,W912UM Won
27546896,TRUE,TRUE,FALSE,FALSE,W912UM Won
8496603,TRUE,TRUE,TRUE,FALSE,W912UM Won
24893395,TRUE,TRUE,FALSE,FALSE,W912UM Won
24893388,TRUE,TRUE,FALSE,FALSE,W912UM Won
8496628,TRUE,TRUE,FALSE,FALSE,W912UM Won
26328676,TRUE,TRUE,TRUE,FALSE,W912UM Won
24893150,TRUE,TRUE,FALSE,FALSE,W912UM Won
24892981,TRUE,TRUE,FALSE,FALSE,W912UM Won
8496356,TRUE,TRUE,FALSE,FALSE,W912UM Won
24893252,TRUE,TRUE,FALSE,FALSE,W912UM Won
25582250,TRUE,TRUE,FALSE,FALSE,W912UM Won
24892340,TRUE,TRUE,FALSE,FALSE,W912UM Won
24892290,TRUE,TRUE,FALSE,FALSE,W912UM Won
24892344,TRUE,TRUE,TRUE,FALSE,W912UM Won
24893105,TRUE,TRUE,TRUE,FALSE,W912UM Won
8496673,TRUE,TRUE,FALSE,FALSE,W912UM Won
24892307,TRUE,TRUE,TRUE,FALSE,W912UM Won
24893623,TRUE,TRUE,FALSE,FALSE,W912UM Won
8496355,TRUE,TRUE,FALSE,FALSE,W912UM Won
24893650,TRUE,TRUE,FALSE,FALSE,W912UM Won
26328736,TRUE,TRUE,FALSE,FALSE,W912UM Won
24893629,TRUE,TRUE,FALSE,FALSE,W912UM Won
26435865,TRUE,TRUE,FALSE,FALSE,W912UM Won
24893238,TRUE,TRUE,FALSE,FALSE,W912UM Won
24893664,TRUE,TRUE,FALSE,FALSE,W912UM Won
24893355,TRUE,TRUE,FALSE,FALSE,W912UM Won
24893614,TRUE,TRUE,FALSE,FALSE,W912UM Won
8496526,TRUE,TRUE,TRUE,FALSE,W912UM Won
24893040,TRUE,TRUE,FALSE,FALSE,W912UM Won
24893053,TRUE,TRUE,TRUE,FALSE,W912UM Won
24893658,TRUE,TRUE,FALSE,FALSE,W912UM Won
24893627,TRUE,TRUE,FALSE,FALSE,W912UM Won
24893420,TRUE,TRUE,FALSE,FALSE,W912UM Won
24893193,TRUE,TRUE,FALSE,FALSE,W912UM Won
24893285,TRUE,TRUE,FALSE,FALSE,W912UM Won
24892448,TRUE,TRUE,FALSE,FALSE,W912UM Won
24893365,TRUE,TRUE,FALSE,FALSE,W912UM Won
24893281,TRUE,TRUE,FALSE,FALSE,W912UM Won
24893228,TRUE,TRUE,FALSE,FALSE,W912UM Won
26328689,TRUE,TRUE,FALSE,FALSE,W912UM Won
26374477,TRUE,TRUE,TRUE,FALSE,W912UM Won
24893179,TRUE,TRUE,FALSE,FALSE,W912UM Won
24893370,TRUE,TRUE,FALSE,FALSE,W912UM Won
24892522,TRUE,TRUE,TRUE,FALSE,W912UM Won
24893341,TRUE,TRUE,FALSE,FALSE,W912UM Won
24893235,TRUE,TRUE,FALSE,FALSE,W912UM Won
24893326,TRUE,TRUE,FALSE,FALSE,W912UM Won
24893384,TRUE,TRUE,FALSE,FALSE,W912UM Won
8496671,TRUE,TRUE,FALSE,FALSE,W912UM Won
24893083,TRUE,TRUE,FALSE,FALSE,W912UM Won
24893080,TRUE,TRUE,TRUE,FALSE,W912UM Won
24892527,TRUE,TRUE,FALSE,FALSE,W912UM Won
26328711,TRUE,TRUE,FALSE,FALSE,W912UM Won
24893373,TRUE,TRUE,FALSE,FALSE,W912UM Won
24893151,TRUE,TRUE,FALSE,FALSE,W912UM Won
24893009,TRUE,TRUE,FALSE,FALSE,W912UM Won
24892289,TRUE,TRUE,FALSE,FALSE,W912UM Won
24893020,TRUE,TRUE,FALSE,FALSE,W912UM Won
26328719,TRUE,TRUE,FALSE,FALSE,W912UM Won
24893000,TRUE,TRUE,FALSE,FALSE,W912UM Won
26328720,TRUE,TRUE,FALSE,FALSE,W912UM Won
24893295,TRUE,TRUE,FALSE,FALSE,W912UM Won
24893271,TRUE,TRUE,FALSE,FALSE,W912UM Won
8496428,TRUE,TRUE,FALSE,FALSE,W912UM Won
24893013,TRUE,TRUE,FALSE,FALSE,W912UM Won
24893363,TRUE,TRUE,FALSE,FALSE,W912UM Won
26435853,TRUE,TRUE,FALSE,FALSE,W912UM Won
24892763,TRUE,TRUE,FALSE,FALSE,W912UM Won
24893405,TRUE,TRUE,FALSE,FALSE,W912UM Won
26328718,TRUE,TRUE,TRUE,FALSE,W912UM Won
24893067,TRUE,TRUE,FALSE,FALSE,W912UM Won
24892515,TRUE,TRUE,FALSE,FALSE,W912UM Won
24893555,TRUE,TRUE,FALSE,FALSE,W912UM Won
24893143,TRUE,TRUE,TRUE,FALSE,W912UM Won
24893175,TRUE,TRUE,FALSE,FALSE,W912UM Won
24893305,TRUE,TRUE,FALSE,FALSE,W912UM Won
28278891,TRUE,TRUE,FALSE,FALSE,W912UM Won
24893345,TRUE,TRUE,FALSE,FALSE,W912UM Won
24892761,TRUE,TRUE,FALSE,FALSE,W912UM Won
24893255,TRUE,TRUE,TRUE,FALSE,W912UM Won
24892306,TRUE,TRUE,TRUE,FALSE,W912UM Won
24893119,TRUE,TRUE,FALSE,FALSE,W912UM Won
24893194,TRUE,TRUE,FALSE,FALSE,W912UM Won
24893374,TRUE,TRUE,FALSE,FALSE,W912UM Won
26435880,TRUE,TRUE,FALSE,FALSE,W912UM Won
26328704,TRUE,TRUE,FALSE,FALSE,W912UM Won
24893381,TRUE,TRUE,FALSE,FALSE,W912UM Won
26435851,TRUE,TRUE,FALSE,FALSE,W912UM Won
26328701,TRUE,TRUE,FALSE,FALSE,W912UM Won
24892777,TRUE,TRUE,TRUE,FALSE,W912UM Won
24893254,TRUE,TRUE,FALSE,FALSE,W912UM Won
24893274,TRUE,TRUE,FALSE,FALSE,W912UM Won
28217853,TRUE,TRUE,FALSE,FALSE,W912UM Won
24893483,TRUE,TRUE,FALSE,FALSE,W912UM Won
24893077,TRUE,TRUE,TRUE,FALSE,W912UM Won
24893327,TRUE,TRUE,FALSE,FALSE,W912UM Won
24893637,TRUE,TRUE,FALSE,FALSE,W912UM Won
24893316,TRUE,TRUE,FALSE,FALSE,W912UM Won
24892236,TRUE,TRUE,TRUE,FALSE,W912UM Won
24893046,TRUE,TRUE,FALSE,FALSE,W912UM Won
24893556,TRUE,TRUE,FALSE,FALSE,W912UM Won
26374484,TRUE,TRUE,FALSE,FALSE,W912UM Won
24892525,TRUE,TRUE,FALSE,FALSE,W912UM Won
24893052,TRUE,TRUE,FALSE,FALSE,W912UM Won
24893196,TRUE,TRUE,FALSE,FALSE,W912UM Won
26435840,TRUE,TRUE,FALSE,FALSE,W912UM Won
25582281,TRUE,TRUE,FALSE,FALSE,W912UM Won
24893347,TRUE,TRUE,FALSE,FALSE,W912UM Won
24892437,TRUE,TRUE,FALSE,FALSE,W912UM Won
24892764,TRUE,TRUE,TRUE,FALSE,W912UM Won
24893421,TRUE,TRUE,FALSE,FALSE,W912UM Won
24892970,TRUE,TRUE,TRUE,FALSE,W912UM Won
25582269,TRUE,TRUE,TRUE,FALSE,W912UM Won
24893049,TRUE,TRUE,TRUE,FALSE,W912UM Won
24893127,TRUE,TRUE,TRUE,FALSE,W912UM Won
24893275,TRUE,TRUE,FALSE,FALSE,W912UM Won
24893670,TRUE,TRUE,FALSE,FALSE,W912UM Won
8496677,TRUE,TRUE,FALSE,FALSE,W912UM Won
24893329,TRUE,TRUE,FALSE,FALSE,W912UM Won
28242252,TRUE,TRUE,FALSE,FALSE,W912UM Won
24892288,TRUE,TRUE,TRUE,FALSE,W912UM Won
24893412,TRUE,TRUE,FALSE,FALSE,W912UM Won
24893288,TRUE,TRUE,TRUE,FALSE,W912UM Won
8496542,TRUE,TRUE,TRUE,FALSE,W912UM Won
24893364,TRUE,TRUE,FALSE,FALSE,W912UM Won
24893570,TRUE,TRUE,FALSE,FALSE,W912UM Won
24892305,TRUE,TRUE,TRUE,FALSE,W912UM Won
24893647,TRUE,TRUE,FALSE,FALSE,W912UM Won
24893055,TRUE,TRUE,TRUE,FALSE,W912UM Won
24892983,TRUE,TRUE,FALSE,FALSE,W912UM Won
24893376,TRUE,TRUE,FALSE,FALSE,W912UM Won
8496297,TRUE,TRUE,TRUE,FALSE,W912UM Won
24893011,TRUE,TRUE,FALSE,FALSE,W912UM Won
24892520,TRUE,TRUE,FALSE,FALSE,W912UM Won
24893633,TRUE,TRUE,FALSE,FALSE,W912UM Won
24892514,TRUE,TRUE,FALSE,FALSE,W912UM Won
24893185,TRUE,TRUE,FALSE,FALSE,W912UM Won
24892995,TRUE,TRUE,FALSE,FALSE,W912UM Won
24893256,TRUE,TRUE,TRUE,FALSE,W912UM Won
24893396,TRUE,TRUE,FALSE,FALSE,W912UM Won
8496487,TRUE,TRUE,TRUE,FALSE,W912UM Won
24893397,TRUE,TRUE,FALSE,FALSE,W912UM Won
24893202,TRUE,TRUE,FALSE,FALSE,W912UM Won
24893634,TRUE,TRUE,FALSE,FALSE,W912UM Won
24893312,TRUE,TRUE,FALSE,FALSE,W912UM Won
8496616,TRUE,TRUE,FALSE,FALSE,W912UM Won
24893248,TRUE,TRUE,FALSE,FALSE,W912UM Won
26328733,TRUE,TRUE,FALSE,FALSE,W912UM Won
24893383,TRUE,TRUE,FALSE,FALSE,W912UM Won
24893612,TRUE,TRUE,FALSE,FALSE,W912UM Won
24893609,TRUE,TRUE,FALSE,FALSE,W912UM Won
24893085,TRUE,TRUE,FALSE,FALSE,W912UM Won
24893168,TRUE,TRUE,TRUE,FALSE,W912UM Won
26328710,TRUE,TRUE,FALSE,FALSE,W912UM Won
24893317,TRUE,TRUE,FALSE,FALSE,W912UM Won
24893663,TRUE,TRUE,FALSE,FALSE,W912UM Won
24893125,TRUE,TRUE,FALSE,FALSE,W912UM Won
26328722,TRUE,TRUE,FALSE,FALSE,W912UM Won
8496407,TRUE,TRUE,TRUE,FALSE,W912UM Won
24892433,TRUE,TRUE,FALSE,FALSE,W912UM Won
24893227,TRUE,TRUE,FALSE,FALSE,W912UM Won
60407834,TRUE,TRUE,FALSE,FALSE,W912UM Won
62949049,TRUE,TRUE,FALSE,FALSE,W912UM Won
24893543,TRUE,FALSE,FALSE,TRUE,W912UM Won
24893279,TRUE,TRUE,TRUE,FALSE,W912UM Won
24893073,TRUE,TRUE,FALSE,FALSE,W912UM Won
8496546,TRUE,TRUE,TRUE,FALSE,W912UM Won
24893659,TRUE,TRUE,FALSE,FALSE,W912UM Won
24893628,TRUE,TRUE,FALSE,FALSE,W912UM Won
24893655,TRUE,TRUE,FALSE,FALSE,W912UM Won
24893173,TRUE,TRUE,FALSE,FALSE,W912UM Won
8496680,TRUE,TRUE,FALSE,FALSE,W912UM Won
24893155,TRUE,TRUE,FALSE,FALSE,W912UM Won
24893486,TRUE,TRUE,FALSE,FALSE,W912UM Won
24893348,TRUE,TRUE,FALSE,FALSE,W912UM Won
60439438,TRUE,TRUE,FALSE,FALSE,W912UM Won
24893061,TRUE,TRUE,TRUE,FALSE,W912UM Won
24893606,TRUE,TRUE,FALSE,FALSE,W912UM Won
24893141,TRUE,TRUE,TRUE,FALSE,W912UM Won
24893082,TRUE,TRUE,TRUE,FALSE,W912UM Won
24893043,TRUE,TRUE,TRUE,FALSE,W912UM Won
24893054,TRUE,TRUE,FALSE,FALSE,W912UM Won
24893610,TRUE,TRUE,FALSE,FALSE,W912UM Won
24893224,TRUE,TRUE,TRUE,FALSE,W912UM Won
26435867,TRUE,TRUE,FALSE,FALSE,W912UM Won
24893626,TRUE,TRUE,FALSE,FALSE,W912UM Won
8496679,TRUE,TRUE,FALSE,FALSE,W912UM Won
24892238,TRUE,TRUE,FALSE,FALSE,W912UM Won
24892404,TRUE,TRUE,FALSE,FALSE,W912UM Won
24892241,TRUE,TRUE,FALSE,FALSE,W912UM Won
24893068,TRUE,TRUE,TRUE,FALSE,W912UM Won
24893107,TRUE,TRUE,TRUE,FALSE,W912UM Won
24893209,TRUE,TRUE,FALSE,FALSE,W912UM Won
8496599,TRUE,TRUE,FALSE,FALSE,W912UM Won
24893622,TRUE,TRUE,FALSE,FALSE,W912UM Won
24893667,TRUE,TRUE,FALSE,FALSE,W912UM Won
24892756,TRUE,TRUE,FALSE,FALSE,W912UM Won
24893615,TRUE,TRUE,FALSE,FALSE,W912UM Won
24893624,TRUE,TRUE,FALSE,FALSE,W912UM Won
24893048,TRUE,TRUE,FALSE,FALSE,W912UM Won
24893342,TRUE,TRUE,FALSE,FALSE,W912UM Won
24892516,TRUE,TRUE,FALSE,FALSE,W912UM Won
24893197,TRUE,TRUE,TRUE,FALSE,W912UM Won
8496538,TRUE,TRUE,FALSE,FALSE,W912UM Won
8496429,TRUE,FALSE,FALSE,TRUE,W912UM Won
8496476,TRUE,FALSE,FALSE,FALSE,W912UM Won
24893171,TRUE,TRUE,FALSE,FALSE,W912UM Won
24892334,TRUE,TRUE,FALSE,FALSE,W912UM Won
8496588,TRUE,TRUE,FALSE,FALSE,W912UM Won
24892753,TRUE,TRUE,FALSE,FALSE,W912UM Won
24893028,TRUE,TRUE,FALSE,FALSE,W912UM Won
26435848,TRUE,TRUE,FALSE,FALSE,W912UM Won
24893221,TRUE,TRUE,FALSE,FALSE,W912UM Won
24893378,TRUE,TRUE,FALSE,FALSE,W912UM Won
24892338,TRUE,TRUE,FALSE,FALSE,W912UM Won
24893075,TRUE,TRUE,FALSE,FALSE,W912UM Won
24893062,TRUE,TRUE,FALSE,FALSE,W912UM Won
24893567,TRUE,TRUE,FALSE,FALSE,W912UM Won
24892301,TRUE,TRUE,FALSE,FALSE,W912UM Won
24892333,TRUE,TRUE,FALSE,FALSE,W912UM Won
24893323,TRUE,TRUE,FALSE,FALSE,W912UM Won
24893668,TRUE,TRUE,FALSE,FALSE,W912UM Won
24892759,TRUE,TRUE,FALSE,FALSE,W912UM Won
24893310,TRUE,TRUE,FALSE,FALSE,W912UM Won
26435846,TRUE,TRUE,FALSE,FALSE,W912UM Won
24893481,TRUE,TRUE,FALSE,FALSE,W912UM Won
8496547,TRUE,TRUE,FALSE,FALSE,W912UM Won
24893603,TRUE,TRUE,FALSE,FALSE,W912UM Won
24893380,TRUE,TRUE,FALSE,FALSE,W912UM Won
24892287,TRUE,TRUE,TRUE,FALSE,W912UM Won
8496589,TRUE,TRUE,FALSE,FALSE,W912UM Won
24893407,TRUE,TRUE,FALSE,FALSE,W912UM Won
24893116,TRUE,TRUE,TRUE,FALSE,W912UM Won
24893064,TRUE,TRUE,FALSE,FALSE,W912UM Won
26328700,TRUE,TRUE,FALSE,FALSE,W912UM Won
24893234,TRUE,TRUE,TRUE,FALSE,W912UM Won
24893361,TRUE,TRUE,FALSE,FALSE,W912UM Won
24893666,TRUE,TRUE,FALSE,FALSE,W912UM Won
24893280,TRUE,TRUE,FALSE,FALSE,W912UM Won
24893562,TRUE,TRUE,FALSE,FALSE,W912UM Won
26435852,TRUE,TRUE,FALSE,FALSE,W912UM Won
24893272,TRUE,TRUE,TRUE,FALSE,W912UM Won
24893485,TRUE,TRUE,FALSE,FALSE,W912UM Won
24893404,TRUE,TRUE,FALSE,FALSE,W912UM Won
8496681,TRUE,TRUE,FALSE,FALSE,W912UM Won
24893014,TRUE,TRUE,FALSE,FALSE,W912UM Won
24893558,TRUE,TRUE,FALSE,FALSE,W912UM Won
24893662,TRUE,TRUE,FALSE,FALSE,W912UM Won
26328712,TRUE,TRUE,FALSE,FALSE,W912UM Won
25582276,TRUE,TRUE,FALSE,FALSE,W912UM Won
24892246,TRUE,TRUE,FALSE,FALSE,W912UM Won
8496653,TRUE,TRUE,FALSE,FALSE,W912UM Won
24893001,TRUE,TRUE,FALSE,FALSE,W912UM Won
24893204,TRUE,TRUE,FALSE,FALSE,W912UM Won
24893340,TRUE,TRUE,FALSE,FALSE,W912UM Won
24893108,TRUE,TRUE,FALSE,FALSE,W912UM Won
27507241,TRUE,TRUE,FALSE,FALSE,W912UM Won
26435866,TRUE,TRUE,FALSE,FALSE,W912UM Won
8496313,TRUE,TRUE,TRUE,FALSE,W912UM Won
24893005,TRUE,TRUE,FALSE,FALSE,W912UM Won
24893294,TRUE,TRUE,TRUE,FALSE,W912UM Won
26328728,TRUE,TRUE,FALSE,FALSE,W912UM Won
27546894,TRUE,TRUE,FALSE,FALSE,W912UM Won
24893109,TRUE,TRUE,TRUE,FALSE,W912UM Won
24892767,TRUE,TRUE,TRUE,FALSE,W912UM Won
26435874,TRUE,TRUE,FALSE,FALSE,W912UM Won
24892406,TRUE,TRUE,FALSE,FALSE,W912UM Won
24893291,TRUE,TRUE,FALSE,FALSE,W912UM Won
27403802,TRUE,TRUE,FALSE,FALSE,W912UM Won
25582249,TRUE,TRUE,TRUE,FALSE,W912UM Won
24893129,TRUE,TRUE,TRUE,FALSE,W912UM Won
24893004,TRUE,TRUE,FALSE,FALSE,W912UM Won
24893393,TRUE,TRUE,FALSE,FALSE,W912UM Won
8496522,TRUE,TRUE,TRUE,FALSE,W912UM Won
24893110,TRUE,TRUE,FALSE,FALSE,W912UM Won
24893413,TRUE,TRUE,FALSE,FALSE,W912UM Won
24893167,TRUE,TRUE,FALSE,FALSE,W912UM Won
8496492,TRUE,TRUE,FALSE,FALSE,W912UM Won
24892285,TRUE,TRUE,TRUE,FALSE,W912UM Won
26328714,TRUE,TRUE,FALSE,FALSE,W912UM Won
24893300,TRUE,TRUE,FALSE,FALSE,W912UM Won
24893056,TRUE,TRUE,FALSE,FALSE,W912UM Won
24893297,TRUE,TRUE,FALSE,FALSE,W912UM Won
8496314,TRUE,TRUE,TRUE,FALSE,W912UM Won
25582263,TRUE,TRUE,TRUE,FALSE,W912UM Won
26435876,TRUE,TRUE,FALSE,FALSE,W912UM Won
28242236,TRUE,TRUE,FALSE,FALSE,W912UM Won
24893036,TRUE,TRUE,FALSE,FALSE,W912UM Won
24892754,TRUE,TRUE,FALSE,FALSE,W912UM Won
24892342,TRUE,TRUE,TRUE,FALSE,W912UM Won
24892300,TRUE,TRUE,TRUE,FALSE,W912UM Won
24892335,TRUE,TRUE,FALSE,FALSE,W912UM Won
24893192,TRUE,TRUE,FALSE,FALSE,W912UM Won
26435858,TRUE,TRUE,FALSE,FALSE,W912UM Won
24893557,TRUE,TRUE,FALSE,FALSE,W912UM Won
24893188,TRUE,TRUE,TRUE,FALSE,W912UM Won
8496302,TRUE,TRUE,TRUE,FALSE,W912UM Won
8496296,TRUE,TRUE,TRUE,FALSE,W912UM Won
24893003,TRUE,TRUE,FALSE,FALSE,W912UM Won
24893261,TRUE,TRUE,FALSE,FALSE,W912UM Won
24893157,TRUE,TRUE,FALSE,FALSE,W912UM Won
26328648,TRUE,TRUE,FALSE,FALSE,W912UM Won
24892308,TRUE,TRUE,FALSE,FALSE,W912UM Won
24893335,TRUE,TRUE,FALSE,FALSE,W912UM Won
24893366,TRUE,TRUE,FALSE,FALSE,W912UM Won
8496544,TRUE,TRUE,FALSE,FALSE,W912UM Won
24893635,TRUE,TRUE,FALSE,FALSE,W912UM Won
24893278,TRUE,TRUE,FALSE,FALSE,W912UM Won
24893299,TRUE,TRUE,FALSE,FALSE,W912UM Won
24893277,TRUE,TRUE,TRUE,FALSE,W912UM Won
26328672,TRUE,TRUE,FALSE,FALSE,W912UM Won
24893382,TRUE,TRUE,FALSE,FALSE,W912UM Won
24893314,TRUE,TRUE,FALSE,FALSE,W912UM Won
24893371,TRUE,TRUE,FALSE,FALSE,W912UM Won
24893417,TRUE,TRUE,FALSE,FALSE,W912UM Won
24893026,TRUE,TRUE,TRUE,FALSE,W912UM Won
24893406,TRUE,TRUE,FALSE,FALSE,W912UM Won
24892441,TRUE,TRUE,FALSE,FALSE,W912UM Won
24893159,TRUE,TRUE,FALSE,FALSE,W912UM Won
24892524,TRUE,TRUE,FALSE,FALSE,W912UM Won
24892973,TRUE,TRUE,FALSE,FALSE,W912UM Won
24893362,TRUE,TRUE,FALSE,FALSE,W912UM Won
24893223,TRUE,TRUE,FALSE,FALSE,W912UM Won
24893353,TRUE,TRUE,FALSE,FALSE,W912UM Won
8496406,TRUE,TRUE,FALSE,FALSE,W912UM Won
24893130,TRUE,TRUE,TRUE,FALSE,W912UM Won
24893051,TRUE,TRUE,FALSE,FALSE,W912UM Won
8496648,TRUE,TRUE,FALSE,FALSE,W912UM Won
8496659,TRUE,TRUE,FALSE,FALSE,W912UM Won
24892526,TRUE,TRUE,FALSE,FALSE,W912UM Won
26435877,TRUE,TRUE,FALSE,FALSE,W912UM Won
24893636,TRUE,TRUE,FALSE,FALSE,W912UM Won
24893367,TRUE,TRUE,FALSE,FALSE,W912UM Won
24893213,TRUE,TRUE,FALSE,FALSE,W912UM Won
26435845,TRUE,TRUE,FALSE,FALSE,W912UM Won
24893251,TRUE,TRUE,TRUE,FALSE,W912UM Won
26435861,TRUE,TRUE,FALSE,FALSE,W912UM Won
24893422,TRUE,TRUE,FALSE,FALSE,W912UM Won
24892440,TRUE,TRUE,FALSE,FALSE,W912UM Won
24892988,TRUE,TRUE,FALSE,FALSE,W912UM Won
28553216,TRUE,TRUE,FALSE,FALSE,W912UM Won
24893208,TRUE,TRUE,FALSE,FALSE,W912UM Won
24892449,TRUE,TRUE,FALSE,FALSE,W912UM Won
24893286,TRUE,TRUE,FALSE,FALSE,W912UM Won
26328675,TRUE,TRUE,FALSE,FALSE,W912UM Won
24892336,TRUE,TRUE,FALSE,FALSE,W912UM Won
26328744,TRUE,TRUE,FALSE,FALSE,W912UM Won
24893333,TRUE,TRUE,FALSE,FALSE,W912UM Won
24893401,TRUE,TRUE,TRUE,FALSE,W912UM Won
26374491,TRUE,TRUE,FALSE,FALSE,W912UM Won
24893322,TRUE,TRUE,FALSE,FALSE,W912UM Won
24893076,TRUE,TRUE,FALSE,FALSE,W912UM Won
24893649,TRUE,TRUE,FALSE,FALSE,W912UM Won
24892261,TRUE,TRUE,FALSE,FALSE,W912UM Won
24893181,TRUE,TRUE,FALSE,FALSE,W912UM Won
8496316,TRUE,TRUE,FALSE,FALSE,W912UM Won
8496488,TRUE,TRUE,TRUE,FALSE,W912UM Won
24893398,TRUE,TRUE,FALSE,FALSE,W912UM Won
8496315,TRUE,TRUE,TRUE,FALSE,W912UM Won
8496668,TRUE,TRUE,FALSE,FALSE,W912UM Won
24892348,TRUE,TRUE,FALSE,FALSE,W912UM Won
24893377,TRUE,TRUE,FALSE,FALSE,W912UM Won
24893183,TRUE,TRUE,FALSE,FALSE,W912UM Won
26328708,TRUE,TRUE,FALSE,FALSE,W912UM Won
24892993,TRUE,TRUE,FALSE,FALSE,W912UM Won
24892345,TRUE,TRUE,TRUE,FALSE,W912UM Won
24893390,TRUE,TRUE,FALSE,FALSE,W912UM Won
26328709,TRUE,TRUE,FALSE,FALSE,W912UM Won
60441654,TRUE,TRUE,FALSE,FALSE,W912UM Won
8496431,TRUE,TRUE,FALSE,FALSE,W912UM Won
24893392,TRUE,TRUE,FALSE,FALSE,W912UM Won
24893400,TRUE,TRUE,FALSE,FALSE,W912UM Won
24893269,TRUE,TRUE,FALSE,FALSE,W912UM Won
24893162,TRUE,TRUE,FALSE,FALSE,W912UM Won
24893337,TRUE,TRUE,FALSE,FALSE,W912UM Won
24893017,TRUE,TRUE,FALSE,FALSE,W912UM Won
26435835,TRUE,TRUE,FALSE,FALSE,W912UM Won
24893399,TRUE,TRUE,FALSE,FALSE,W912UM Won
26328729,TRUE,TRUE,FALSE,FALSE,W912UM Won
24893292,TRUE,TRUE,FALSE,FALSE,W912UM Won
24893041,TRUE,TRUE,TRUE,FALSE,W912UM Won
8496466,TRUE,FALSE,FALSE,TRUE,W912UM Won
24893154,TRUE,TRUE,FALSE,FALSE,W912UM Won
24893135,TRUE,TRUE,FALSE,FALSE,W912UM Won
8496667,TRUE,TRUE,FALSE,FALSE,W912UM Won
24892292,TRUE,TRUE,FALSE,FALSE,W912UM Won
8496332,TRUE,TRUE,FALSE,FALSE,W912UM Won
8496319,TRUE,TRUE,FALSE,FALSE,W912UM Won
24893415,TRUE,TRUE,FALSE,FALSE,W912UM Won
24892247,TRUE,TRUE,FALSE,FALSE,W912UM Won
24893665,TRUE,TRUE,FALSE,FALSE,W912UM Won
24892992,TRUE,TRUE,FALSE,FALSE,W912UM Won
24893177,TRUE,TRUE,FALSE,FALSE,W912UM Won
24893640,TRUE,TRUE,FALSE,FALSE,W912UM Won
24893418,TRUE,TRUE,FALSE,FALSE,W912UM Won
25582256,TRUE,TRUE,FALSE,FALSE,W912UM Won
24892297,TRUE,TRUE,FALSE,FALSE,W912UM Won
26435870,TRUE,TRUE,FALSE,FALSE,W912UM Won
26328633,TRUE,TRUE,FALSE,FALSE,W912UM Won
8496480,TRUE,TRUE,TRUE,FALSE,W912UM Won
24893354,TRUE,TRUE,FALSE,FALSE,W912UM Won
24893426,TRUE,TRUE,FALSE,FALSE,W912UM Won
24893189,TRUE,TRUE,FALSE,FALSE,W912UM Won
24893563,TRUE,TRUE,FALSE,FALSE,W912UM Won
8496652,TRUE,TRUE,FALSE,FALSE,W912UM Won
27507239,TRUE,FALSE,FALSE,TRUE,W912UM Won
24893034,TRUE,TRUE,FALSE,FALSE,W912UM Won
24892350,TRUE,TRUE,TRUE,FALSE,W912UM Won
26435873,TRUE,TRUE,FALSE,FALSE,W912UM Won
26328738,TRUE,TRUE,FALSE,FALSE,W912UM Won
24893386,TRUE,TRUE,FALSE,FALSE,W912UM Won
24893121,TRUE,TRUE,FALSE,FALSE,W912UM Won
24893160,TRUE,TRUE,FALSE,FALSE,W912UM Won
24893115,TRUE,TRUE,TRUE,FALSE,W912UM Won
24893661,TRUE,TRUE,FALSE,FALSE,W912UM Won
26328647,TRUE,TRUE,FALSE,FALSE,W912UM Won
24893416,TRUE,TRUE,FALSE,FALSE,W912UM Won
24893394,TRUE,TRUE,FALSE,FALSE,W912UM Won
24893133,TRUE,TRUE,TRUE,FALSE,W912UM Won
24893142,TRUE,TRUE,FALSE,FALSE,W912UM Won
24892347,TRUE,TRUE,TRUE,FALSE,W912UM Won
24892401,TRUE,TRUE,FALSE,FALSE,W912UM Won
8496528,TRUE,TRUE,TRUE,FALSE,W912UM Won
24892512,TRUE,TRUE,FALSE,FALSE,W912UM Won
24893114,TRUE,TRUE,TRUE,FALSE,W912UM Won
24893651,TRUE,TRUE,FALSE,FALSE,W912UM Won
24893217,TRUE,TRUE,FALSE,FALSE,W912UM Won
24893226,TRUE,TRUE,TRUE,FALSE,W912UM Won
24892980,TRUE,TRUE,FALSE,FALSE,W912UM Won
24893387,TRUE,TRUE,FALSE,FALSE,W912UM Won
24893561,TRUE,TRUE,FALSE,FALSE,W912UM Won
24892772,TRUE,TRUE,FALSE,FALSE,W912UM Won
24893569,TRUE,TRUE,FALSE,FALSE,W912UM Won
24893012,TRUE,TRUE,FALSE,FALSE,W912UM Won
8496520,TRUE,TRUE,TRUE,FALSE,W912UM Won
24893290,TRUE,TRUE,TRUE,FALSE,W912UM Won
24893343,TRUE,TRUE,FALSE,FALSE,W912UM Won
26374473,TRUE,TRUE,FALSE,FALSE,W912UM Won
24893311,TRUE,TRUE,FALSE,FALSE,W912UM Won
24893350,TRUE,TRUE,FALSE,FALSE,W912UM Won
24892762,TRUE,TRUE,FALSE,FALSE,W912UM Won
26328649,TRUE,TRUE,FALSE,FALSE,W912UM Won
24893565,TRUE,TRUE,FALSE,FALSE,W912UM Won
24892402,TRUE,TRUE,FALSE,FALSE,W912UM Won
26328737,TRUE,TRUE,FALSE,FALSE,W912UM Won
26328732,TRUE,TRUE,FALSE,FALSE,W912UM Won
26328734,TRUE,TRUE,FALSE,FALSE,W912UM Won
26328683,TRUE,TRUE,FALSE,FALSE,W912UM Won
26328678,TRUE,TRUE,FALSE,FALSE,W912UM Won
26328684,TRUE,TRUE,FALSE,FALSE,W912UM Won
26328677,TRUE,TRUE,FALSE,FALSE,W912UM Won
26328680,TRUE,TRUE,FALSE,FALSE,W912UM Won
26328731,TRUE,TRUE,FALSE,FALSE,W912UM Won
26328674,TRUE,TRUE,FALSE,FALSE,W912UM Won
24893205,TRUE,TRUE,FALSE,FALSE,W912UM Won
24892991,FALSE,FALSE,TRUE,FALSE,W912UM Won
24893247,FALSE,FALSE,TRUE,FALSE,W912UM Won
24893242,FALSE,FALSE,TRUE,FALSE,W912UM Won
24893210,FALSE,FALSE,TRUE,FALSE,W912UM Won
8496485,FALSE,FALSE,TRUE,FALSE,W912UM Won
24893187,FALSE,FALSE,TRUE,FALSE,W912UM Won
8496495,FALSE,FALSE,TRUE,FALSE,W912UM Won
24893079,FALSE,FALSE,TRUE,FALSE,W912UM Won
27522812,FALSE,FALSE,FALSE,TRUE,W912UM Won
