fk_DefenseP1_AccountDSI,FK,budget,DefenseP1,AccountDSI,varchar,5,budget,AccountDSI,AccountDSI
fk_DefenseP1_BSA,FK,budget,DefenseP1,AccountDSI,varchar,5,budget,BSA,AccountDSI
fk_DefenseP1_BudgetActivity,FK,budget,DefenseP1,AccountDSI,varchar,5,budget,BudgetActivity,AccountDSI
fk_DefenseP1_CostType,FK,budget,DefenseP1,AccountDSI,varchar,5,budget,CostType,AccountDSI
fk_DefenseP1_LineItem,FK,budget,DefenseP1,AccountDSI,varchar,5,Project,LineItem,AccountDSI
fk_DefenseP1_DefenseOrganization,FK,budget,DefenseP1,DefenseOrganization,varchar,5,agency,DefenseOrganization,DefenseOrganization
fk_DefenseP1_BSA,FK,budget,DefenseP1,BudgetActivity,smallint,NULL,budget,BSA,BudgetActivity
fk_DefenseP1_BudgetActivity,FK,budget,DefenseP1,BudgetActivity,smallint,NULL,budget,BudgetActivity,BudgetActivity
fk_DefenseP1_LineItem,FK,budget,DefenseP1,BudgetActivity,smallint,NULL,Project,LineItem,BudgetActivity
fk_DefenseP1_BSA,FK,budget,DefenseP1,BSA,smallint,NULL,budget,BSA,BSA
fk_DefenseP1_LineItem,FK,budget,DefenseP1,BSA,smallint,NULL,Project,LineItem,BSA
fk_DefenseP1_LineItem,FK,budget,DefenseP1,LineItem,varchar,10,Project,LineItem,LineItem
fk_DefenseP1_CostType,FK,budget,DefenseP1,CostType,varchar,1,budget,CostType,CostType
fk_Contract_ReferencedIDVFPDSgov_IDVtype,FK,Contract,ReferencedIDVFPDSgov,IDVtype,varchar,41,FPDSTypeTable,ContractActionType,contractactiontype
fk_ReferencedIDVFPDSgov_CSISidvmodificationID,FK,Contract,ReferencedIDVFPDSgov,CSISidvmodificationID,int,NULL,Contract,CSISidvmodificationID,CSISidvmodificationID
fk_ProgramElementNumber_DefenseServiceIdentifier,FK,Project,ProgramElementNumber,DefenseServiceIdentifier,varchar,3,agency,DefenseServiceIdentifier,DefenseServiceIdentifier
fk_ProgramElement_DefenseServiceIdentifier,FK,Project,ProgramElement,DefenseServiceIdentifier,varchar,3,agency,DefenseServiceIdentifier,DefenseServiceIdentifier
fk_ProgramElement_ProgramElementNumber,FK,Project,ProgramElement,ProgramElementNumber,int,NULL,Project,ProgramElementNumber,ProgramElementNumber
fk_DefenseR1_AccountDSI,FK,budget,DefenseR1,AccountDSI,varchar,5,budget,AccountDSI,AccountDSI
fk_DefenseR1_BudgetActivity,FK,budget,DefenseR1,AccountDSI,varchar,5,budget,BudgetActivity,AccountDSI
fk_DefenseR1_DefenseOrganization,FK,budget,DefenseR1,DefenseOrganization,varchar,5,agency,DefenseOrganization,DefenseOrganization
fk_DefenseR1_BudgetActivity,FK,budget,DefenseR1,BudgetActivity,smallint,NULL,budget,BudgetActivity,BudgetActivity
FK_ProgramElement,FK,budget,DefenseR1,ProgramElement,varchar,10,Project,ProgramElement,ProgramElement
FK__FPDSViola__CSISt__7F21C18E,FK,ErrorLogging,LegacyFPDSstage2,CSIStransactionID,int,NULL,Contract,CSIStransactionID,CSIStransactionID
FK__Unlabeled__CSISt__78FED3E4,FK,Contract,UnlabeledDunsnumberCSIStransactionIDentityID,CSIStransactionID,int,NULL,Contract,CSIStransactionID,CSIStransactionID
fk_ProgramElementToRDTEidHistory,FK,Project,ProgramElementBudgetActivityToRDTEidHistory,ProgramElement,varchar,10,Project,ProgramElement,ProgramElement
fk_ProgramElementBudgetActivityToRDTEidHistory_BudgetActivity,FK,Project,ProgramElementBudgetActivityToRDTEidHistory,AccountDSI,varchar,5,budget,BudgetActivity,AccountDSI
fk_ProgramElementBudgetActivityToRDTEidHistory_BudgetActivity,FK,Project,ProgramElementBudgetActivityToRDTEidHistory,BudgetActivity,smallint,NULL,budget,BudgetActivity,BudgetActivity
fk_ProgramElementToRDTEidHistory_RDTEid,FK,Project,ProgramElementBudgetActivityToRDTEidHistory,RDTEid,int,NULL,Project,RDTEid,RDTEid
fk_SourceSubcategory_SourceCategoryCode,FK,budget,SourceCategoryCode,SourceCategoryCode,smallint,NULL,budget,SourceCategoryCode,SourceCategoryCode
FK__OMBagency__Fundi__24FD51B3,FK,agency,OMBagencyCode,FundingAgencyID,varchar,4,FPDSTypeTable,AgencyID,AgencyID
FK__OMBagency__Imple__25F175EC,FK,agency,OMBagencyCode,ImplementingAgencyID,varchar,4,FPDSTypeTable,AgencyID,AgencyID
fk_Receipt_SourceCategoryCode,FK,budget,Receipt,SourceCategoryCode,smallint,NULL,budget,SourceCategoryCode,SourceCategoryCode
fk_Receipt_SourceSubcategory,FK,budget,Receipt,SourceCategoryCode,smallint,NULL,budget,SourceSubcategory,SourceCategoryCode
fk_Receipt_SourceSubcategory,FK,budget,Receipt,SourceSubcategory,smallint,NULL,budget,SourceSubcategory,SourceSubcategory
fk_Receipt_BureauCode,FK,budget,Receipt,AgencyCode,smallint,NULL,agency,BureauCode,OMBagencyCode
fk_Receipt_OMBagencyCode,FK,budget,Receipt,AgencyCode,smallint,NULL,agency,OMBagencyCode,OMBagencyCode
fk_Receipt_BureauCode,FK,budget,Receipt,BureauCode,smallint,NULL,agency,BureauCode,BureauCode
fk_Receipt_OMBaccountCode,FK,budget,Receipt,TreasuryAgencycode,smallint,NULL,budget,OMBaccountCode,TreasuryAgencyCode
fk_Receipts_TreasuryAgencyCode,FK,budget,Receipt,TreasuryAgencycode,smallint,NULL,agency,TreasuryAgencyCode,TreasuryAgencyCode
fk_Receipt_OMBaccountCode,FK,budget,Receipt,OMBaccountCode,varchar,6,budget,OMBaccountCode,OMBaccountCode
fk_OMBaccountCode_MainAccountCode,FK,budget,OMBaccountCode,mainaccountcode,smallint,NULL,budget,MainAccountCode,MainAccountCode
fk_OMBaccountCode_SubAccountCode,FK,budget,OMBaccountCode,mainaccountcode,smallint,NULL,budget,SubAccountCode,MainAccountCode
fk_OMBaccountCode_SubAccountCode,FK,budget,OMBaccountCode,subaccountcode,smallint,NULL,budget,SubAccountCode,SubAccountCode
fk_OMBaccountCode_MainAccountCode,FK,budget,OMBaccountCode,TreasuryAgencyCode,smallint,NULL,budget,MainAccountCode,TreasuryAgencyCode
fk_OMBaccountCode_SubAccountCode,FK,budget,OMBaccountCode,TreasuryAgencyCode,smallint,NULL,budget,SubAccountCode,TreasuryAgencyCode
fk_OMBaccountCode_TreasuryAgencyCode,FK,budget,OMBaccountCode,TreasuryAgencyCode,smallint,NULL,agency,TreasuryAgencyCode,TreasuryAgencyCode
FK_office_FPDScontractingOfficeCode_departmentid,FK,Office,FPDScontractingOfficeCode,DepartmentID,varchar,4,FPDSTypeTable,AgencyID,AgencyID
FK_office_FPDScontractingOfficeCode_agencyid,FK,Office,FPDScontractingOfficeCode,AgencyID,varchar,4,FPDSTypeTable,AgencyID,AgencyID
fk_BudgetAuthority_BureauCode,FK,budget,BudgetAuthority,AgencyCode,smallint,NULL,agency,BureauCode,OMBagencyCode
fk_BudgetAuthority_OMBagencyCode,FK,budget,BudgetAuthority,AgencyCode,smallint,NULL,agency,OMBagencyCode,OMBagencyCode
fk_BudgetAuthority_BureauCode,FK,budget,BudgetAuthority,BureauCode,smallint,NULL,agency,BureauCode,BureauCode
fk_BudgetAuthority_OMBaccountCode,FK,budget,BudgetAuthority,TreasuryAgencyCode,smallint,NULL,budget,OMBaccountCode,TreasuryAgencyCode
fk_BudgetAuthority_TreasuryAgencyCode,FK,budget,BudgetAuthority,TreasuryAgencyCode,smallint,NULL,agency,TreasuryAgencyCode,TreasuryAgencyCode
fk_BudgetAuthority_OMBaccountCode,FK,budget,BudgetAuthority,OMBaccountCode,varchar,6,budget,OMBaccountCode,OMBaccountCode
fk_BudgetAuthority_SubFunctionCode,FK,budget,BudgetAuthority,SubfunctionCode,smallint,NULL,budget,SubFunctionCode,SubfunctionCode
fk_Outlay_BureauCode,FK,budget,Outlay,AgencyCode,smallint,NULL,agency,BureauCode,OMBagencyCode
fk_Outlay_OMBagencyCode,FK,budget,Outlay,AgencyCode,smallint,NULL,agency,OMBagencyCode,OMBagencyCode
fk_Outlay_BureauCode,FK,budget,Outlay,BureauCode,smallint,NULL,agency,BureauCode,BureauCode
fk_Outlay_SubFunctionCode,FK,budget,Outlay,SubfunctionCode,smallint,NULL,budget,SubFunctionCode,SubfunctionCode
fk_Outlay_OMBaccountCode,FK,budget,Outlay,TreasuryAgencyCode,smallint,NULL,budget,OMBaccountCode,TreasuryAgencyCode
fk_Outlay_TreasuryAgencyCode,FK,budget,Outlay,TreasuryAgencyCode,smallint,NULL,agency,TreasuryAgencyCode,TreasuryAgencyCode
fk_Outlay_OMBaccountCode,FK,budget,Outlay,OMBaccountCode,varchar,6,budget,OMBaccountCode,OMBaccountCode
fk_Outlay_BureauCode,FK,budget,Outlay,AgencyCode,varchar,3,agency,BureauCode,OMBagencyCode
fk_Outlay_OMBagencyCode,FK,budget,Outlay,AgencyCode,varchar,3,agency,OMBagencyCode,OMBagencyCode
fk_Outlay_BureauCode,FK,budget,Outlay,BureauCode,varchar,2,agency,BureauCode,BureauCode
fk_Outlay_OMBaccountCode,FK,budget,Outlay,TreasuryAgencyCode,varchar,2,budget,OMBaccountCode,TreasuryAgencyCode
fk_Outlay_TreasuryAgencyCode,FK,budget,Outlay,TreasuryAgencyCode,varchar,2,agency,TreasuryAgencyCode,TreasuryAgencyCode
fk_Outlay_SubFunctionCode,FK,budget,Outlay,SubfunctionCode,varchar,3,budget,SubFunctionCode,SubfunctionCode
FK__SOURCE_OF__Fundi__2D9297B4,FK,agency,SOURCE_OF_APPN_AGENCY,FundingAgencyID,varchar,4,FPDSTypeTable,AgencyID,AgencyID
FK__SOURCE_OF__Imple__2E86BBED,FK,agency,SOURCE_OF_APPN_AGENCY,ImplementingAgencyID,varchar,4,FPDSTypeTable,AgencyID,AgencyID
fk_BureauCode_OMBagencyCode,FK,agency,BureauCode,OMBagencyCode,smallint,NULL,agency,OMBagencyCode,OMBagencyCode
FK_Agency_OMBagencyCodeBureauCode_ImplementingAgencyID,FK,agency,BureauCode,implementingagencyid,varchar,4,FPDSTypeTable,AgencyID,AgencyID
FK__OMBagency__Fundi__29C206D0,FK,agency,BureauCode,FundingAgencyID,varchar,4,FPDSTypeTable,AgencyID,AgencyID
fk_Receipt_SourceCategoryCode,FK,budget,Receipt,SourceCategoryCode,smallint,NULL,budget,SourceCategoryCode,SourceCategoryCode
fk_Receipt_SourceSubcategory,FK,budget,Receipt,SourceCategoryCode,smallint,NULL,budget,SourceSubcategory,SourceCategoryCode
fk_Receipt_SourceSubcategory,FK,budget,Receipt,SourceSubcategory,smallint,NULL,budget,SourceSubcategory,SourceSubcategory
fk_Receipt_BureauCode,FK,budget,Receipt,AgencyCode,smallint,NULL,agency,BureauCode,OMBagencyCode
fk_Receipt_OMBagencyCode,FK,budget,Receipt,AgencyCode,smallint,NULL,agency,OMBagencyCode,OMBagencyCode
fk_Receipt_BureauCode,FK,budget,Receipt,BureauCode,smallint,NULL,agency,BureauCode,BureauCode
fk_Receipt_OMBaccountCode,FK,budget,Receipt,TreasuryAgencycode,varchar,3,budget,OMBaccountCode,TreasuryAgencyCode
fk_Receipts_TreasuryAgencyCode,FK,budget,Receipt,TreasuryAgencycode,varchar,3,agency,TreasuryAgencyCode,TreasuryAgencyCode
fk_BudgetAuthority_BureauCode,FK,budget,BudgetAuthority,AgencyCode,varchar,3,agency,BureauCode,OMBagencyCode
fk_BudgetAuthority_OMBagencyCode,FK,budget,BudgetAuthority,AgencyCode,varchar,3,agency,OMBagencyCode,OMBagencyCode
fk_BudgetAuthority_BureauCode,FK,budget,BudgetAuthority,BureauCode,smallint,NULL,agency,BureauCode,BureauCode
fk_BudgetAuthority_OMBaccountCode,FK,budget,BudgetAuthority,TreasuryAgencyCode,varchar,2,budget,OMBaccountCode,TreasuryAgencyCode
fk_BudgetAuthority_TreasuryAgencyCode,FK,budget,BudgetAuthority,TreasuryAgencyCode,varchar,2,agency,TreasuryAgencyCode,TreasuryAgencyCode
fk_BudgetAuthority_SubFunctionCode,FK,budget,BudgetAuthority,SubfunctionCode,varchar,3,budget,SubFunctionCode,SubfunctionCode
FK__UniqueTra__CSISc__179934F4,FK,Contract,PrimeAwardReportID,CSIScontractID,int,NULL,Contract,CSIScontractID,CSIScontractID
fk_Contract_FSRS_PrimeAwardReportID,FK,Contract,FSRS,PrimeAwardReportID,varchar,38,Contract,PrimeAwardReportID,PrimeAwardReportID
fk_Contract_FSRS_PrimeAwardPrincipalPlaceCountry,FK,Contract,FSRS,PrimeAwardPrincipalPlaceCountry,varchar,3,FPDSTypeTable,Country3LetterCode,Country3LetterCode
fk_FSRS_PrimeAwardeeParentDuns,FK,Contract,FSRS,PrimeAwardeeParentDuns,varchar,13,Contractor,Dunsnumber,DUNSnumber
fk_Contract_FSRS,FK,Contract,FSRS,PrimeAwardContractingAgencyID,varchar,4,FPDSTypeTable,AgencyID,AgencyID
fk_FSRS_SubawardeeDunsnumber,FK,Contract,FSRS,SubawardeeDunsnumber,varchar,13,Contractor,Dunsnumber,DUNSnumber
fk_FSRS_SubawardeeCountrycode,FK,Contract,FSRS,SubawardeeCountrycode,varchar,3,FPDSTypeTable,Country3LetterCode,Country3LetterCode
fk_FSRS_SubawardPrincipalPlaceCountry,FK,Contract,FSRS,SubawardPrincipalPlaceCountry,varchar,3,FPDSTypeTable,Country3LetterCode,Country3LetterCode
fk_FSRS_SubawardeeParentDuns,FK,Contract,FSRS,SubawardeeParentDuns,varchar,13,Contractor,Dunsnumber,DUNSnumber
fk_Location_CCC_DUNS_to_StdTopContractor,FK,Location,CCC_DUNS_to_StdTopContractor,DUNSNumber,varchar,13,Contractor,Dunsnumber,DUNSnumber
FK_Agency_TreasuryAgencyCode_fundingagencyID,FK,agency,TreasuryAgencyCode,FundingAgencyID,varchar,4,FPDSTypeTable,AgencyID,AgencyID
FK_Agency_TreasuryAgencyCode_ImplementingAgencyID,FK,agency,TreasuryAgencyCode,ImplementingAgencyID,varchar,4,FPDSTypeTable,AgencyID,AgencyID
fk_TreasuryAgencyCode_AgencyCode,FK,agency,TreasuryAgencyCode,AgencyCode,smallint,NULL,agency,OMBagencyCode,OMBagencyCode
fk_TreasuryAgencyCode_BureauCode,FK,agency,TreasuryAgencyCode,AgencyCode,smallint,NULL,agency,BureauCode,OMBagencyCode
fk_TreasuryAgencyCode_BureauCode,FK,agency,TreasuryAgencyCode,BureauCode,smallint,NULL,agency,BureauCode,BureauCode
fk_TreasuryAgencyCode_SubFunctionCode,FK,agency,TreasuryAgencyCode,SubfunctionCode,smallint,NULL,budget,SubFunctionCode,SubfunctionCode
fk_location_countryname_country3lettercode,FK,Location,CountryName,Country3LetterCode,varchar,3,FPDSTypeTable,Country3LetterCode,Country3LetterCode
FK__CountryNa__ISOal__232A17DA,FK,Location,CountryName,ISOalpha3,nvarchar,3,Location,CountryCodes,alpha-3
FK__UCDPactor__Geogr__2A962F78,FK,Assistance,UCDPactorID,GeographicISOalpha3,nvarchar,3,Location,CountryCodes,alpha-3
FK__TreasuryA__agenc__230A1C49,FK,FPDSTypeTable,TreasuryAgencyCode,agencyid,varchar,4,FPDSTypeTable,AgencyID,AgencyID
fk_budget_mainaccountcode_treasuryagencycode,FK,budget,MainAccountCode,TreasuryAgencyCode,smallint,NULL,agency,TreasuryAgencyCode,TreasuryAgencyCode
fk_MainAccountCode_FundingAgencyID,FK,budget,MainAccountCode,FundingAgencyID,varchar,4,FPDSTypeTable,AgencyID,AgencyID
fk_MainAccountCode_ImplementingAgencyID,FK,budget,MainAccountCode,ImplementingAgencyID,varchar,4,FPDSTypeTable,AgencyID,AgencyID
fk_MainAccountCode_AgencyCode,FK,budget,MainAccountCode,AgencyCode,smallint,NULL,agency,OMBagencyCode,OMBagencyCode
fk_MainAccountCode_BureauCode,FK,budget,MainAccountCode,AgencyCode,smallint,NULL,agency,BureauCode,OMBagencyCode
fk_MainAccountCode_BureauCode,FK,budget,MainAccountCode,BureauCode,smallint,NULL,agency,BureauCode,BureauCode
fk_MainAccountCode_SubFunctionCode,FK,budget,MainAccountCode,SubfunctionCode,smallint,NULL,budget,SubFunctionCode,SubfunctionCode
FK__ActorText__UCDPa__24DD5622,FK,Assistance,ActorText,UCDPactorID,smallint,NULL,Assistance,UCDPactorID,UCDPactorID
FK__ActorText__ISOal__29A20B3F,FK,Assistance,ActorText,GeographicISOalpha3,nvarchar,3,Location,CountryCodes,alpha-3
FK__ContractiingAgencyIDofficetoMajorCommandID_ContractingOfficeCode,FK,Office,ContractingAgencyIDofficeIDtoMajorCommandIDhistory,ContractingOfficeID,varchar,6,Office,ContractingOfficeCode,ContractingOfficeCode
FK__ContractiingAgencyIDofficetoMajorCommandID__Contr__76625E5B,FK,Office,ContractingAgencyIDofficeIDtoMajorCommandIDhistory,ContractingAgencyID,varchar,4,FPDSTypeTable,AgencyID,AgencyID
FK__FPDSbetaV__CSISt__02F25272,FK,ErrorLogging,FPDSbetaViolatesType,CSIStransactionID,int,NULL,Contract,CSIStransactionID,CSIStransactionID
FK__ParentIDH__Entit__48076225,FK,Vendor,ParentIDHistory,EntitySizeCode,varchar,1,Vendor,EntitySizeCode,EntitySizeCode
FK__ContractA__award__0268428D,FK,FPDSTypeTable,ContractActionType,award_type_code,varchar,1,FPDSTypeTable,award_type_code,award_type_code
fk_fpdstypetable_contractactiontype_idv_type_code,FK,FPDSTypeTable,ContractActionType,idv_type_code,varchar,1,FPDSTypeTable,idv_type_code,idv_type_code
fk_SiliconValley_VendorName,FK,Vendor,SiliconValley,VendorName,nvarchar,150,Vendor,VendorName,vendorname
fk_SiliconValley_StandardizedVendorName,FK,Vendor,SiliconValley,StandardizedVendorName,nvarchar,150,Vendor,VendorName,vendorname
FK__SiliconVa__Paren__34B4968F,FK,Vendor,SiliconValley,ParentID,nvarchar,255,Contractor,ParentContractor,ParentID
fk_budget_subaccountcode_mainaccountcode_treasuryagencycode,FK,budget,SubAccountCode,TreasuryAgencyCode,smallint,NULL,budget,MainAccountCode,TreasuryAgencyCode
fk_budget_subaccountcode_mainaccountcode_treasuryagencycode,FK,budget,SubAccountCode,MainAccountCode,smallint,NULL,budget,MainAccountCode,MainAccountCode
fk_SubAccountCode_FundingAgencyID,FK,budget,SubAccountCode,FundingAgencyID,varchar,4,FPDSTypeTable,AgencyID,AgencyID
fk_SubAccountCode_ImplementingAgencyID,FK,budget,SubAccountCode,ImplementingAgencyID,varchar,4,FPDSTypeTable,AgencyID,AgencyID
fk_SubAccountCode_AgencyCode,FK,budget,SubAccountCode,AgencyCode,smallint,NULL,agency,OMBagencyCode,OMBagencyCode
fk_SubAccountCode_BureauCode,FK,budget,SubAccountCode,AgencyCode,smallint,NULL,agency,BureauCode,OMBagencyCode
fk_SubAccountCode_BureauCode,FK,budget,SubAccountCode,BureauCode,smallint,NULL,agency,BureauCode,BureauCode
fk_SubAccountCode_SubFunctionCode,FK,budget,SubAccountCode,SubfunctionCode,smallint,NULL,budget,SubFunctionCode,SubfunctionCode
FK__DSCAbuyer__ISOal__2F5AE495,FK,Assistance,DSCAbuyerCode,GeographicISOalpha3,nvarchar,3,Location,CountryCodes,alpha-3
FK__Dunsnumbe__Paren__7909C0DC,FK,Contractor,Dunsnumber,ParentDUNSnumber,varchar,13,Contractor,Dunsnumber,DUNSnumber
FK__Dunsnumbe__Headq__79FDE515,FK,Contractor,Dunsnumber,HeadquarterCode,varchar,13,Contractor,Dunsnumber,DUNSnumber
FK__Dunsnumbe__Entit__49EFAA97,FK,Contractor,Dunsnumber,EntityID,int,NULL,Vendor,EntityID,EntityID
FK_budget_SOURCE_OF_APPN_SYMBOL_treasuryagencycode_mainaccountcode,FK,budget,SOURCE_OF_APPN_SYMBOL,treasuryagencycode,smallint,NULL,budget,MainAccountCode,TreasuryAgencyCode
FK_budget_SOURCE_OF_APPN_SYMBOL_treasuryagencycode_mainaccountcode,FK,budget,SOURCE_OF_APPN_SYMBOL,mainaccountcode,smallint,NULL,budget,MainAccountCode,MainAccountCode
FK__ContractI__Prima__68343A95,FK,Contract,ContractIDtoSystemEquipmentCodeWeak,PrimaryProjectID,int,NULL,Project,ProjectID,ProjectID
FK__ContractI__Contr__69285ECE,FK,Contract,ContractIDtoSystemEquipmentCodeWeak,ContractLabelID,int,NULL,Contract,ContractLabelID,ContractLabelID
fk_vendorname_ParentID,FK,Vendor,VendorName,parentid,nvarchar,255,Contractor,ParentContractor,ParentID
FK_vendorname_standardizedvendorname,FK,Vendor,VendorName,standardizedvendorname,nvarchar,150,Vendor,VendorName,vendorname
FK__VendorNam__Entit__4AE3CED0,FK,Vendor,VendorName,EntityID,int,NULL,Vendor,EntityID,EntityID
FK__CCCContra__CSISc__09801FC7,FK,Location,CCCContractIDtoVendorName,CSIScontractID,int,NULL,Contract,CSIScontractID,CSIScontractID
FK__CCCContra__CSISi__0A744400,FK,Location,CCCContractIDtoVendorName,CSISidvpiidID,int,NULL,Contract,CSISidvpiidID,CSISidvpiidID
FK_budget_gwa_tas_treasuryagencycode_mainaccountcode_subaccountcode,FK,budget,gwa_tas,aid,smallint,NULL,budget,SubAccountCode,TreasuryAgencyCode
FK_budget_gwa_treasuryagencycode_mainaccountcode_subaccountcode,FK,budget,gwa_tas,aid,smallint,NULL,budget,SubAccountCode,TreasuryAgencyCode
FK_budget_gwa_tas_treasuryagencycode_mainaccountcode_subaccountcode,FK,budget,gwa_tas,main,smallint,NULL,budget,SubAccountCode,MainAccountCode
FK_budget_gwa_treasuryagencycode_mainaccountcode_subaccountcode,FK,budget,gwa_tas,main,smallint,NULL,budget,SubAccountCode,MainAccountCode
FK_budget_gwa_tas_treasuryagencycode_mainaccountcode_subaccountcode,FK,budget,gwa_tas,sub,smallint,NULL,budget,SubAccountCode,SubAccountCode
FK_budget_gwa_treasuryagencycode_mainaccountcode_subaccountcode,FK,budget,gwa_tas,sub,smallint,NULL,budget,SubAccountCode,SubAccountCode
FK_Agency_GWAagencyName_Customer,FK,agency,GWAagencyName,Customer,nvarchar,50,agency,Customer,Customer
FK_Agency_GWAagencyName_Customer_Subcustomer,FK,agency,GWAagencyName,Customer,nvarchar,50,agency,SubCustomer,Customer
FK_Agency_GWAagencyName_Customer_Subcustomer,FK,agency,GWAagencyName,SubCustomer,nvarchar,50,agency,SubCustomer,SubCustomer
FK__FPDSbetaV__CSISt__010A0A00,FK,ErrorLogging,FPDSbetaViolatesConstraint,CSIStransactionID,int,NULL,Contract,CSIStransactionID,CSIStransactionID
FK__EntityID__Parent__4BD7F309,FK,Vendor,EntityID,ParentID,nvarchar,255,Contractor,ParentContractor,ParentID
FK__EntityID__Dunsnu__4CCC1742,FK,Vendor,EntityID,Dunsnumber,varchar,13,Contractor,Dunsnumber,DUNSnumber
FK__EntityID__Vendor__4DC03B7B,FK,Vendor,EntityID,VendorName,nvarchar,150,Vendor,VendorName,vendorname
FK__Recipient__paren__5F29F348,FK,Location,RecipientStateCodeToParentID,parentid,nvarchar,255,Contractor,ParentContractor,ParentID
FK_parentcontractor_parentheadquarterscountrycode,FK,Contractor,ParentContractor,parentheadquarterscountrycode,nvarchar,3,Location,CountryCodes,alpha-3
FK__ParentCon__Entit__48FB865E,FK,Contractor,ParentContractor,EntityID,int,NULL,Vendor,EntityID,EntityID
fk_budget_progsource_mainaccountcode_treasuryagencycode,FK,budget,progsource,treasuryagencycode,smallint,NULL,budget,MainAccountCode,TreasuryAgencyCode
fk_budget_progsource_subaccountcode_mainaccountcode_treasuryagencycode,FK,budget,progsource,treasuryagencycode,smallint,NULL,budget,SubAccountCode,TreasuryAgencyCode
fk_budget_progsource_treasuryagencycode,FK,budget,progsource,treasuryagencycode,smallint,NULL,agency,TreasuryAgencyCode,TreasuryAgencyCode
fk_budget_progsource_mainaccountcode_treasuryagencycode,FK,budget,progsource,mainaccountcode,smallint,NULL,budget,MainAccountCode,MainAccountCode
fk_budget_progsource_subaccountcode_mainaccountcode_treasuryagencycode,FK,budget,progsource,mainaccountcode,smallint,NULL,budget,SubAccountCode,MainAccountCode
fk_budget_progsource_subaccountcode_mainaccountcode_treasuryagencycode,FK,budget,progsource,subaccountcode,smallint,NULL,budget,SubAccountCode,SubAccountCode
FK_ContractIDtoNAICS_principalnaicscode,FK,Contract,ContractIDtoNAICS,principalnaicscode,varchar,6,FPDSTypeTable,PrincipalNaicsCode,principalnaicscode
FK_ContractIDtoNAICS_agencyid,FK,Contract,ContractIDtoNAICS,agencyid,varchar,4,FPDSTypeTable,AgencyID,AgencyID
FK_modificationcodeDD350_reasonformodification,FK,FPDSTypeTable,modificationcodeDD350,reasonformodification,varchar,1,FPDSTypeTable,reasonformodification,reasonformodification
FK__USAIDgree__Agenc__3CD4DB44,FK,agency,USAIDgreenbookAgencyID,AgencyID,varchar,4,FPDSTypeTable,AgencyID,AgencyID
FK_TypeofBusinessDD350_Contractingofficerbusinesssizedetermination,FK,FPDSTypeTable,TypeofBusinessDD350,Contractingofficerbusinesssizedetermination,varchar,1,FPDSTypeTable,contractingofficerbusinesssizedetermination,contractingofficerbusinesssizedetermination
FK__FPDSViola__CSISt__0015E5C7,FK,ErrorLogging,LegacyFPDSstage1,CSIStransactionID,int,NULL,Contract,CSIStransactionID,CSIStransactionID
FK_extentcompetedDD350_extentcompeted,FK,FPDSTypeTable,extentcompetedDD350,extentcompeted,varchar,3,FPDSTypeTable,extentcompeted,extentcompeted
fk_Vendor_GirthDunsnumber_Dunsnumber,FK,Vendor,GirthDunsnumber,Dunsnumber,varchar,13,Contractor,Dunsnumber,DUNSnumber
FK_DunsnumberToParentContractor_Dunsnumber,FK,Contractor,DunsnumberToParentContractorHistory,DUNSnumber,varchar,13,Contractor,Dunsnumber,DUNSnumber
FK_DunsnumberToParentContractor_parentid,FK,Contractor,DunsnumberToParentContractorHistory,ParentID,nvarchar,255,Contractor,ParentContractor,ParentID
fk_DunsnumberToParentContractorHistory_StandardizedTopContractor,FK,Contractor,DunsnumberToParentContractorHistory,StandardizedTopContractor,nvarchar,150,Vendor,VendorName,vendorname
FK_DunsnumberToParentContractor_ParentDunsnumber,FK,Contractor,DunsnumberToParentContractorHistory,Parentdunsnumber,varchar,13,Contractor,Dunsnumber,DUNSnumber
FK__Dunsnumbe__Headq__7AF2094E,FK,Contractor,DunsnumberToParentContractorHistory,HeadquarterCode,varchar,13,Contractor,Dunsnumber,DUNSnumber
FK__Dunsnumbe__Entit__4EB45FB4,FK,Contractor,DunsnumberToParentContractorHistory,EntitySizeCode,varchar,1,Vendor,EntitySizeCode,EntitySizeCode
FK_agency_USAIDgreenbooksubagencyID_USAIDgreenbookAgencyID,FK,agency,USAIDgreenbookSubAgencyID,USAIDgreenbookAgencyID,smallint,NULL,agency,USAIDgreenbookAgencyID,USAIDgreenbookAgencyID
FK__USAIDgree__Fundi__40A56C28,FK,agency,USAIDgreenbookSubAgencyID,FundingAgencyID,varchar,4,FPDSTypeTable,AgencyID,AgencyID
FK__USAIDgree__Imple__41999061,FK,agency,USAIDgreenbookSubAgencyID,ImplementingAgencyID,varchar,4,FPDSTypeTable,AgencyID,AgencyID
FK__DD350__Contracti__3F122971,FK,Contract,DD350,ContractingAgencyId,varchar,4,FPDSTypeTable,AgencyID,AgencyID
pk_contract_DD350_contractingOfficeCode,FK,Contract,DD350,ContractingOfficeCode,varchar,6,Office,ContractingOfficeCode,ContractingOfficeCode
FK_contract_DD350_ContractorIdentificationCode,FK,Contract,DD350,ContractorIdentificationCode,varchar,13,Contractor,Dunsnumber,DUNSnumber
fk_contract_dd350_dunsnumber,FK,Contract,DD350,ContractorIdentificationCode,varchar,13,Contractor,Dunsnumber,DUNSnumber
fk_contract_dd350_headquartercode,FK,Contract,DD350,HeadquarterCode,varchar,13,Contractor,Dunsnumber,DUNSnumber
FK_contract_DD350_UltimateParentCode,FK,Contract,DD350,UltimateParentCode,varchar,13,Contractor,Dunsnumber,DUNSnumber
fk_contract_dd350_ContractorNameAndDivisionName,FK,Contract,DD350,ContractorNameAndDivisionName,nvarchar,150,Vendor,VendorName,vendorname
FK_contract_DD350_productorservicecode,FK,Contract,DD350,productorservicecode,varchar,4,FPDSTypeTable,ProductOrServiceCode,ProductOrServiceCode
FK__DD350__DodClaima__3E1E0538,FK,Contract,DD350,DodClaimantProgramCode,varchar,3,FPDSTypeTable,ClaimantProgramCode,ClaimantProgramCode
FK_contract_DD350_WeaponSystemCode,FK,Contract,DD350,WeaponSystemCode,varchar,4,Project,SystemEquipmentCode,systemequipmentcode
FK_contract_DD350_multipleorsingleawardidc,FK,Contract,DD350,Multipleorsingleawardidc,varchar,1,FPDSTypeTable,multipleorsingleawardidc,multipleorsingleawardidc
FK_contract_DD350_modificationcode,FK,Contract,DD350,ModificationCode,varchar,1,FPDSTypeTable,modificationcodeDD350,modificationcode
FK_contract_DD350_extentcompeted,FK,Contract,DD350,ExtentCompetedDD350,varchar,3,FPDSTypeTable,extentcompetedDD350,extentcompetedDD350
fk__contract_dd350_reasonnotcompeted,FK,Contract,DD350,reasonnotcompeted,varchar,3,FPDSTypeTable,reasonnotcompeted,reasonnotcompeted
FK_contract_DD350_contractfinancing,FK,Contract,DD350,ContractFinancing,varchar,1,FPDSTypeTable,contractfinancing,contractfinancing
FK_contract_DD350_TypeofBusiness,FK,Contract,DD350,TypeOfBusiness,varchar,1,FPDSTypeTable,TypeofBusinessDD350,TypeOfBusiness
FK__DD350__CSIStrans__03E676AB,FK,Contract,DD350,CSIStransactionID,int,NULL,Contract,CSIStransactionID,CSIStransactionID
fk_OverseasLoanOrGrantFundingAccount_AccountCode,FK,GrantLoanAssistance,OverseasLoanOrGrantFundingAccount,TreasuryAgencyCode,smallint,NULL,budget,MainAccountCode,TreasuryAgencyCode
fk_OverseasLoanOrGrantFundingAccount_AccountCode,FK,GrantLoanAssistance,OverseasLoanOrGrantFundingAccount,AccountCode,smallint,NULL,budget,MainAccountCode,MainAccountCode
FK_FPDS_maj_agency_cat,FK,Contract,FPDS,maj_agency_cat,varchar,4,FPDSTypeTable,AgencyID,AgencyID
fk_contract_fpds_Mod_Agency,FK,Contract,FPDS,mod_agency,varchar,4,FPDSTypeTable,AgencyID,AgencyID
FK_FPDS_mod_agency,FK,Contract,FPDS,mod_agency,varchar,4,FPDSTypeTable,AgencyID,AgencyID
FK_FPDS_maj_fund_agency_cat,FK,Contract,FPDS,maj_fund_agency_cat,varchar,4,FPDSTypeTable,AgencyID,AgencyID
FK_FPDS_contractingofficeagencyid,FK,Contract,FPDS,contractingofficeagencyid,varchar,4,FPDSTypeTable,AgencyID,AgencyID
FK_FPDS_contractingofficeid,FK,Contract,FPDS,contractingofficeid,varchar,6,Office,ContractingOfficeCode,ContractingOfficeCode
fk_contract_fpds_ContractingOfficeCodeHistory,FK,Contract,FPDS,contractingofficeid,varchar,6,Office,ContractingOfficeCodeHistory,ContractingOfficeCode
FK_FPDS_fundingrequestingagencyid,FK,Contract,FPDS,fundingrequestingagencyid,varchar,4,FPDSTypeTable,AgencyID,AgencyID
pk_FPDS_contractingOfficeCode,FK,Contract,FPDS,fundingrequestingofficeid,varchar,6,Office,ContractingOfficeCode,ContractingOfficeCode
fk_contract_fpds_contractactiontype,FK,Contract,FPDS,contractactiontype,varchar,41,FPDSTypeTable,ContractActionType,contractactiontype
FK_FPDS_reasonformodification,FK,Contract,FPDS,reasonformodification,varchar,1,FPDSTypeTable,reasonformodification,reasonformodification
fk_contract_fpds_typeofcontractpricing,FK,Contract,FPDS,typeofcontractpricing,varchar,2,FPDSTypeTable,typeofcontractpricing,TypeOfContractPricing
FK_FPDS_subcontractplan,FK,Contract,FPDS,subcontractplan,varchar,1,FPDSTypeTable,subcontractplan,subcontractplan
fk_contract_fpds_LetterContract,FK,Contract,FPDS,lettercontract,varchar,1,FPDSTypeTable,lettercontract,LetterContract
fk_contract_fpds_majorprogramcode,FK,Contract,FPDS,majorprogramcode,varchar,104,Contract,MajorProgramCode,majorprogramcode
FK_FPDS_contingencyhumanitarianpeacekeepingoperation,FK,Contract,FPDS,contingencyhumanitarianpeacekeepingoperation,varchar,1,Assistance,ContingencyHumanitarianPeacekeepingOperation,ContingencyHumanitarianPeacekeepingOperation
FK_FPDS_contractfinancing,FK,Contract,FPDS,contractfinancing,varchar,1,FPDSTypeTable,contractfinancing,contractfinancing
FK_FPDS_costorpricingdata,FK,Contract,FPDS,costorpricingdata,varchar,1,FPDSTypeTable,costorpricingdata,costorpricingdata
FK_FPDS_nationalinterestactioncode,FK,Contract,FPDS,nationalinterestactioncode,varchar,4,Assistance,NationalInterestActionCode,nationalinterestactioncode
fk_contract_fpds_rec_flag,FK,Contract,FPDS,rec_flag,varchar,4,budget,rec_flag,rec_flag
FK_FPDS_multipleorsingleawardidc,FK,Contract,FPDS,multipleorsingleawardidc,varchar,1,FPDSTypeTable,multipleorsingleawardidc,multipleorsingleawardidc
fk_FPDS_VendorName,FK,Contract,FPDS,vendorname,nvarchar,150,Vendor,VendorName,vendorname
fk_FPDS_vendorlegalorganizationname,FK,Contract,FPDS,vendorlegalorganizationname,nvarchar,150,Vendor,VendorName,vendorname
FK_FPDS_vendordoingasbusinessname,FK,Contract,FPDS,vendordoingasbusinessname,nvarchar,150,Vendor,VendorName,vendorname
FK_FPDS_divisionname,FK,Contract,FPDS,divisionname,nvarchar,150,Vendor,VendorName,vendorname
fk_fpds_vendorcountrycode,FK,Contract,FPDS,vendorcountrycode,nvarchar,50,FPDSTypeTable,vendorcountrycode,vendorcountrycode
FK_FPDS_dunsnumber,FK,Contract,FPDS,dunsnumber,varchar,13,Contractor,Dunsnumber,DUNSnumber
fk_FPDS_Dunsnumber_Fiscal_Year,FK,Contract,FPDS,dunsnumber,varchar,13,Contractor,DunsnumberToParentContractorHistory,DUNSnumber
FK_FPDS_parentdunsnumber,FK,Contract,FPDS,parentdunsnumber,varchar,13,Contractor,Dunsnumber,DUNSnumber
FK_FPDS_statecode,FK,Contract,FPDS,statecode,varchar,2,FPDSTypeTable,statecode,statecode
FK_FPDS_pop_state_code,FK,Contract,FPDS,pop_state_code,varchar,2,FPDSTypeTable,statecode,statecode
FK_FPDS_placeofperformancecountrycode,FK,Contract,FPDS,placeofperformancecountrycode,varchar,3,FPDSTypeTable,Country3LetterCode,Country3LetterCode
FK_FPDS_productorservicecode,FK,Contract,FPDS,productorservicecode,varchar,4,FPDSTypeTable,ProductOrServiceCode,ProductOrServiceCode
FK_FPDS_systemequipmentcode,FK,Contract,FPDS,systemequipmentcode,varchar,4,Project,SystemEquipmentCode,systemequipmentcode
FK_FPDS_claimantprogramcode,FK,Contract,FPDS,claimantprogramcode,varchar,3,FPDSTypeTable,ClaimantProgramCode,ClaimantProgramCode
FK_FPDS_principalnaicscode,FK,Contract,FPDS,principalnaicscode,varchar,6,FPDSTypeTable,PrincipalNaicsCode,principalnaicscode
FK_FPDS_gfe_gfp,FK,Contract,FPDS,gfe_gfp_code,varchar,1,FPDSTypeTable,gfe_gfp,gfe_gfp
FK_FPDS_useofepadesignatedproducts,FK,Contract,FPDS,useofepadesignatedproducts,varchar,1,FPDSTypeTable,useofepadesignatedproducts,useofepadesignatedproducts
FK_FPDS_recoveredmaterialclauses,FK,Contract,FPDS,recoveredmaterialclauses,varchar,1,FPDSTypeTable,recoveredmaterialclauses,recoveredmaterialclauses
FK_FPDS_seatransportation,FK,Contract,FPDS,seatransportation,varchar,1,FPDSTypeTable,seatransportation,seatransportation
FK_FPDS_contractbundling,FK,Contract,FPDS,contractbundling,varchar,1,FPDSTypeTable,contractbundling,contractbundling
FK_FPDS_countryoforigin,FK,Contract,FPDS,countryoforigin,varchar,3,FPDSTypeTable,Country3LetterCode,Country3LetterCode
FK_FPDS_placeofmanufacture,FK,Contract,FPDS,placeofmanufacture,varchar,1,FPDSTypeTable,PlaceOfManufacture,PlaceOfManufacture
FK_FPDS_manufacturingorganizationtype,FK,Contract,FPDS,manufacturingorganizationtype,varchar,1,FPDSTypeTable,manufacturingorganizationtype,manufacturingorganizationtype
FK_FPDS_agencyid,FK,Contract,FPDS,agencyid,varchar,4,FPDSTypeTable,AgencyID,AgencyID
fk_FPDS_Dunsnumber_Fiscal_Year,FK,Contract,FPDS,fiscal_year,smallint,NULL,Contractor,DunsnumberToParentContractorHistory,FiscalYear
fk_contract_fpds_ContractingOfficeCodeHistory,FK,Contract,FPDS,fiscal_year,smallint,NULL,Office,ContractingOfficeCodeHistory,fiscal_year
FK_FPDS_idvagencyid,FK,Contract,FPDS,idvagencyid,varchar,4,FPDSTypeTable,AgencyID,AgencyID
FK_FPDS_extentcompeted,FK,Contract,FPDS,extentcompeted,varchar,3,FPDSTypeTable,extentcompeted,extentcompeted
FK_FPDS_reasonnotcompeted,FK,Contract,FPDS,reasonnotcompeted,varchar,3,FPDSTypeTable,reasonnotcompeted,reasonnotcompeted
FK_FPDS_commercialitemacquisitionprocedures,FK,Contract,FPDS,commercialitemacquisitionprocedures,varchar,1,FPDSTypeTable,CommercialItemAcquisitionProcedures,CommercialItemAcquisitionProcedures
FK_FPDS_solicitationprocedures,FK,Contract,FPDS,solicitationprocedures,varchar,5,FPDSTypeTable,solicitationprocedures,solicitationprocedures
FK_FPDS_typeofsetaside,FK,Contract,FPDS,typeofsetaside,varchar,10,FPDSTypeTable,typeofsetaside,typeofsetaside
FK_FPDS_evaluatedpreference,FK,Contract,FPDS,evaluatedpreference,varchar,6,FPDSTypeTable,evaluatedpreference,evaluatedpreference
FK_FPDS_statutoryexceptiontofairopportunity,FK,Contract,FPDS,statutoryexceptiontofairopportunity,varchar,4,FPDSTypeTable,statutoryexceptiontofairopportunity,statutoryexceptiontofairopportunity
FK_FPDS_contractingofficerbusinesssizedetermination,FK,Contract,FPDS,contractingofficerbusinesssizedetermination,varchar,1,FPDSTypeTable,contractingofficerbusinesssizedetermination,contractingofficerbusinesssizedetermination
FK_FPDS_walshhealyact,FK,Contract,FPDS,walshhealyact,varchar,1,FPDSTypeTable,walshhealyact,walshhealyact
FK_FPDS_servicecontractact,FK,Contract,FPDS,servicecontractact,varchar,1,FPDSTypeTable,servicecontractact,servicecontractact
FK_FPDS_davisbaconact,FK,Contract,FPDS,davisbaconact,varchar,1,FPDSTypeTable,davisbaconact,davisbaconact
FK_FPDS_interagencycontractingauthority,FK,Contract,FPDS,interagencycontractingauthority,varchar,3,FPDSTypeTable,interagencycontractingauthority,interagencycontractingauthority
fk_contract_fpds_csistransactionid,FK,Contract,FPDS,CSIStransactionID,int,NULL,Contract,CSIStransactionID,CSIStransactionID
FK_FPDS__headquartercode,FK,Contract,FPDS,headquartercode,varchar,13,Contractor,Dunsnumber,DUNSnumber
fk_contract_fpds_award_type_code,FK,Contract,FPDS,award_type_code,varchar,1,FPDSTypeTable,award_type_code,award_type_code
fk_contract_fpds_idv_type_code,FK,Contract,FPDS,idv_type_code,varchar,1,FPDSTypeTable,idv_type_code,idv_type_code
fk_contract_fpds_parent_award_type_code,FK,Contract,FPDS,parent_award_type_code,varchar,1,FPDSTypeTable,idv_type_code,idv_type_code
fk_FPDSgovManuallyAdded_maj_agency_cat,FK,ErrorLogging,FPDSgovManuallyAdded,maj_agency_cat,varchar,4,FPDSTypeTable,AgencyID,AgencyID
fk_contract_fpds_Mod_Agency,FK,ErrorLogging,FPDSgovManuallyAdded,mod_agency,varchar,4,FPDSTypeTable,AgencyID,AgencyID
fk_FPDSgovManuallyAdded_mod_agency,FK,ErrorLogging,FPDSgovManuallyAdded,mod_agency,varchar,4,FPDSTypeTable,AgencyID,AgencyID
fk_FPDSgovManuallyAdded_maj_fund_agency_cat,FK,ErrorLogging,FPDSgovManuallyAdded,maj_fund_agency_cat,varchar,4,FPDSTypeTable,AgencyID,AgencyID
fk_FPDSgovManuallyAdded_contractingofficeagencyid,FK,ErrorLogging,FPDSgovManuallyAdded,contractingofficeagencyid,varchar,4,FPDSTypeTable,AgencyID,AgencyID
fk_FPDSgovManuallyAdded_contractingofficeid,FK,ErrorLogging,FPDSgovManuallyAdded,contractingofficeid,varchar,6,Office,ContractingOfficeCode,ContractingOfficeCode
fk_FPDSgovManuallyAdded_fundingrequestingagencyid,FK,ErrorLogging,FPDSgovManuallyAdded,fundingrequestingagencyid,varchar,4,FPDSTypeTable,AgencyID,AgencyID
pk_FPDS_contractingOfficeCode,FK,ErrorLogging,FPDSgovManuallyAdded,fundingrequestingofficeid,varchar,6,Office,ContractingOfficeCode,ContractingOfficeCode
fk_FPDSgovManuallyAdded_reasonformodification,FK,ErrorLogging,FPDSgovManuallyAdded,reasonformodification,varchar,1,FPDSTypeTable,reasonformodification,reasonformodification
fk_FPDSgovManuallyAdded_typeofcontractpricing,FK,ErrorLogging,FPDSgovManuallyAdded,typeofcontractpricing,varchar,2,FPDSTypeTable,typeofcontractpricing,TypeOfContractPricing
fk_FPDSgovManuallyAdded_subcontractplan,FK,ErrorLogging,FPDSgovManuallyAdded,subcontractplan,varchar,1,FPDSTypeTable,subcontractplan,subcontractplan
fk_FPDSgovManuallyAdded_contingencyhumanitarianpeacekeepingoperation,FK,ErrorLogging,FPDSgovManuallyAdded,contingencyhumanitarianpeacekeepingoperation,varchar,1,Assistance,ContingencyHumanitarianPeacekeepingOperation,ContingencyHumanitarianPeacekeepingOperation
fk_FPDSgovManuallyAdded_contractfinancing,FK,ErrorLogging,FPDSgovManuallyAdded,contractfinancing,varchar,1,FPDSTypeTable,contractfinancing,contractfinancing
fk_FPDSgovManuallyAdded_costorpricingdata,FK,ErrorLogging,FPDSgovManuallyAdded,costorpricingdata,varchar,1,FPDSTypeTable,costorpricingdata,costorpricingdata
fk_FPDSgovManuallyAdded_nationalinterestactioncode,FK,ErrorLogging,FPDSgovManuallyAdded,nationalinterestactioncode,varchar,4,Assistance,NationalInterestActionCode,nationalinterestactioncode
fk_FPDSgovManuallyAdded_multipleorsingleawardidc,FK,ErrorLogging,FPDSgovManuallyAdded,multipleorsingleawardidc,varchar,1,FPDSTypeTable,multipleorsingleawardidc,multipleorsingleawardidc
fk_FPDSgovManuallyAdded_VendorName,FK,ErrorLogging,FPDSgovManuallyAdded,vendorname,nvarchar,150,Vendor,VendorName,vendorname
fk_FPDSgovManuallyAdded_vendorlegalorganizationname,FK,ErrorLogging,FPDSgovManuallyAdded,vendorlegalorganizationname,nvarchar,150,Vendor,VendorName,vendorname
fk_FPDSgovManuallyAdded_vendordoingasbusinessname,FK,ErrorLogging,FPDSgovManuallyAdded,vendordoingasbusinessname,nvarchar,150,Vendor,VendorName,vendorname
fk_FPDSgovManuallyAdded_divisionname,FK,ErrorLogging,FPDSgovManuallyAdded,divisionname,nvarchar,150,Vendor,VendorName,vendorname
fk_FPDSgovManuallyAdded_dunsnumber,FK,ErrorLogging,FPDSgovManuallyAdded,dunsnumber,varchar,13,Contractor,Dunsnumber,DUNSnumber
fk_FPDSgovManuallyAdded_parentdunsnumber,FK,ErrorLogging,FPDSgovManuallyAdded,parentdunsnumber,varchar,13,Contractor,Dunsnumber,DUNSnumber
fk_FPDSgovManuallyAdded_statecode,FK,ErrorLogging,FPDSgovManuallyAdded,statecode,varchar,2,FPDSTypeTable,statecode,statecode
fk_FPDSgovManuallyAdded_pop_state_code,FK,ErrorLogging,FPDSgovManuallyAdded,pop_state_code,varchar,2,FPDSTypeTable,statecode,statecode
fk_FPDSgovManuallyAdded_placeofperformancecountrycode,FK,ErrorLogging,FPDSgovManuallyAdded,placeofperformancecountrycode,varchar,3,FPDSTypeTable,Country3LetterCode,Country3LetterCode
fk_FPDSgovManuallyAdded_productorservicecode,FK,ErrorLogging,FPDSgovManuallyAdded,productorservicecode,varchar,4,FPDSTypeTable,ProductOrServiceCode,ProductOrServiceCode
fk_FPDSgovManuallyAdded_systemequipmentcode,FK,ErrorLogging,FPDSgovManuallyAdded,systemequipmentcode,varchar,4,Project,SystemEquipmentCode,systemequipmentcode
fk_FPDSgovManuallyAdded_claimantprogramcode,FK,ErrorLogging,FPDSgovManuallyAdded,claimantprogramcode,varchar,3,FPDSTypeTable,ClaimantProgramCode,ClaimantProgramCode
fk_FPDSgovManuallyAdded_principalnaicscode,FK,ErrorLogging,FPDSgovManuallyAdded,principalnaicscode,varchar,6,FPDSTypeTable,PrincipalNaicsCode,principalnaicscode
fk_FPDSgovManuallyAdded_gfe_gfp,FK,ErrorLogging,FPDSgovManuallyAdded,gfe_gfp_code,varchar,1,FPDSTypeTable,gfe_gfp,gfe_gfp
fk_FPDSgovManuallyAdded_useofepadesignatedproducts,FK,ErrorLogging,FPDSgovManuallyAdded,useofepadesignatedproducts,varchar,1,FPDSTypeTable,useofepadesignatedproducts,useofepadesignatedproducts
fk_FPDSgovManuallyAdded_recoveredmaterialclauses,FK,ErrorLogging,FPDSgovManuallyAdded,recoveredmaterialclauses,varchar,1,FPDSTypeTable,recoveredmaterialclauses,recoveredmaterialclauses
fk_FPDSgovManuallyAdded_seatransportation,FK,ErrorLogging,FPDSgovManuallyAdded,seatransportation,varchar,1,FPDSTypeTable,seatransportation,seatransportation
fk_FPDSgovManuallyAdded_contractbundling,FK,ErrorLogging,FPDSgovManuallyAdded,contractbundling,varchar,1,FPDSTypeTable,contractbundling,contractbundling
fk_FPDSgovManuallyAdded_countryoforigin,FK,ErrorLogging,FPDSgovManuallyAdded,countryoforigin,varchar,3,FPDSTypeTable,Country3LetterCode,Country3LetterCode
fk_FPDSgovManuallyAdded_placeofmanufacture,FK,ErrorLogging,FPDSgovManuallyAdded,placeofmanufacture,varchar,1,FPDSTypeTable,PlaceOfManufacture,PlaceOfManufacture
fk_FPDSgovManuallyAdded_manufacturingorganizationtype,FK,ErrorLogging,FPDSgovManuallyAdded,manufacturingorganizationtype,varchar,1,FPDSTypeTable,manufacturingorganizationtype,manufacturingorganizationtype
fk_FPDSgovManuallyAdded_agencyid,FK,ErrorLogging,FPDSgovManuallyAdded,agencyid,varchar,4,FPDSTypeTable,AgencyID,AgencyID
fk_FPDSgovManuallyAdded_idvagencyid,FK,ErrorLogging,FPDSgovManuallyAdded,idvagencyid,varchar,4,FPDSTypeTable,AgencyID,AgencyID
fk_FPDSgovManuallyAdded_extentcompeted,FK,ErrorLogging,FPDSgovManuallyAdded,extentcompeted,varchar,3,FPDSTypeTable,extentcompeted,extentcompeted
fk_FPDSgovManuallyAdded_reasonnotcompeted,FK,ErrorLogging,FPDSgovManuallyAdded,reasonnotcompeted,varchar,3,FPDSTypeTable,reasonnotcompeted,reasonnotcompeted
fk_FPDSgovManuallyAdded_commercialitemacquisitionprocedures,FK,ErrorLogging,FPDSgovManuallyAdded,commercialitemacquisitionprocedures,varchar,1,FPDSTypeTable,CommercialItemAcquisitionProcedures,CommercialItemAcquisitionProcedures
fk_FPDSgovManuallyAdded_solicitationprocedures,FK,ErrorLogging,FPDSgovManuallyAdded,solicitationprocedures,varchar,5,FPDSTypeTable,solicitationprocedures,solicitationprocedures
fk_FPDSgovManuallyAdded_typeofsetaside,FK,ErrorLogging,FPDSgovManuallyAdded,typeofsetaside,varchar,10,FPDSTypeTable,typeofsetaside,typeofsetaside
fk_FPDSgovManuallyAdded_evaluatedpreference,FK,ErrorLogging,FPDSgovManuallyAdded,evaluatedpreference,varchar,6,FPDSTypeTable,evaluatedpreference,evaluatedpreference
fk_FPDSgovManuallyAdded_statutoryexceptiontofairopportunity,FK,ErrorLogging,FPDSgovManuallyAdded,statutoryexceptiontofairopportunity,varchar,4,FPDSTypeTable,statutoryexceptiontofairopportunity,statutoryexceptiontofairopportunity
fk_FPDSgovManuallyAdded_contractingofficerbusinesssizedetermination,FK,ErrorLogging,FPDSgovManuallyAdded,contractingofficerbusinesssizedetermination,varchar,1,FPDSTypeTable,contractingofficerbusinesssizedetermination,contractingofficerbusinesssizedetermination
fk_FPDSgovManuallyAdded_walshhealyact,FK,ErrorLogging,FPDSgovManuallyAdded,walshhealyact,varchar,1,FPDSTypeTable,walshhealyact,walshhealyact
fk_FPDSgovManuallyAdded_servicecontractact,FK,ErrorLogging,FPDSgovManuallyAdded,servicecontractact,varchar,1,FPDSTypeTable,servicecontractact,servicecontractact
fk_FPDSgovManuallyAdded_davisbaconact,FK,ErrorLogging,FPDSgovManuallyAdded,davisbaconact,varchar,1,FPDSTypeTable,davisbaconact,davisbaconact
fk_FPDSgovManuallyAdded_interagencycontractingauthority,FK,ErrorLogging,FPDSgovManuallyAdded,interagencycontractingauthority,varchar,3,FPDSTypeTable,interagencycontractingauthority,interagencycontractingauthority
fk_ErrorLogging_FPDSgovManuallyAdded,FK,ErrorLogging,FPDSgovManuallyAdded,CSIStransactionID,int,NULL,Contract,CSIStransactionID,CSIStransactionID
fk_FPDSgovManuallyAdded__headquartercode,FK,ErrorLogging,FPDSgovManuallyAdded,headquartercode,varchar,13,Contractor,Dunsnumber,DUNSnumber
FK__CFDA_Prog__Fundi__75D84E76,FK,GrantLoanAssistance,CFDA_Program_NUM,FundingAgencyID,varchar,4,FPDSTypeTable,AgencyID,AgencyID
FK__CFDA_Prog__Imple__76CC72AF,FK,GrantLoanAssistance,CFDA_Program_NUM,ImplementingAgencyID,varchar,4,FPDSTypeTable,AgencyID,AgencyID
FK_agency_subcustomer_Customer,FK,agency,SubCustomer,Customer,nvarchar,50,agency,Customer,Customer
FK__FPDSgovMa__CSISt__2E279491,FK,ErrorLogging,FPDSgovManuallyAdjusted,CSIStransactionID,int,NULL,Contract,CSIStransactionID,CSIStransactionID
fk_ErrorLogging_FPDSgovManuallyAdjusted,FK,ErrorLogging,FPDSgovManuallyAdjusted,CSIStransactionID,int,NULL,Contract,CSIStransactionID,CSIStransactionID
FK_ParentIDtoOwnerParentID_ParentID,FK,Vendor,ParentIDtoOwnerParentID,parentid,nvarchar,255,Contractor,ParentContractor,ParentID
FK_ParentIDtoOwnerParentID_OwnerParentID,FK,Vendor,ParentIDtoOwnerParentID,OwnerParentID,nvarchar,255,Contractor,ParentContractor,ParentID
fk_USAIDforwardLocalOrganization_ParentID,FK,Assistance,USAIDforwardLocalOrganization,parentid,nvarchar,255,Contractor,ParentContractor,ParentID
FK__ProjectID__Platf__63AF7C9A,FK,Project,ProjectID,PlatformPortfolio,varchar,30,ProductOrServiceCode,PlatformPortfolio,PlatformPortfolio
FK__ProjectID__TopPl__67800D7E,FK,Project,ProjectID,TopPlatformPortfolio,varchar,30,ProductOrServiceCode,PlatformPortfolio,PlatformPortfolio
FK__ProjectID__TopPa__696855F0,FK,Project,ProjectID,TopParentID,nvarchar,255,Contractor,ParentContractor,ParentID
FK__ProjectID__RANDI__62DA889B,FK,Project,ProjectID,RANDID,varchar,50,Project,RANDID,RANDID
FK__ProjectID__IDAID__6B6FCE9C,FK,Project,ProjectID,IDAID,int,NULL,Project,IDAID,IDAID
FK__PlatformP__NewPl__7E6372D6,FK,ProductOrServiceCode,PlatformPortfolio,NewPlatformPortfolio,varchar,30,ProductOrServiceCode,PlatformPortfolio,PlatformPortfolio
fk_USAIDphoenix_VENDOR_NAME,FK,Assistance,USAIDphoenix,VENDOR_NAME,nvarchar,150,Vendor,VendorName,vendorname
FK_Contractor_DUNS_NUM,FK,Assistance,USAIDphoenix,DUNS_NUM,varchar,13,Contractor,Dunsnumber,DUNSnumber
FK_Agencyid_Customer,FK,FPDSTypeTable,AgencyID,Customer,nvarchar,50,agency,Customer,Customer
fk_agencyID_subcustomercustomer,FK,FPDSTypeTable,AgencyID,Customer,nvarchar,50,agency,SubCustomer,Customer
fk_subcustomercustomer,FK,FPDSTypeTable,AgencyID,Customer,nvarchar,50,agency,SubCustomer,Customer
fk_agencyID_subcustomercustomer,FK,FPDSTypeTable,AgencyID,SubCustomer,nvarchar,50,agency,SubCustomer,SubCustomer
fk_subcustomercustomer,FK,FPDSTypeTable,AgencyID,SubCustomer,nvarchar,50,agency,SubCustomer,SubCustomer
fk_FPDStypetable_AgencyID_PlatformPortfolio,FK,FPDSTypeTable,AgencyID,PlatformPortfolio,varchar,30,ProductOrServiceCode,PlatformPortfolio,PlatformPortfolio
fk_Contractor_ParentContractorNameHistory_ParentID,FK,Contractor,ParentContractorNameHistory,ParentID,nvarchar,255,Contractor,ParentContractor,ParentID
FK_ParentContractorNameHistory_standardizedvendorname,FK,Contractor,ParentContractorNameHistory,TopStandardizedVendorName,nvarchar,150,Vendor,VendorName,vendorname
FK__LineItemT__ProcI__76D75FA7,FK,Project,ProcIDtoProjectIDmanyToMany,ProcID,int,NULL,Project,ProcID,ProcID
fk_LineItemToProjectIDmanyToMany_ProjectID,FK,Project,ProcIDtoProjectIDmanyToMany,ProjectID,int,NULL,Project,ProjectID,ProjectID
FK__MajorComm__Contr__70A98505,FK,Office,MajorCommandID,ContractingOfficeCode,varchar,6,Office,ContractingOfficeCode,ContractingOfficeCode
FK__MajorComm__Agenc__7291CD77,FK,Office,MajorCommandID,AgencyID,varchar,4,FPDSTypeTable,AgencyID,AgencyID
FK__MajorComm__Depar__7385F1B0,FK,Office,MajorCommandID,DepartmentID,varchar,4,FPDSTypeTable,AgencyID,AgencyID
fk_ProductOrServiceCode_ProductOrServiceArea_SimpleBucket,FK,ProductOrServiceCode,ProductOrServiceArea,SimpleBucket,varchar,8,ProductOrServiceCode,Simple,Simple
FK__ProductOr__Platf__7C703D6C,FK,ProductOrServiceCode,ProductOrServiceArea,PlatformPortfolio,varchar,30,ProductOrServiceCode,PlatformPortfolio,PlatformPortfolio
FK__ProductOr__Produ__4AADF94F,FK,ProductOrServiceCode,ProductOrServiceArea,ProductsCategory,varchar,28,ProductOrServiceCode,ProductsCategory,ProductsCategory
FK__ProductOr__Servi__4BA21D88,FK,ProductOrServiceCode,ProductOrServiceArea,ServicesCategory,varchar,28,ProductOrServiceCode,ServicesCategory,ServicesCategory
fk_Funding_Account_ID_MainAccountCode,FK,budget,FundingAccountID,TreasuryAgencyCode,smallint,NULL,budget,MainAccountCode,TreasuryAgencyCode
fk_Funding_Account_ID_TreasuryAgencyCode,FK,budget,FundingAccountID,TreasuryAgencyCode,smallint,NULL,agency,TreasuryAgencyCode,TreasuryAgencyCode
fk_Funding_Account_ID_MainAccountCode,FK,budget,FundingAccountID,mainaccountcode,smallint,NULL,budget,MainAccountCode,MainAccountCode
FK_FAADS_recipient_name,FK,GrantLoanAssistance,FAADS,recipient_name,nvarchar,150,Vendor,VendorName,vendorname
fk_assistance_faads_recipient_type,FK,GrantLoanAssistance,FAADS,recipient_type,smallint,NULL,Vendor,recipient_type,recipient_type
FK_Assistance_action_type,FK,GrantLoanAssistance,FAADS,action_type,varchar,8,Assistance,action_type,action_type
FK_FPDStypetable_agency_code,FK,GrantLoanAssistance,FAADS,agency_code,varchar,4,FPDSTypeTable,AgencyID,AgencyID
FK_Assistance_assistance_type,FK,GrantLoanAssistance,FAADS,assistance_type,varchar,2,Assistance,assistance_type,assistance_type
FK_Assistance_record_type,FK,GrantLoanAssistance,FAADS,record_type,varchar,1,Assistance,record_type,record_type
FK_Assistance_correction_late_ind,FK,GrantLoanAssistance,FAADS,correction_late_ind,varchar,16,Assistance,correction_late_ind,correction_late_ind
fk_Contractor_Duns_no,FK,GrantLoanAssistance,FAADS,duns_no,varchar,13,Contractor,Dunsnumber,DUNSnumber
FK_Vendor_recip_cat_type,FK,GrantLoanAssistance,FAADS,recip_cat_type,varchar,1,Vendor,recip_cat_type,recip_cat_type
FK_FPDStypetable_maj_agency_cat,FK,GrantLoanAssistance,FAADS,maj_agency_cat,varchar,4,FPDSTypeTable,AgencyID,AgencyID
FK__ContractL__Prima__664BF223,FK,Contract,ContractLabelID,PrimaryProjectID,int,NULL,Project,ProjectID,ProjectID
FK__ProgramEl__RDTEi__7B9C14C4,FK,Project,RDTEidToProjectIDmanyToMany,RDTEid,int,NULL,Project,RDTEid,RDTEid
FK__ProgramEl__Progr__1BB3DE9B,FK,Project,RDTEidToProjectIDmanyToMany,ProgramElementNumber,int,NULL,Project,ProgramElementNumber,ProgramElementNumber
FK__ProgramEl__Proje__1CA802D4,FK,Project,RDTEidToProjectIDmanyToMany,ProjectID,int,NULL,Project,ProjectID,ProjectID
FK_assistance_USAIDgreenbook_funding_agency_ID,FK,Assistance,USAIDgreenbook,implementing_agency_id,smallint,NULL,agency,USAIDgreenbookAgencyID,USAIDgreenbookAgencyID
fk_USAIDgreenbook_Funding_Account_ID,FK,Assistance,USAIDgreenbook,funding_account_id,varchar,7,budget,FundingAccountID,FundingAccountID
contract_CSISidvpiidID_ContractLabelID,FK,Contract,CSISidvpiidID,ContractLabelID,int,NULL,Contract,ContractLabelID,ContractLabelID
FK__CSISidvpi__idv_t__0ECE1972,FK,Contract,CSISidvpiidID,idv_type_code,varchar,1,FPDSTypeTable,idv_type_code,idv_type_code
FK__CSISidvpi__Paren__59511E61,FK,Contract,CSISidvpiidID,ParentCSIScontractID,int,NULL,Contract,CSIScontractID,CSIScontractID
FK__GSAprimeS__CSISs__68C86C1B,FK,ErrorLogging,GSAprimeStage2,CSISserviceCensusID,int,NULL,Contract,CSISserviceCensusID,CSISserviceCensusID
FK__GSAprimeS__CSISs__6AB0B48D,FK,ErrorLogging,GSAprimeStage2,CSISserviceCensusID,int,NULL,Contract,CSISserviceCensusID,CSISserviceCensusID
FK__AccountDS__Accou__5DF6A344,FK,budget,AccountDSIocoBreakdown,AccountDSI,varchar,5,budget,AccountDSI,AccountDSI
fk_budget_AccountDSIocoBreakdown_MainAccountCode,FK,budget,AccountDSIocoBreakdown,TreasuryAgencyCode,smallint,NULL,budget,MainAccountCode,TreasuryAgencyCode
fk_budget_AccountDSIocoBreakdown_MainAccountCode,FK,budget,AccountDSIocoBreakdown,MainAccountCode,smallint,NULL,budget,MainAccountCode,MainAccountCode
fk_ProductOrServiceCode_ServicesCategory,FK,FPDSTypeTable,ProductOrServiceCode,ServicesCategory,varchar,28,ProductOrServiceCode,ServicesCategory,ServicesCategory
FK__ProductOr__Simpl__3E48226A,FK,FPDSTypeTable,ProductOrServiceCode,Simple,varchar,8,ProductOrServiceCode,Simple,Simple
FK__ProductOr__HostN__41248F15,FK,FPDSTypeTable,ProductOrServiceCode,HostNation3Category,varchar,100,ProductOrServiceCode,HostNation3Category,HostNation3Category
fk_FPDSTypeTable_ProductOrServiceCode_PlatformPortfolio,FK,FPDSTypeTable,ProductOrServiceCode,PlatformPortfolio,varchar,30,ProductOrServiceCode,PlatformPortfolio,PlatformPortfolio
FK__ProductOr__Produ__3B6BB5BF,FK,FPDSTypeTable,ProductOrServiceCode,ProductsCategory,varchar,28,ProductOrServiceCode,ProductsCategory,ProductsCategory
fk_ProductOrServiceCode_ProductOrServiceArea,FK,FPDSTypeTable,ProductOrServiceCode,ProductOrServiceArea,varchar,28,ProductOrServiceCode,ProductOrServiceArea,ProductOrServiceArea
FK__ProductOr__Produ__03C74671,FK,FPDSTypeTable,ProductOrServiceCode,ProductServiceOrRnDarea,varchar,49,ProductOrServiceCode,ProductServiceOrRnDarea,ProductServiceOrRnDarea
FK__ProductOr__Canad__7FC1AB63,FK,FPDSTypeTable,ProductOrServiceCode,CanadaSector,nvarchar,75,ProductOrServiceCode,CanadaSector,CanadaSector
FK__ProductOr__Crisi__45E94432,FK,FPDSTypeTable,ProductOrServiceCode,CrisisProductOrServiceArea,varchar,28,ProductOrServiceCode,CrisisProductOrServiceArea,CrisisProductOrServiceArea
contract_CSIScontractID_ContractLabelID,FK,Contract,CSIScontractID,ContractLabelID,int,NULL,Contract,ContractLabelID,ContractLabelID
fk_CSIScontractID,FK,Contract,CSIScontractID,ContractLabelID,int,NULL,Contract,ContractLabelID,ContractLabelID
fk_contract_CSIScontractID_CSISidvpiidID,FK,Contract,CSIScontractID,CSISidvpiidID,int,NULL,Contract,CSISidvpiidID,CSISidvpiidID
FK__CSIScontr__Contr__2AD6269A,FK,Contract,CSIScontractID,ContractingAgencyID,varchar,4,FPDSTypeTable,AgencyID,AgencyID
FK__CSIScontr__Contr__2CBE6F0C,FK,Contract,CSIScontractID,ContractingOfficeID,varchar,6,Office,ContractingOfficeCode,ContractingOfficeCode
FK__CSIScontr__Major__2EA6B77E,FK,Contract,CSIScontractID,MajorCommandID,varchar,8,Office,MajorCommandID,MajorCommandID
FK__CSIScontr__Fundi__2F9ADBB7,FK,Contract,CSIScontractID,FundingAgencyID,varchar,4,FPDSTypeTable,AgencyID,AgencyID
FK__CSIScontr__Fundi__308EFFF0,FK,Contract,CSIScontractID,FundingOfficeID,varchar,6,Office,ContractingOfficeCode,ContractingOfficeCode
FK__CSIScontr__syste__32774862,FK,Contract,CSIScontractID,SystemEquipmentCode,varchar,4,Project,SystemEquipmentCode,systemequipmentcode
FK__CSIScontr__statu__336B6C9B,FK,Contract,CSIScontractID,StatutoryExceptionToFairOpportunity,varchar,4,FPDSTypeTable,statutoryexceptiontofairopportunity,statutoryexceptiontofairopportunity
FK__CSIScontr__exten__345F90D4,FK,Contract,CSIScontractID,ExtentCompeted,varchar,3,FPDSTypeTable,extentcompeted,extentcompeted
FK__CanadaSup__Paren__5749A5B5,FK,Vendor,CanadaSupplierID,ParentID,nvarchar,255,Contractor,ParentContractor,ParentID
fk_location_GEC_ISOalpha3,FK,Location,GEC,ISOalpha3,nvarchar,3,Location,CountryCodes,alpha-3
fk_Contract_CSISidvmodificationID_idvagencyid,FK,Contract,CSISidvmodificationID,idvagencyid,varchar,4,FPDSTypeTable,AgencyID,AgencyID
fk_contract_CSISidvmodificationID_CSISidvpiidID,FK,Contract,CSISidvmodificationID,CSISidvpiidID,int,NULL,Contract,CSISidvpiidID,CSISidvpiidID
FK__CSISidvmo__idv_t__0FC23DAB,FK,Contract,CSISidvmodificationID,idv_type_code,varchar,1,FPDSTypeTable,idv_type_code,idv_type_code
fk_contract_CSISserviceCensusID_dunsnumber,FK,Contract,CSISserviceCensusID,dunsnumber,varchar,13,Contractor,Dunsnumber,DUNSnumber
fk_contract_CSISserviceCensusID_contractingofficeagencyid,FK,Contract,CSISserviceCensusID,contractingofficeagencyid,varchar,4,FPDSTypeTable,AgencyID,AgencyID
FK__CSISservi__CSISc__65EBFF70,FK,Contract,CSISserviceCensusID,CSIScontractID,int,NULL,Contract,CSIScontractID,CSIScontractID
fk_FPDStypeTable_Country3LetterCode_GEC,FK,FPDSTypeTable,Country3LetterCode,GEC,varchar,2,Location,GEC,GEC
fk_fpdstypetable_country3lettercode_isoAlpha3,FK,FPDSTypeTable,Country3LetterCode,isoAlpha3,nvarchar,3,Location,CountryCodes,alpha-3
fk_fpdstypetable_vendorcountrycode_Country3LetterCode,FK,FPDSTypeTable,vendorcountrycode,Country3LetterCode,varchar,3,FPDSTypeTable,Country3LetterCode,Country3LetterCode
fk_location_GEC_ISOalpha3,FK,Location,GEC,ISOalpha3,varchar,50,Location,CountryCodes,alpha-3
fk_contract_CSIStransactionID_CSIScontractID,FK,Contract,CSIStransactionID,CSIScontractID,int,NULL,Contract,CSIScontractID,CSIScontractID
fk_contract_CSIStransactionID_contractlabelId,FK,Contract,CSIStransactionID,ContractLabelID,int,NULL,Contract,ContractLabelID,ContractLabelID
fk_contract_CSIStransactionID_CSISidvmodificationID,FK,Contract,CSIStransactionID,CSISidvmodificationID,int,NULL,Contract,CSISidvmodificationID,CSISidvmodificationID
fk_contract_CSIStransactionID_CSISsourceIDVmodificationID,FK,Contract,CSIStransactionID,CSISsourceIDVmodificationID,int,NULL,Contract,CSISidvmodificationID,CSISidvmodificationID
fk_contract_CSIStransactionID_contractingofficeagencyID,FK,Contract,CSIStransactionID,contractingofficeagencyid,varchar,4,FPDSTypeTable,AgencyID,AgencyID
FK_office_ContractingOfficeCode_departmentid,FK,Office,ContractingOfficeCode,DepartmentID,varchar,4,FPDSTypeTable,AgencyID,AgencyID
FK_office_ContractingOfficeCode_agencyid,FK,Office,ContractingOfficeCode,AgencyID,varchar,4,FPDSTypeTable,AgencyID,AgencyID
FK__GSAprime__CSISse__6E814571,FK,Contract,GSAprime,CSISserviceCensusID,int,NULL,Contract,CSISserviceCensusID,CSISserviceCensusID
FK__GSAprime__CSISse__6F7569AA,FK,Contract,GSAprime,CSISserviceCensusID,int,NULL,Contract,CSISserviceCensusID,CSISserviceCensusID
fk_errorlogging_FPDSduplicates_CSIStransactionID,FK,ErrorLogging,FPDSduplicates,CSIStransactionID,int,NULL,Contract,CSIStransactionID,CSIStransactionID
fk_ErrorLogging_FPDSduplicates,FK,ErrorLogging,FPDSduplicates,CSIStransactionID,int,NULL,Contract,CSIStransactionID,CSIStransactionID
fk_DefenseOrganization_TreasuryAgencyCode,FK,agency,DefenseOrganization,TreasuryAgencyCode,smallint,NULL,agency,TreasuryAgencyCode,TreasuryAgencyCode
FK__SystemEqu__syste__5DB6AC22,FK,Project,SystemEquipmentCodetoProjectIDhistory,systemequipmentcode,varchar,4,Project,SystemEquipmentCode,systemequipmentcode
FK__SystemEqu__syste__72B1C908,FK,Project,SystemEquipmentCodetoProjectIDhistory,systemequipmentcode,varchar,4,Project,SystemEquipmentCode,systemequipmentcode
FK__SystemEqu__syste__768259EC,FK,Project,SystemEquipmentCodetoProjectIDhistory,systemequipmentcode,varchar,4,Project,SystemEquipmentCode,systemequipmentcode
FK__SystemEqu__syste__77767E25,FK,Project,SystemEquipmentCodetoProjectIDhistory,systemequipmentcode,varchar,4,Project,SystemEquipmentCode,systemequipmentcode
FK__SystemEqu__syste__7B470F09,FK,Project,SystemEquipmentCodetoProjectIDhistory,systemequipmentcode,varchar,4,Project,SystemEquipmentCode,systemequipmentcode
FK__SystemEqu__syste__7C3B3342,FK,Project,SystemEquipmentCodetoProjectIDhistory,systemequipmentcode,varchar,4,Project,SystemEquipmentCode,systemequipmentcode
FK__SystemEqu__Proje__6557CDEA,FK,Project,SystemEquipmentCodetoProjectIDhistory,ProjectID,int,NULL,Project,ProjectID,ProjectID
FK__SystemEqu__Proje__71BDA4CF,FK,Project,SystemEquipmentCodetoProjectIDhistory,ProjectID,int,NULL,Project,ProjectID,ProjectID
FK__SystemEqu__Proje__749A117A,FK,Project,SystemEquipmentCodetoProjectIDhistory,ProjectID,int,NULL,Project,ProjectID,ProjectID
FK__SystemEqu__Proje__758E35B3,FK,Project,SystemEquipmentCodetoProjectIDhistory,ProjectID,int,NULL,Project,ProjectID,ProjectID
FK__SystemEqu__Proje__795EC697,FK,Project,SystemEquipmentCodetoProjectIDhistory,ProjectID,int,NULL,Project,ProjectID,ProjectID
FK__SystemEqu__Proje__7A52EAD0,FK,Project,SystemEquipmentCodetoProjectIDhistory,ProjectID,int,NULL,Project,ProjectID,ProjectID
fk_FPDStypetable_ClaimaintProgramCode_PlatformPortfolio,FK,FPDSTypeTable,ClaimantProgramCode,PlatformPortfolio,varchar,30,ProductOrServiceCode,PlatformPortfolio,PlatformPortfolio
FK__ClaimantP__Canad__11E05B9E,FK,FPDSTypeTable,ClaimantProgramCode,CanadaSector,nvarchar,75,ProductOrServiceCode,CanadaSector,CanadaSector
fk_DefenseServiceIdentifier_DefenseOrganization,FK,agency,DefenseServiceIdentifier,DefenseOrganization,varchar,5,agency,DefenseOrganization,DefenseOrganization
FK__DefenseSe__Treas__0A895299,FK,agency,DefenseServiceIdentifier,TreasuryAgencyCode,smallint,NULL,agency,TreasuryAgencyCode,TreasuryAgencyCode
FK__DefenseSe__Simpl__08F60FE2,FK,agency,DefenseServiceIdentifier,SimpleDefenseServiceIndicator,varchar,3,agency,DefenseServiceIdentifier,DefenseServiceIdentifier
fk_AccountDSI_MainAccountCode,FK,budget,AccountDSI,TreasuryAgencyCode,smallint,NULL,budget,MainAccountCode,TreasuryAgencyCode
fk_AccountDSI_TreasuryAgencyCode,FK,budget,AccountDSI,TreasuryAgencyCode,smallint,NULL,agency,TreasuryAgencyCode,TreasuryAgencyCode
fk_AccountDSI_MainAccountCode,FK,budget,AccountDSI,MainAccountCode,smallint,NULL,budget,MainAccountCode,MainAccountCode
fk_AccountDSI_DefenseServiceIdentifier,FK,budget,AccountDSI,DefenseServiceIdentifier,varchar,3,agency,DefenseServiceIdentifier,DefenseServiceIdentifier
FK__AccountDS__Defen__42639768,FK,budget,AccountDSI,DefenseOrganization,varchar,5,agency,DefenseOrganization,DefenseOrganization
fk_Office_ContractingOfficeCodeHistory,FK,Office,ContractingOfficeCodeHistory,ContractingOfficeCode,varchar,6,Office,ContractingOfficeCode,ContractingOfficeCode
fk_BudgetActivity_AccountDSI,FK,budget,BudgetActivity,AccountDSI,varchar,5,budget,AccountDSI,AccountDSI
FK__BudgetAct__Defen__0CC6A0C6,FK,budget,BudgetActivity,DefenseOrganization,varchar,5,agency,DefenseOrganization,DefenseOrganization
FK__BudgetAct__Procu__17442F39,FK,budget,BudgetActivity,ProcurementCategory,varchar,31,Project,ProcurementCategory,ProcurementCategory
fk_BSA_AccountDSI,FK,budget,BSA,AccountDSI,varchar,5,budget,AccountDSI,AccountDSI
fk_BSA_BudgetActivity,FK,budget,BSA,AccountDSI,varchar,5,budget,BudgetActivity,AccountDSI
fk_BSA_BudgetActivity,FK,budget,BSA,BudgetActivity,smallint,NULL,budget,BudgetActivity,BudgetActivity
FK__BSA__DefenseOrga__118B55E3,FK,budget,BSA,DefenseOrganization,varchar,5,agency,DefenseOrganization,DefenseOrganization
FK__BSA__Procurement__16500B00,FK,budget,BSA,ProcurementCategory,varchar,31,Project,ProcurementCategory,ProcurementCategory
fk_LineItem_AccountDSI,FK,Project,LineItem,AccountDSI,varchar,5,budget,AccountDSI,AccountDSI
fk_LineItem_BSA,FK,Project,LineItem,AccountDSI,varchar,5,budget,BSA,AccountDSI
fk_LineItem_BudgetActivity,FK,Project,LineItem,AccountDSI,varchar,5,budget,BudgetActivity,AccountDSI
fk_LineItem_BSA,FK,Project,LineItem,BudgetActivity,smallint,NULL,budget,BSA,BudgetActivity
fk_LineItem_BudgetActivity,FK,Project,LineItem,BudgetActivity,smallint,NULL,budget,BudgetActivity,BudgetActivity
fk_LineItem_BSA,FK,Project,LineItem,BSA,smallint,NULL,budget,BSA,BSA
FK__LineItem__Defens__13739E55,FK,Project,LineItem,DefenseOrganization,varchar,5,agency,DefenseOrganization,DefenseOrganization
FK__LineItem__Procur__18385372,FK,Project,LineItem,ProcurementCategory,varchar,31,Project,ProcurementCategory,ProcurementCategory
FK__ProcID__Category__149CCCB8,FK,Project,ProcID,Category,varchar,31,Project,ProcurementCategory,ProcurementCategory
FK__ProcID__Procurem__1A209BE4,FK,Project,ProcID,ProcurementCategory,varchar,31,Project,ProcurementCategory,ProcurementCategory
FK__ProcID__TopAccou__71DDA060,FK,Project,ProcID,TopAccountDSI,varchar,5,budget,AccountDSI,AccountDSI
FK__CostType__Accoun__60B3145E,FK,budget,CostType,AccountDSI,varchar,5,budget,AccountDSI,AccountDSI
FK__PBLlistOS__CSISc__5556704B,FK,Contract,PBLlistOSDdetails,CSIScontractID,int,NULL,Contract,CSIScontractID,CSIScontractID
FK__PBLlistOS__CSISi__564A9484,FK,Contract,PBLlistOSDdetails,CSISidvpiidID,int,NULL,Contract,CSISidvpiidID,CSISidvpiidID
fk_LineItemToProcIDHistory_BSA,FK,Project,LineItemCostTypeToProcIDHistory,AccountDSI,varchar,5,budget,BSA,AccountDSI
fk_LineItemToProcIDHistory_BudgetActivity,FK,Project,LineItemCostTypeToProcIDHistory,AccountDSI,varchar,5,budget,BudgetActivity,AccountDSI
fk_LineItemToProcIDHistory_LineItem,FK,Project,LineItemCostTypeToProcIDHistory,AccountDSI,varchar,5,Project,LineItem,AccountDSI
fk_LineItemCostTypeToProcIDHistory_CostType,FK,Project,LineItemCostTypeToProcIDHistory,AccountDSI,varchar,5,budget,CostType,AccountDSI
fk_LineItemToProcIDHistory_AccountDSI,FK,Project,LineItemCostTypeToProcIDHistory,AccountDSI,varchar,5,budget,AccountDSI,AccountDSI
fk_LineItemToProcIDHistory_LineItem,FK,Project,LineItemCostTypeToProcIDHistory,BudgetActivity,smallint,NULL,Project,LineItem,BudgetActivity
fk_LineItemToProcIDHistory_BSA,FK,Project,LineItemCostTypeToProcIDHistory,BudgetActivity,smallint,NULL,budget,BSA,BudgetActivity
fk_LineItemToProcIDHistory_BudgetActivity,FK,Project,LineItemCostTypeToProcIDHistory,BudgetActivity,smallint,NULL,budget,BudgetActivity,BudgetActivity
fk_LineItemToProcIDHistory_BSA,FK,Project,LineItemCostTypeToProcIDHistory,BSA,smallint,NULL,budget,BSA,BSA
fk_LineItemToProcIDHistory_LineItem,FK,Project,LineItemCostTypeToProcIDHistory,BSA,smallint,NULL,Project,LineItem,BSA
fk_LineItemToProcIDHistory_LineItem,FK,Project,LineItemCostTypeToProcIDHistory,LineItem,varchar,10,Project,LineItem,LineItem
fk_LineItemCostTypeToProcIDHistory_CostType,FK,Project,LineItemCostTypeToProcIDHistory,CostType,varchar,1,budget,CostType,CostType
fk_LineItemToProcIDHistory_ProcID,FK,Project,LineItemCostTypeToProcIDHistory,ProcID,int,NULL,Project,ProcID,ProcID
fk_StandardizedVendorNameHistory_StandardizedVendorName,FK,Vendor,StandardizedVendorNameHistory,StandardizedVendorName,nvarchar,150,Vendor,VendorName,vendorname
fk_Vendor_StandardizedVendorNameHistory_EntitySizeCode,FK,Vendor,StandardizedVendorNameHistory,EntitySizeCode,varchar,1,Vendor,EntitySizeCode,EntitySizeCode
