hts10,hts_description,USITC.Tier,PlatformPortfolio.USITC,PlatformPortfolio.Ordnance,PlatformPortfolio,PlatformPortfolio2,PlatformPortfolio3,ArmsDual, Total ,MinOfYear,MaxOfYear
3603.00.0000,"SAFETY FUSES; DETONATING FUSES; PERCUSSION OR DETONATING CAPS, IGNITERS; ELECTRIC DETONATORS",Parts and Accessories,Ordnance and Missiles,Other Munitions,Ordnance and Missiles,NA,NA,Arms,5121318179,1989,2019
4011.30.0000,"NEW PNEUMATIC TIRES, OF RUBBER, USED ON AIRCRAFT",Parts and Accessories,Aerospace,Aerospace,Aircraft,NA,NA,Dual,862215094,1989,2008
4012.10.5020,"RETREADED TIRES, OF RUBBER, FOR ON-THE-HIGHWAY TRUCK AND BUS",Parts and Accessories,Land Vehicles,Land Vehicles,Land Vehicles,NA,NA,Dual,47764848,1989,2001
4012.10.6000,"RETREADED TIRES, OF RUBBER, EXCEPT FOR ON-THE-HIGHWAY TRUCK AND BUS, NESOI",Parts and Accessories,Land Vehicles,Land Vehicles,Land Vehicles,NA,NA,Dual,117897819,1989,2001
4012.13.0000,"RETREADED TIRES OF RUBBER,  OF A KIND USED ON AIRCRAFT",Parts and Accessories,Aerospace,Aerospace,Aircraft,NA,NA,Dual,33230298,2002,2008
4012.20.0000,USED PNEUMATIC TIRES OF RUBBER,Parts and Accessories,Cross-Platform,Cross-Platform,Land Vehicles,Aircraft,NA,Dual,660678579,1989,2019
8407.10.0090,"SPARK-IGNITION RECIPROCATING OR ROTARY INTERNAL COMBUSTION PISTON TYPE AIRCRAFT ENGINES, EXCEPT CIVIL AIRCRAFT USE",Parts and Accessories,Aerospace,Aerospace,Aircraft,NA,NA,Arms,"2,962,650,771.00",1989,2019
8407.21.0000,OUTBOARD ENGINES FOR MARINE PROPULSION,Engines,Ships & Submarines,Ships & Submarines,Ships/Subs,NA,NA,Dual,7527570416,1989,2019
8407.29.0010,"SPARK-IGNITION RECIPROCATING OR ROTARY INTERNAL COMBUSTION PISTON ENGINES FOR MARINE PROPULSION, INBOARD ENGINES WITH OUTBOARD DRIVE",Engines,Ships & Submarines,Ships & Submarines,Ships/Subs,NA,NA,Dual,1394212178,1989,2019
8407.29.0050,INBOARD ENGINES WITH INBOARD DRIVE FOR MARINE PROPULSION,Engines,Ships & Submarines,Ships & Submarines,Ships/Subs,NA,NA,Dual,362178591,1989,2019
8407.31.0000,"SPARK-IGNITION RECIPROCATING PISTON ENGINES OF A KIND USED FOR THE PROPULSION OF VEHICLES OF CHAPTER 87, NOT EXCEEDING 50 CC CYLINDER CAPACITY",Engines,Land Vehicles,Land Vehicles,Land Vehicles,NA,NA,Dual,44575845,1989,2019
8407.32.2000,"SPARK-IGNITION PISTON ENGINES EXCEEDING 50 CC BUT NOT EXCEEDING 250 CC,TO BE INSTALLED IN ROAD TRACTORS,MOTOR BUSES,AUTOMOBILES OR TRUCKS,NEW OR USED",Engines,Land Vehicles,Land Vehicles,Land Vehicles,NA,NA,Dual,107219935,1989,2019
8407.32.5000,"SPARK IGNITION RECIPROCATING PISTON ENGINES EXCEEDING 50 CC BUT NOT EXCEEDING 250 CC, FOR VEHICLES OF CHAPTER 87, NESOI",Engines,Land Vehicles,Land Vehicles,Land Vehicles,NA,NA,Dual,466856215,1989,2019
8407.33.2000,"SPARK-IGNITION PISTON ENGINES EXCEEDING 250 CC BUT NOT EXCEEDING 1000 CC,TO BE INSTALLED IN ROAD TRACTORS,MOTOR BUSES,AUTOMOBILES OR TRUCKS,NEW/USED",Engines,Land Vehicles,Land Vehicles,Land Vehicles,NA,NA,Dual,429633912,1989,2019
8407.33.5000,"SPARK-IGNITION RECIPROCATING PISTON ENGINES EXCEEDING 250 CC BUT NOT EXCEEDING 1000 CC, NESOI",Engines,Cross-Platform,Cross-Platform,Aircraft,Ships/Subs,Land Vehicles,Dual,362869809,1989,2019
8407.34.2000,"SPARK-IGNITION PISTON ENGINES EXCEEDING 1000 CC, TO BE INSTALLED IN ROAD TRACTORS, MOTOR BUSES, AUTOMOBILES OR TRUCK TRACTORS",Engines,Land Vehicles,Land Vehicles,Land Vehicles,NA,NA,Dual,10193902019,1989,1994
8407.34.2030,"SPARK-IGNITION PISTON ENGINES EXCEEDING 1000CC AND NOT EXCEEDING 2000 CC TO BE INSTALLED IN ROAD TRUCKS, BUSES, AUTOMOBILES OR TRUCK TRACTORS",Engines,Land Vehicles,Land Vehicles,Land Vehicles,NA,NA,Dual,8372967429,1995,2019
8407.34.2090,"SPARK-IGNITION PISTON ENGINES EXCEEDING 2000 CC, TO BE INSTALLED IN ROAD TRACTORS, MOTOR BUSES, AUTOMOBILES OR TRUCK TRACTORS",Engines,Land Vehicles,Land Vehicles,Land Vehicles,NA,NA,Dual,93205626921,1995,2019
8407.34.5000,"SPARK-IGNITION RECIPROCATING PISTON ENGINES EXCEEDING 1000 CC, NESOI",Engines,Cross-Platform,Cross-Platform,Aircraft,Ships/Subs,Land Vehicles,Dual,2417762925,1989,2019
8407.90.9010,SPARK-IGNITION INTERNAL COMBUSTION PISTON TYPE GAS (NATURAL OR LP) ENGINES,Engines,Cross-Platform,Cross-Platform,Aircraft,Ships/Subs,Land Vehicles,Dual,3885308184,1989,2019
8407.90.9030,"SPARK-IGNITION RECIPROCATING OR ROTARY INTERNAL COMBUSTION PISTON ENGINES, NESOI, LESS THAN 4476 W (6 HP)",Engines,Cross-Platform,Cross-Platform,Aircraft,Ships/Subs,Land Vehicles,Dual,1653636229,1989,2019
8407.90.9050,"SPARK-IGNITION RECIPROCATING OR ROTARY INTERNAL COMBUSTION PISTON ENGINES, NESOI",Engines,Cross-Platform,Cross-Platform,Ships/Subs,Land Vehicles,NA,Dual,3467821282,1989,2019
8409.10.0080,PARTS FOR SPARK-IGNITION OR COMPRESSION-IGNITION INTERNAL COMBUSTION PISTON ENGINES FOR USE IN AIRCRAFT EXCEPT CIVIL,Parts,Aerospace,Aerospace,Aircraft,NA,NA,Arms,"2,715,501,535.00",1989,2019
8409.91.4000,"PARTS FOR SPARK-IGNITION INTERNAL COMBUSTION PISTON ENGINES FOR USE IN ROAD TRACTORS, MOTOR BUSES, AUTOMOBILES OR TRUCKS",Parts,Land Vehicles,Land Vehicles,Land Vehicles,NA,NA,Dual,30516969008,1989,2019
8409.91.6000,PARTS FOR SPARK-IGNITION INTERNAL COMBUSTION PISTON ENGINES FOR MARINE PROPULSION,Parts,Ships & Submarines,Ships & Submarines,Ships/Subs,NA,NA,Dual,3671010438,1989,2019
8409.91.8000,"PARTS FOR SPARK-IGNITION INTERNAL COMBUSTION PISTON ENGINES, NESOI",Parts,Cross-Platform,Cross-Platform,Aircraft,Ships/Subs,Land Vehicles,Dual,41441687348,1989,2019
8409.99.4000,"PARTS FOR COMPRESSION-IGNITION INTERNAL COMBUSTION PISTON ENGINES (DIESEL) FOR USE IN ROAD TRACTORS, MOTOR BUSES, AUTOMOBILES OR TRUCKS",Parts,Land Vehicles,Land Vehicles,Land Vehicles,NA,NA,Dual,18471727037,1989,2019
8409.99.6000,PARTS FOR COMPRESSION-IGNITION INTERNAL COMBUSTION PISTON ENGINES (DIESEL) FOR MARINE PROPULSION,Parts,Ships & Submarines,Ships & Submarines,Ships/Subs,NA,NA,Dual,2026663450,1989,2019
8409.99.8000,"PARTS FOR COMPRESSION-IGNITION INTERNAL COMBUSTION PISTON ENGINES (DIESEL), NESOI",Parts,Cross-Platform,Cross-Platform,Aircraft,Ships/Subs,Land Vehicles,Dual,26736406813,1989,2019
8411.11.4050,"TURBOJET AIRCRAFT TURBINES (ENGINES) OTHER THAN FOR CIVIL AIRCRAFT, OF A THRUST NOT EXCEEDING 25 KN",Engines,Aerospace,Aerospace,Aircraft,NA,NA,Arms,"602,443,039.00",1989,2019
8411.11.8000,"TURBOJET TURBINES (ENGINES), EXCEPT AIRCRAFT, OF A THRUST NOT EXCEEDING 25 KN",Engines,Aerospace,Aerospace,Aircraft,NA,NA,Arms,"1,487,718,351.00",1989,2019
8411.12.4050,"TURBOJET AIRCRAFT TURBINES (ENGINES) OTHER THAN FOR CIVIL AIRCRAFT, OF A THRUST EXCEEDING 25 KN",Engines,Aerospace,Aerospace,Aircraft,NA,NA,Arms,"3,910,478,286.00",1989,2019
8411.12.8000,"TURBOJET TURBINES (ENGINES), EXCEPT AIRCRAFT, OF A THRUST EXCEEDING 25 KN",Engines,Cross-Platform,Cross-Platform,Ships/Subs,Land Vehicles,NA,Dual,1343320281,1989,2019
8411.21.4050,"TURBOPROPELLER AIRCRAFT TURBINES (ENGINES) OTHER THAN FOR CIVIL AIRCRAFT, OF A POWER NOT EXCEEDING 1100 KW",Engines,Aerospace,Aerospace,Aircraft,NA,NA,Arms,"626,472,792.00",1989,2019
8411.21.8000,"TURBOPROPELLER TURBINES (ENGINES), EXCEPT AIRCRAFT, OF A POWER NOT EXCEEDING 1,100 KW",Engines,Cross-Platform,Cross-Platform,Ships/Subs,Land Vehicles,NA,Dual,251763940,1989,2019
8411.22.4050,"TURBOPROPELLER AIRCRAFT TURBINES (ENGINES) OTHER THAN FOR USE IN CIVIL AIRCRAFT, OF A POWER EXCEEDING 1100 KW",Engines,Aerospace,Aerospace,Aircraft,NA,NA,Arms,"1,389,864,368.00",1989,2019
8411.22.8000,"TURBOPROPELLER TURBINES (ENGINES), EXCEPT AIRCRAFT, OF A POWER EXCEEDING 1,100 KW",Engines,Cross-Platform,Cross-Platform,Ships/Subs,Land Vehicles,NA,Dual,450269012,1989,2019
8411.81.4050,"AIRCRAFT TURBINES (ENGINES), EXCEPT FOR USE IN CIVIL AIRCRAFT, OF A POWER NOT EXCEEDING 5000 KW",Engines,Aerospace,Aerospace,Aircraft,NA,NA,Arms,"1,487,002,716.00",1989,2019
8411.81.8000,"GAS TURBINE ENGINE, EXCEPT AIRCRAFT NESOI, OF A POWER NOT EXCEEDING 5,000 KW",Engines,Cross-Platform,Cross-Platform,Ships/Subs,Land Vehicles,NA,Dual,4661091185,1989,2019
8411.82.4050,"AIRCRAFT TURBINES (ENGINES), EXCEPT FOR USE IN CIVIL AIRCRAFT, OF A POWER EXCEEDING 5000 KW",Engines,Aerospace,Aerospace,Aircraft,NA,NA,Arms,"1,232,843,376.00",1989,2019
8411.82.8000,"GAS TURBINE ENGINES, EXCEPT AIRCRAFT NESOI, OF A POWER EXCEEDING 5,000 KW",Engines,Cross-Platform,Cross-Platform,Ships/Subs,Land Vehicles,NA,Dual,45821526457,1989,2019
8411.91.4000,PARTS OF NONAIRCRAFT TURBOJETS AND TURBOPROPELLERS,Parts,Cross-Platform,Cross-Platform,Ships/Subs,Land Vehicles,NA,Dual,3671576454,1989,2019
8411.91.7050,"PARTS OF TURBOJET AND TURBOPROPELLER AIRCRAFT ENGINES, OTHER THAN FOR USE IN CIVIL AIRCRAFT",Parts,Aerospace,Aerospace,Aircraft,NA,NA,Arms,"22,086,436,950.00",1989,2019
8411.99.4000,PARTS OF NONAIRCRAFT GAS TURBINES,Parts,Cross-Platform,Cross-Platform,Ships/Subs,Land Vehicles,NA,Dual,75747384896,1989,2019
8411.99.7050,"PARTS OF GAS TURBINE AIRCRAFT ENGINES, OTHER THAN FOR USE IN CIVIL AIRCRAFT",Parts,Aerospace,Aerospace,Aircraft,NA,NA,Arms,"10,054,462,614.00",1989,2019
8710.00.0030,TRACKED (INCLUDING HALF-TRACKED) VEHICLES,Systems and Ordnance,Land Vehicles,Land Vehicles,Land Vehicles,NA,NA,Dual,6104071173,1989,2019
8710.00.0060,"ARMORED FIGHTING VEHICLES,MOTORIZED WHETHER OR NOT FITTED WITH WEAPONS NESOI",Systems and Ordnance,Land Vehicles,Land Vehicles,Land Vehicles,NA,NA,Arms,"6,873,245,126.00",1989,2019
8710.00.0090,"PARTS OF ARMORED FIGHTING VEHICLES,MOTORIZED, WHETHER OR NOT FITTED WITH WEAPONS",Systems and Ordnance,Land Vehicles,Land Vehicles,Land Vehicles,NA,NA,Arms,"18,068,245,183.00",1989,2019
8802.11.0015,"NEW HELICOPTERS, MILITARY, OF AN UNLADEN WEIGHT NOT EXCEEDING 2,000 KG",Systems and Ordnance,Aerospace,Aerospace,Aircraft,NA,NA,Arms,"793,059,994.00",1989,2018
8802.11.0060,"USED OR REBUILT HELICOPTERS, MILITARY, OF AN UNLADEN WEIGHT NOT EXCEEDING 2,000 KG",Systems and Ordnance,Aerospace,Aerospace,Aircraft,NA,NA,Arms,"137,982,986.00",1989,2018
8802.12.0020,"NEW HELICOPTERS, MILITARY, OF AN UNLADEN WEIGHT EXCEEDING 2,000 KG",Systems and Ordnance,Aerospace,Aerospace,Aircraft,NA,NA,Arms,"19,169,714,719.00",1989,2019
8802.12.0060,"USED OR REBUILT HELICOPTERS, MILITARY, OF AN UNLADEN WEIGHT EXCEEDING 2,000 KG",Systems and Ordnance,Aerospace,Aerospace,Aircraft,NA,NA,Arms,"1,512,061,700.00",1989,2019
8802.20.0015,"AIRPLANES AND OTHER AIRCRAFT, OF AN UNLADEN WEIGHT NOT EXCEEDING 450 KG",Systems and Ordnance,Aerospace,Aerospace,Aircraft,NA,NA,Dual,168401937,1989,2008
8802.20.0020,"NEW AIRPLANES, MILITARY, OF AN UNLADEN WEIGHT EXCEEDING 450 KG BUT NOT EXCEEDING 2,000 KG",Systems and Ordnance,Aerospace,Aerospace,Aircraft,NA,NA,Arms,"117,135,508.00",1989,2014
8802.20.0030,"NEW MILITARY AIRCRAFT, OF AN UNLADEN WEIGHT EXCEEDING 450 KG BUT NOT EXCEEDING 2,000 KG, NESOI",Systems and Ordnance,Aerospace,Aerospace,Aircraft,NA,NA,Arms,"451,391,448.00",1989,2019
8802.20.0070,"USED OR REBUILT MILITARY AIRCRAFT, OF AN UNLADEN WEIGHT EXCEEDING 450 KG BUT NOT EXCEEDING 2,000 KG",Systems and Ordnance,Aerospace,Aerospace,Aircraft,NA,NA,Arms,"66,306,823.00",1989,2017
8802.30.0010,"NEW MILITARY AIRCRAFT FIGHTERS, OF AN UNLADEN WEIGHT EXCEEDING 2,000 KG BUT NOT EXCEEDING 15,000 KG",Systems and Ordnance,Aerospace,Aerospace,Aircraft,NA,NA,Arms,"24,766,169,854.00",1989,2017
8802.30.0020,"NEW MILITARY AIRCRAFT, EXCLUDING FIGHTERS, OF AN UNLADEN WEIGHT EXCEEDING 2,000 KG BUT NOT EXCEEDING 15,000 KG",Systems and Ordnance,Aerospace,Aerospace,Aircraft,NA,NA,Arms,"3,352,900,714.00",1989,2019
8802.30.0070,"USED OR REBUILT MILITARY AIRCRAFT, OF AN UNLADEN WEIGHT EXCEEDING 2,000 KG BUT NOT EXCEEDING 15,000 KG",Systems and Ordnance,Aerospace,Aerospace,Aircraft,NA,NA,Arms,"1,511,793,847.00",1989,2019
8802.40.0015,"NEW MILITARY AIRCRAFT FIGHTERS, OF AN UNLADEN WEIGHT EXCEEDING 15,000 KG",Systems and Ordnance,Aerospace,Aerospace,Aircraft,NA,NA,Arms,"5,973,378,308.00",1991,2017
8802.40.0020,"NEW MILITARY CARGO TRANSPORT AIRCRAFT, OF AN UNLADEN WEIGHT EXCEEDING 15,000 KG",Systems and Ordnance,Aerospace,Aerospace,Aircraft,NA,NA,Arms,"14,005,700,674.00",1989,2018
8802.40.0030,"NEW MILITARY AIRCRAFT,OTHER THAN FIGHTERS AND CARGO TRANSPORTS, OF AN UNLADEN WEIGHT EXCEEDING 15,000 KG",Systems and Ordnance,Aerospace,Aerospace,Aircraft,NA,NA,Arms,"4,970,553,861.00",1989,2019
8802.40.0080,"USED OR REBUILT MILITARY AIRCRAFT, OF AN UNLADEN WEIGHT EXCEEDING 15,000 KG",Systems and Ordnance,Aerospace,Aerospace,Aircraft,NA,NA,Arms,"2,036,123,000.00",1989,2017
8802.50.3000,COMMUNICATIONS SATELLITES,Systems and Ordnance,Aerospace,Aerospace,Space Systems,NA,NA,Dual,2764586831,1989,1995
8802.50.9020,MILITARY SPACECRAFT AND SPACECRAFT LAUNCH VEHICLES (EXCLUDING COMMUNICATION SATELLITES),Systems and Ordnance,Aerospace,Aerospace,Space Systems,NA,NA,Arms,"48,817,306.00",1989,1995
8802.60.3000,COMMUNICATIONS SATELLITES,Systems and Ordnance,Aerospace,Aerospace,Space Systems,NA,NA,Dual,15617982503,1996,2019
8802.60.9020,MILITARY SPACECRAFT AND SUBORBITAL AND SPACECRAFT LAUNCH VEHICLES (EXCLUDING COMMUNICATION SATELLITES),Systems and Ordnance,Aerospace,Aerospace,Space Systems,NA,NA,Arms,"47,021,961.00",1996,2018
8803.10.0050,PROPELLERS AND ROTORS AND PARTS THEREOF FOR USE IN MILITARY AIRCRAFT,Parts and Accessories,Aerospace,Aerospace,Aircraft,NA,NA,Arms,"2,454,570,128.00",1989,2007
8803.10.0060,"PROPELLERS AND ROTORS AND PARTS THEREOF, FOR USE IN MILITARY AIRCRAFT",Parts and Accessories,Aerospace,Aerospace,Aircraft,NA,NA,Arms,"1,888,460,277.00",2008,2019
8803.20.0050,UNDERCARRIAGES AND PARTS THEREOF FOR USE IN MILITARY AIRCRAFT,Parts and Accessories,Aerospace,Aerospace,Aircraft,NA,NA,Arms,"3,103,856,344.00",1989,2007
8803.20.0060,"UNDERCARRIAGES AND PARTS THEREOF, FOR USE IN MILITARY AIRCRAFT",Parts and Accessories,Aerospace,Aerospace,Aircraft,NA,NA,Arms,"1,926,074,840.00",2008,2019
8803.30.0050,"OTHER PARTS OF AIRPLANES OR HELICOPTERS FOR USE IN MILITARY AIRCRAFT (EXCLUDES PROPELLERS, ROTORS, UNDERCARRIAGES, AND PARTS THEREOF)",Parts and Accessories,Aerospace,Aerospace,Aircraft,NA,NA,Arms,"67,274,664,225.00",1989,2007
8803.30.0060,"OTHER PARTS OF AIRPLANES OR HELICOPTERS FOR USE IN MILITARY AIRCRAFT (EXCLUDES PROPELLERS, ROTORS, UNDERCARRIAGES, AND PARTS THEREOF)",Parts and Accessories,Aerospace,Aerospace,Aircraft,NA,NA,Arms,"53,570,129,824.00",2008,2019
8803.90.3000,PARTS OF COMMUNICATIONS SATELLITES,Parts and Accessories,Aerospace,Aerospace,Space Systems,NA,NA,Dual,3128615902,1989,2019
8803.90.9010,"OTHER PARTS,NESOI,FOR USE IN CIVIL AIRCRAFT, BALLOONS,DIRIGIBLES,GLIDERS,HANG GLIDERS,AND OTHER NON-POWRERED AIRCRAFT",Parts and Accessories,Aerospace,Aerospace,Aircraft,NA,NA,Dual,7402887152,1989,2008
8803.90.9050,"OTHER PARTS,NESOI,FOR USE IN OTHER MILITARY AIRCRAFT,AND SPACECRAFT LAUNCH VEHICLES (EXCLUDING PARTS OF COMMUNICATION SATELLITES)",Parts and Accessories,Aerospace,Aerospace,Aircraft,Space Systems,NA,Arms,"5,549,972,024.00",1989,2007
8803.90.9060,"OTHER PARTS, NESOI, FOR USE IN OTHER MILITARY AIRCRAFT, SPACECRAFT AND SPACECRAFT LAUNCH VEHICLES (EXCLUDING PARTS OF COMMUNICATION SATELLITES)",Parts and Accessories,Aerospace,Aerospace,Aircraft,Space Systems,NA,Arms,"3,848,757,901.00",2008,2019
8804.00.0000,PARACHUTES (INCLUDING DIRIGIBLE PARACHUTES AND PARAGLIDERS) AND ROTOCHUTES; PARTS THEREOF AND ACCESSORIES THERETO,Parts and Accessories,Other Products,Other Products,Other Products,NA,NA,Dual,1222282644,1989,2019
8805.10.0000,AIRCRAFT LAUNCHING GEAR AND PARTS THEREOF; DECK-ARRESTOR OR SIMILAR GEAR AND PARTS THEREOF,Parts and Accessories,Aerospace,Aerospace,Aircraft,NA,NA,Arms,"2,337,389,226.00",1989,2019
8805.20.0000,GROUND FLYING TRAINERS AND PARTS THEREOF,Parts and Accessories,Aerospace,Aerospace,Aircraft,NA,NA,Dual,2840682509,1989,2001
8805.21.0000,AIR COMBAT SIMULATORS AND PARTS THEREOF,Parts and Accessories,Other Products,Other Products,Other Products,NA,NA,Arms,"1,549,207,922.00",2002,2019
8805.29.0000,"GROUND FLYING TRAINERS AND PARTS THEREOF, NESOI",Parts and Accessories,Aerospace,Aerospace,Aircraft,NA,NA,Dual,1075272119,2002,2008
8906.00.9010,WARSHIPS,Systems and Ordnance,Ships & Submarines,Ships & Submarines,Ships/Subs,NA,NA,Arms,"749,517,048.00",1989,2000
8906.10.0000,"WARSHIPS (INCLUDING SUBMARINES, TROOPSHIPS ETC.)",Systems and Ordnance,Ships & Submarines,Ships & Submarines,Ships/Subs,NA,NA,Arms,"713,027,879.00",2002,2019
9014.20.8080,"INSTRUMENTS AND APPLIANCES FOR AERONAUTICAL OR SPACE NAVIGATION (OTHER THAN COMPASSES), NESOI",Parts and Accessories,Aerospace,Aerospace,Space Systems,NA,NA,Dual,3975029106,1989,2019
9301.00.3000,MILITARY RIFLES,Systems and Ordnance,Ordnance and Missiles,Other Small Arms,Ordnance and Missiles,NA,NA,Arms,"442,343,464.00",1989,2001
9301.00.6000,MILITARY SHOTGUNS,Systems and Ordnance,Ordnance and Missiles,Other Small Arms,Ordnance and Missiles,NA,NA,Arms,"13,379,775.00",1989,2001
9301.00.9010,"SELF PROPELLED GUNS, HOWITZERS, AND MORTARS HAVING BORE DIAMETER OF MORE THAN 30-MM, INCLUDING SYSTEMS WITH A TOTAL OF MORE THAN 30-MM EACH (MILITARY)",Systems and Ordnance,Ordnance and Missiles,Artillery,Ordnance and Missiles,NA,NA,Arms,"334,720,979.00",1989,2001
9301.00.9020,"OTHER GUNS, HOWITZERS, AND MORTARS HAVING A BORE DIAMETER OF MORE THAN 30-MM INCLUDING SYSTEM WITH A TOTAL OF MORE THAN 30-MM FOR EACH (MILITARY)",Systems and Ordnance,Ordnance and Missiles,Artillery,Ordnance and Missiles,NA,NA,Arms,"338,382,112.00",1989,2001
9301.00.9030,MACHINE GUNS WITH A BORE DIAMETER OF LESS THAN 30-MM (MILITARY),Systems and Ordnance,Ordnance and Missiles,Other Small Arms,Ordnance and Missiles,NA,NA,Arms,"110,917,020.00",1989,2001
9301.00.9040,"GUNS, HOWITZERS, AND MORTARS HAVING A BORE DIAMETER OF 30-MM OR LESS, EXCEPT SYSTEMS WITH A TOTAL OF MORE THAN 30-MM FOR EACH SYSTEM MLTRY",Systems and Ordnance,Ordnance and Missiles,Artillery,Ordnance and Missiles,NA,NA,Arms,"327,325,371.00",1989,2001
9301.00.9050,"MISSILE AND ROCKET LAUNCHERS FLAMETHROWERS, GRENADE LAUNCHERS, AND TORPEDO TUBES, AND SIMILAR PROJECTORS (MILITARY)",Systems and Ordnance,Ordnance and Missiles,Launchers,Ordnance and Missiles,NA,NA,Arms,"1,721,250,732.00",1989,2001
9301.00.9090,"MILITARY WEAPONS, OTHER THAN REVOLVERS, PISTOLS AND ARMS OF HEADING 9307, NESOI",Systems and Ordnance,Ordnance and Missiles,Other Small Arms,Ordnance and Missiles,NA,NA,Arms,"314,535,778.00",1989,2001
9301.10.0010,"SELF-PROPELLED ARTILLERY WEAPONS (FOR EXAMPLE, GUNS, HOWITZERS AND MORTARS) MILITARY WEAPONS, OTHER THAN REVOLVERS & PISTOLS & ARMS OF HEADING 9307",Systems and Ordnance,Land Vehicles,Artillery,Land Vehicles,NA,NA,Arms,"77,546,130.00",2012,2019
9301.10.0080,"ARTILLERY WEAPONS (EXCEPT SELF-PROPELLED), MILITARY, FOR EXAMPLE, GUNS, HOWITZERS AND MORTARS",Systems and Ordnance,Ordnance and Missiles,Artillery,Ordnance and Missiles,NA,NA,Arms,"505,421,146.00",2012,2019
9301.11.0000,"SELF-PROPELLED ARTILLERY WEAPONS (FOR EXAMPLE, GUNS, HOWITZERS AND MORTARS) MILITARY WEAPONS, OTHER THAN REVOLVERS & PISTOLS & ARMS OF HEADING 9307",Systems and Ordnance,Land Vehicles,Artillery,Land Vehicles,NA,NA,Arms,"314,565,874.00",2002,2011
9301.19.0000,"ARTILLERY WEAPONS (EXCEPT SELF-PROPELLED), MILITARY, FOR EXAMPLE, GUNS, HOWITZERS AND MORTARS",Systems and Ordnance,Ordnance and Missiles,Artillery,Ordnance and Missiles,NA,NA,Arms,"567,234,434.00",2002,2011
9301.20.0000,"ROCKET LAUNCHERS FLAMETHROWERS, GRENADE LAUNCHERS, AND TORPEDO TUBES, AND SIMILAR PROJECTORS (MILITARY)",Systems and Ordnance,Ordnance and Missiles,Launchers,Ordnance and Missiles,NA,NA,Arms,"1,708,957,373.00",2002,2019
9301.90.3000,MILITARY RIFLES,Systems and Ordnance,Ordnance and Missiles,Other Small Arms,Ordnance and Missiles,NA,NA,Arms,"868,483,653.00",2002,2019
9301.90.3010,"MILITARY RIFLES, Telescopic sights imported with rifles",Parts and Accessories,Ordnance and Missiles,Other Small Arms,Ordnance and Missiles,NA,NA,Arms,"868,483,653.00",2002,2019
9301.90.3020,"MILITARY RIFLES, Rifles",Systems and Ordnance,Ordnance and Missiles,Other Small Arms,Ordnance and Missiles,NA,NA,Arms,"868,483,653.00",2002,2019
9301.90.6000,MILITARY SHOTGUNS,Systems and Ordnance,Ordnance and Missiles,Other Small Arms,Ordnance and Missiles,NA,NA,Arms,"60,208,925.00",2002,2019
9301.90.9030,"MACHINE GUNS, MILITARY",Systems and Ordnance,Ordnance and Missiles,Other Small Arms,Ordnance and Missiles,NA,NA,Arms,"1,026,491,410.00",2002,2019
9301.90.9090,"MILITARY WEAPONS, OTHER THAN ARMS OF HEADING 9307, NESOI",Systems and Ordnance,Ordnance and Missiles,Other Small Arms,Ordnance and Missiles,NA,NA,Arms,"779,447,031.00",2002,2019
9302.00.0000,"REVOLVERS AND PISTOLS, OTHER THAN THOSE OF HEADING 9303 OR 9304",Systems and Ordnance,Ordnance and Missiles,Other Small Arms,Ordnance and Missiles,NA,NA,Arms,,,
9302.00.0020,"REVOLVERS, OTHER THAN THOSE OF HEADING 9303 OR 9304",Systems and Ordnance,Ordnance and Missiles,Other Small Arms,Ordnance and Missiles,NA,NA,Arms,,,
9302.00.0040,"PISTOLS, SEMIAUTOMATIC, OTHER THAN THOSE OF HEADING 9303 OR 9304",Systems and Ordnance,Ordnance and Missiles,Other Small Arms,Ordnance and Missiles,NA,NA,Arms,,,
9302.00.0090,"PISTOLS, OTHER THAN THOSE OF HEADING 9303 OR 9304, EXCEPT SEMIAUTOMATIC",Systems and Ordnance,Ordnance and Missiles,Other Small Arms,Ordnance and Missiles,NA,NA,Arms,,,
9303.10.0000,MUZZLE-LOADING FIREARMS,Systems and Ordnance,Ordnance and Missiles,Other Small Arms,Ordnance and Missiles,NA,NA,Arms,,,
9303.20.0010,"SHOTGUNS FOR SPORTING, HUNTING OR TARGET-SHOOTING",Systems and Ordnance,Ordnance and Missiles,Other Small Arms,Ordnance and Missiles,NA,NA,Arms,,,
9303.20.0020,NEW: Autoloading; Indent: 3,Systems and Ordnance,Ordnance and Missiles,Other Small Arms,Ordnance and Missiles,NA,NA,Arms,,,
9303.20.0030,"SHOTGUNS, PUMP ACTION, NESOI",Systems and Ordnance,Ordnance and Missiles,Other Small Arms,Ordnance and Missiles,NA,NA,Arms,,,
9303.20.0035,"SHOTGUNS, NESOI",Systems and Ordnance,Ordnance and Missiles,Other Small Arms,Ordnance and Missiles,NA,NA,Arms,,,
9303.20.0040,NEW: Over and under; Indent: 3,Systems and Ordnance,Ordnance and Missiles,Other Small Arms,Ordnance and Missiles,NA,NA,Arms,,,
9303.20.0065,NEW: Other; Indent: 3,Systems and Ordnance,Ordnance and Missiles,Other Small Arms,Ordnance and Missiles,NA,NA,Arms,,,
9303.20.0080,COMBINATION SHOTGUN-RIFLES,Systems and Ordnance,Ordnance and Missiles,Other Small Arms,Ordnance and Missiles,NA,NA,Arms,,,
9303.30.3020,"CENTERFIRE SPORTING, HUNTING OR TARGET-SHOOTING RIFLES, VALUED OVER $25 BUT NOT OVER $50 EACH",Systems and Ordnance,Ordnance and Missiles,Other Small Arms,Ordnance and Missiles,NA,NA,Arms,,,
9303.30.3030,"RIMFIRE SPORTING, HUNTING, OR TARGET-SHOOTING RIFLES VALUED OVER $25 BUT NOT OVER $50 EACH",Systems and Ordnance,Ordnance and Missiles,Other Small Arms,Ordnance and Missiles,NA,NA,Arms,,,
9303.30.4010,NEW: Telescopic sights imported with rifles; Indent: 3,Parts and Accessories,Ordnance and Missiles,Other Small Arms,Ordnance and Missiles,NA,NA,Arms,,,
9303.30.4020,"CENTERFIRE HUNTING OR TARGET-SHOOTING RIFLES, VALUED OVER $25 BUT NOT OVER $50 EACH",Systems and Ordnance,Ordnance and Missiles,Other Small Arms,Ordnance and Missiles,NA,NA,Arms,,,
9303.30.4020,"CENTERFIRE SPORTING, HUNTING OR TARGET-SHOOTING RIFLES, VALUED OVER $25 BUT NOT OVER $50 EACH",Systems and Ordnance,Ordnance and Missiles,Other Small Arms,Ordnance and Missiles,NA,NA,Arms,,,
9303.30.4030,"RIMFIRE HUNTING OR TARGET-SHOOTING RIFLES, VALUED OVER $25 BUT NOT OVER $50 EACH",Systems and Ordnance,Ordnance and Missiles,Other Small Arms,Ordnance and Missiles,NA,NA,Arms,,,
9303.30.4030,"RIMFIRE SPORTING, HUNTING, OR TARGET-SHOOTING RIFLES VALUED OVER $25 BUT NOT OVER $50 EACH",Systems and Ordnance,Ordnance and Missiles,Other Small Arms,Ordnance and Missiles,NA,NA,Arms,,,
9303.30.7010,"RIFLES, CENTERFIRE AUTOLOADING",Systems and Ordnance,Ordnance and Missiles,Other Small Arms,Ordnance and Missiles,NA,NA,Arms,,,
9303.30.7012,"RIFLES, SINGLE SHOT CENTERFIRE BOLT ACTION",Systems and Ordnance,Ordnance and Missiles,Other Small Arms,Ordnance and Missiles,NA,NA,Arms,,,
9303.30.7017,"RIFLES, CENTERFIRE BOLT ACTION, NESOI",Systems and Ordnance,Ordnance and Missiles,Other Small Arms,Ordnance and Missiles,NA,NA,Arms,,,
9303.30.7025,"RIFLES, CENTERFIRE, NESOI",Systems and Ordnance,Ordnance and Missiles,Other Small Arms,Ordnance and Missiles,NA,NA,Arms,,,
9303.30.7030,"RIMFIRE SPORTING, HUNTING OR TARGET-SHOOTING RIFLES, NESOI",Systems and Ordnance,Ordnance and Missiles,Other Small Arms,Ordnance and Missiles,NA,NA,Arms,,,
9303.30.8005,NEW: Telescopic sights imported with rifles; Indent: 3,Parts and Accessories,Ordnance and Missiles,Other Small Arms,Ordnance and Missiles,NA,NA,Arms,,,
9303.30.8010,"RIFLES, CENTERFIRE AUTOLOADING",Systems and Ordnance,Ordnance and Missiles,Other Small Arms,Ordnance and Missiles,NA,NA,Arms,,,
9303.30.8012,"RIFLES, SINGLE SHOT CENTERFIRE BOLT ACTION",Systems and Ordnance,Ordnance and Missiles,Other Small Arms,Ordnance and Missiles,NA,NA,Arms,,,
9303.30.8017,"RIFLES, CENTERFIRE BOLT ACTION, NESOI",Systems and Ordnance,Ordnance and Missiles,Other Small Arms,Ordnance and Missiles,NA,NA,Arms,,,
9303.30.8020,"CENTERFIRE SPORTING, HUNTING OR TARGET-SHOOTING RIFLES, NESOI",Systems and Ordnance,Ordnance and Missiles,Other Small Arms,Ordnance and Missiles,NA,NA,Arms,,,
9303.30.8025,"RIFLES, CENTERFIRE, NESOI",Systems and Ordnance,Ordnance and Missiles,Other Small Arms,Ordnance and Missiles,NA,NA,Arms,,,
9303.30.8030,"RIMFIRE SPORTING, HUNTING OR TARGET-SHOOTING RIFLES, NESOI",Systems and Ordnance,Ordnance and Missiles,Other Small Arms,Ordnance and Missiles,NA,NA,Arms,,,
9303.90.4000,PISTOLS AND REVOLVERS DESIGNED TO FIRE ONLY BLANK CARTRIDGES OR BLANK AMMUNITION,Systems and Ordnance,Ordnance and Missiles,Other Small Arms,Ordnance and Missiles,NA,NA,Arms,,,
9303.90.8000,"FIREARMS AND SIMILAR DEVICES WHICH OPERATE BY THE FIRING OF AN EXPLOSIVE CHARGE, NESOI",Systems and Ordnance,Ordnance and Missiles,Other Small Arms,Ordnance and Missiles,NA,NA,Arms,,,
9304.00.0000,"OTHER ARMS (FOR EX SPRING, AIR OR GAS GUNS AND PISTOLS, TRUNCHEONS), EXCLUDING THOSE OF HEADING 9307",Systems and Ordnance,Ordnance and Missiles,Other Small Arms,Ordnance and Missiles,NA,NA,Arms,,,
9304.00.2000,NEW: Rifles; Indent: 2,Systems and Ordnance,Ordnance and Missiles,Other Small Arms,Ordnance and Missiles,NA,NA,Arms,,,
9304.00.4000,NEW: Other; Indent: 2,Systems and Ordnance,Ordnance and Missiles,Other Small Arms,Ordnance and Missiles,NA,NA,Arms,,,
9304.00.6000,NEW: Other; Indent: 1,Systems and Ordnance,Ordnance and Missiles,Other Small Arms,Ordnance and Missiles,NA,NA,Arms,,,
9305.10.0000,PARTS AND ACCESSORIES OF REVOLVERS OR PISTOLS OF HEADINGS 9301 TO 9304,Parts and Accessories,Ordnance and Missiles,Other Small Arms,Ordnance and Missiles,NA,NA,Arms,146213373,1989,2004
9305.10.0010,FRAMES AND RECEIVERS OF REVOLVERS OR PISTOLS OF HEADINGS 9301 TO 9304,Parts and Accessories,Ordnance and Missiles,Other Small Arms,Ordnance and Missiles,NA,NA,Arms,"39,301,479.00",2005,2019
9305.10.0090,"PARTS AND ACCESSORIES OF REVOLVERS OR PISTOLS OF HEADINGS 9301 TO 9304, EXCEPT FRAMES AND RECEIVERS",Parts and Accessories,Ordnance and Missiles,Other Small Arms,Ordnance and Missiles,NA,NA,Arms,"197,064,429.00",2005,2019
9305.10.2010,NEW: Frames and receivers; Indent: 3,Parts and Accessories,Ordnance and Missiles,Other Small Arms,Ordnance and Missiles,NA,NA,Arms,"197,064,429.00",2005,2019
9305.10.2080,NEW: Other; Indent: 3,Parts and Accessories,Ordnance and Missiles,Other Small Arms,Ordnance and Missiles,NA,NA,Arms,"197,064,429.00",2005,2019
9305.10.4000,NEW: Of revolvers or pistols designed to fire only blank cartridges or blank ammunition; Indent: 3,Parts and Accessories,Ordnance and Missiles,Other Small Arms,Ordnance and Missiles,NA,NA,Arms,"197,064,429.00",2005,2019
9305.10.6000,NEW: Of muzzle-loading revolvers and pistols; Indent: 3,Parts and Accessories,Ordnance and Missiles,Other Small Arms,Ordnance and Missiles,NA,NA,Arms,"197,064,429.00",2005,2019
9305.10.8000,NEW: Other; Indent: 3,Parts and Accessories,Ordnance and Missiles,Other Small Arms,Ordnance and Missiles,NA,NA,Arms,"197,064,429.00",2005,2019
9305.20.0500,NEW: Rifle stocks; Indent: 2,Parts and Accessories,Ordnance and Missiles,Other Small Arms,Ordnance and Missiles,NA,NA,Arms,"197,064,429.00",2005,2019
9305.20.1000,SHOTGUN BARRELS OF HEADING 9303,Parts and Accessories,Ordnance and Missiles,Other Small Arms,Ordnance and Missiles,NA,NA,Arms,9589948,2012,2019
9305.20.8004,NEW: Of muzzle-loading shotguns; Indent: 4,Parts and Accessories,Ordnance and Missiles,Other Small Arms,Ordnance and Missiles,NA,NA,Arms,"197,064,429.00",2005,2019
9305.20.8008,NEW: Other; Indent: 4,Parts and Accessories,Ordnance and Missiles,Other Small Arms,Ordnance and Missiles,NA,NA,Arms,"197,064,429.00",2005,2019
9305.20.8020,NEW: Other parts of muzzle-loading shotguns or rifles; Indent: 3,Parts and Accessories,Ordnance and Missiles,Other Small Arms,Ordnance and Missiles,NA,NA,Arms,"197,064,429.00",2005,2019
9305.20.8031,NEW: Stocks; Indent: 5,Parts and Accessories,Ordnance and Missiles,Other Small Arms,Ordnance and Missiles,NA,NA,Arms,"197,064,429.00",2005,2019
9305.20.8033,NEW: Other; Indent: 5,Parts and Accessories,Ordnance and Missiles,Other Small Arms,Ordnance and Missiles,NA,NA,Arms,"197,064,429.00",2005,2019
9305.20.8060,NEW: Of rifles; Indent: 4,Parts and Accessories,Ordnance and Missiles,Other Small Arms,Ordnance and Missiles,NA,NA,Arms,"197,064,429.00",2005,2019
9305.20.9000,PARTS AND ACCESSORIES OF SHOTGUNS OR RIFLES OR HEADING 9303 EXCEPT SHOTGUN BARRELS,Parts and Accessories,Ordnance and Missiles,Other Small Arms,Ordnance and Missiles,NA,NA,Arms,431011514,2012,2019
9305.21.0000,SHOTGUN BARRELS OF HEADING 9303,Parts and Accessories,Ordnance and Missiles,Other Small Arms,Ordnance and Missiles,NA,NA,Arms,35869072,1989,2011
9305.29.0000,PARTS AND ACCESSORIES OF SHOTGUNS OR RIFLES OR HEADING 9303 EXCEPT SHOTGUN BARRELS,Parts and Accessories,Ordnance and Missiles,Other Small Arms,Ordnance and Missiles,NA,NA,Arms,546880211,1989,2011
9305.90.1000,PARTS AND ACCESSORIES FOR RIFLES OF HEADING 9301,Parts and Accessories,Ordnance and Missiles,Other Small Arms,Ordnance and Missiles,NA,NA,Arms,52489897,1989,2001
9305.90.2000,PARTS AND ACCESSORIES FOR SHOTGUNS OF HEADING 9301,Parts and Accessories,Ordnance and Missiles,Other Small Arms,Ordnance and Missiles,NA,NA,Arms,11765268,1989,2001
9305.90.3010,"PARTS AND ACCESSORIES OF GUNS, HOWITZERS.AND MORTARS WITH A BORE DIAMETER OF 30-MM (118 CALIBER) OR LESS OF HEADING 9301",Parts and Accessories,Ordnance and Missiles,Artillery,Ordnance and Missiles,NA,NA,Arms,"377,548,357.00",1989,2001
9305.90.3030,"PART AND ACCESSORIES OF HEADING 9301, NESOI",Parts and Accessories,Ordnance and Missiles,Cross-Category Parts and Accessories,Ordnance and Missiles,NA,NA,Arms,1810384101,1989,2001
9305.90.4000,PARTS AND ACCESSORIES OF HEADING 9303 OTHER THAN SHOTGUNS OR RIFLES,Parts and Accessories,Ordnance and Missiles,Cross-Category Parts and Accessories,Ordnance and Missiles,NA,NA,Arms,4782382,1989,2001
9305.90.5500,"PART AND ACCESSORIES OF ARTICLES OF HEADINGS 9301 TO 9304, NESOI",Parts and Accessories,Ordnance and Missiles,Cross-Category Parts and Accessories,Ordnance and Missiles,NA,NA,Arms,464888333,1989,2001
9305.91.1000,PARTS AND ACCESSORIES FOR MILITARY RIFLES OF HEADING 9301,Parts and Accessories,Ordnance and Missiles,Other Small Arms,Ordnance and Missiles,NA,NA,Arms,"419,131,031.00",2002,2019
9305.91.2000,PARTS AND ACCESSORIES FOR MILITARY SHOTGUNS OF HEADING 9301,Parts and Accessories,Ordnance and Missiles,Other Small Arms,Ordnance and Missiles,NA,NA,Arms,"17,321,283.00",2002,2019
9305.91.3010,PARTS AND ACCESSORIES OF MILITARY ARTILLERY WEAPONS OF 9301.10,Parts and Accessories,Ordnance and Missiles,Artillery,Ordnance and Missiles,NA,NA,Arms,"940,486,141.00",2002,2019
9305.91.3030,"PARTS  AND ACCESSORIES OF MILITARY WEAPONS OF  HEADING 9301, NESOI",Parts and Accessories,Ordnance and Missiles,Cross-Category Parts and Accessories,Ordnance and Missiles,NA,NA,Arms,"4,290,095,820.00",2002,2019
9305.99.4000,PARTS AND ACCESSORIES OF HEADING 9303 OTHER THAN SHOTGUNS OR RIFLES,Parts and Accessories,Ordnance and Missiles,Other Small Arms,Ordnance and Missiles,NA,NA,Arms,"121,982,747.00",2002,2019
9305.99.5010,NEW: Parts and accessories of paintball markers; Indent: 4,Parts and Accessories,Ordnance and Missiles,Other Small Arms,Ordnance and Missiles,NA,NA,Arms,"121,982,747.00",2002,2019
9305.99.5050,NEW: Other; Indent: 4,Parts and Accessories,Ordnance and Missiles,Other Small Arms,Ordnance and Missiles,NA,NA,Arms,"121,982,747.00",2002,2019
9305.99.6000,NEW: Other; Indent: 3,Parts and Accessories,Ordnance and Missiles,Other Small Arms,Ordnance and Missiles,NA,NA,Arms,"121,982,747.00",2002,2019
9305.99.6600,"PART AND ACCESSORIES OF ARTICLES OF HEADINGS 9301 TO 9304, NESOI",Parts and Accessories,Ordnance and Missiles,Cross-Category Parts and Accessories,Ordnance and Missiles,NA,NA,Arms,417209885,2002,2019
9306.10.0000,CARTRIDGES FOR RIVETING OR SIMILAR TOOLS OR FOR CAPTIVE-BOLT HUMANE KILLERS AND PARTS THEREOF,Munitions,Ordnance and Missiles,Ammunition,Ordnance and Missiles,NA,NA,Dual,193218473,1989,2006
9306.21.0000,SHOTGUN CARTRIDGES AND PARTS THEREOF,Munitions,Ordnance and Missiles,Ammunition,Ordnance and Missiles,NA,NA,Arms,645042976,1989,2019
9306.29.0000,PARTS FOR SHOTGUN CARTRIDGES INCLUDING EMPTY CARTRIDGE SHELLS AND AIR GUN PELLETS,Munitions,Ordnance and Missiles,Ammunition,Ordnance and Missiles,NA,NA,Arms,445425964,1989,2019
9306.30.4010,CARTRIDGES CONTAINING A PROJECTILE FOR RIFLE OR PISTOLS .22 CALIBER,Munitions,Ordnance and Missiles,Ammunition,Ordnance and Missiles,NA,NA,Arms,162082982,1989,2006
9306.30.4020,"CARTRIDGES CONTAINING A PROJECTILE FOR RIFLE OR PISTOLS, NESOI",Munitions,Ordnance and Missiles,Ammunition,Ordnance and Missiles,NA,NA,Arms,764661637,1989,2006
9306.30.4030,"CARTRIDGES CONTAINING A PROJECTILE, NESOI",Munitions,Ordnance and Missiles,Ammunition,Ordnance and Missiles,NA,NA,Arms,815766376,1989,2006
9306.30.4040,EMPTY CARTRIDGES SHELLS FOR RIFLES OR PISTOLS,Munitions,Ordnance and Missiles,Ammunition,Ordnance and Missiles,NA,NA,Arms,39191890,1989,2006
9306.30.4050,"EMPTY CARTRIDGE SHELLS, NESOI",Munitions,Ordnance and Missiles,Ammunition,Ordnance and Missiles,NA,NA,Arms,106710238,1989,2006
9306.30.4060,CARTRIDGES NOT CONTAINING A PROJECTILE & NOT EMPTY SHELLS; BLANKS; SLUGS & PELLETS FOR GUNS USING GAS/SPRING OPERATED MECHANISM AS A PROPELLANT,Munitions,Ordnance and Missiles,Ammunition,Ordnance and Missiles,NA,NA,Arms,136805624,1989,2006
9306.30.4110,CARTRIDGES CONTAINING A PROJECTILE FOR RIFLE OR PISTOLS .22 CALIBER,Munitions,Ordnance and Missiles,Ammunition,Ordnance and Missiles,NA,NA,Arms,448085519,2007,2019
9306.30.4120,"CARTRIDGES CONTAINING A PROJECTILE FOR RIFLE OR PISTOLS, NESOI",Munitions,Ordnance and Missiles,Ammunition,Ordnance and Missiles,NA,NA,Arms,1615728805,2007,2019
9306.30.4130,"CARTRIDGES CONTAINING A PROJECTILE, NESOI",Munitions,Ordnance and Missiles,Ammunition,Ordnance and Missiles,NA,NA,Arms,533442892,2007,2019
9306.30.4138,CARTRIDGES FOR RIVETING OR SIMILAR TOOLS OR FOR CAPTIVE-BOLT HUMANE KILLERS AND PARTS THEREOF,Munitions,Ordnance and Missiles,Ammunition,Ordnance and Missiles,NA,NA,Arms,74300328,2007,2019
9306.30.4140,EMPTY CARTRIDGES SHELLS FOR RIFLES OR PISTOLS,Munitions,Ordnance and Missiles,Ammunition,Ordnance and Missiles,NA,NA,Arms,65807668,2007,2019
9306.30.4150,"EMPTY CARTRIDGE SHELLS, NESOI",Munitions,Ordnance and Missiles,Ammunition,Ordnance and Missiles,NA,NA,Arms,60092026,2007,2019
9306.30.4160,CARTRIDGES NOT CONTAINING A PROJECTILE & NOT EMPTY SHELLS; BLANKS; SLUGS & PELLETS FOR GUNS USING GAS/SPRING OPERATED MECHANISM AS A PROPELLANT,Munitions,Ordnance and Missiles,Ammunition,Ordnance and Missiles,NA,NA,Arms,186355052,2007,2019
9306.30.8000,"PARTS OF CARTRIDGES, NESOI",Munitions,Ordnance and Missiles,Ammunition,Ordnance and Missiles,NA,NA,Arms,2134771003,1989,2019
9306.90.0020,GUIDED MISSLES,Systems and Ordnance,Ordnance and Missiles,Missiles,Ordnance and Missiles,NA,NA,Arms,"23,089,903,776.00",1989,2019
9306.90.0040,"BOMBS, GRENADES, TORPEDOS, MINES, AND SIMILAR MUNITIONS OF WAR, AND OTHER AMMUNITION AND PROJECTILES",Systems and Ordnance,Ordnance and Missiles,Other Munitions,Ordnance and Missiles,NA,NA,Arms,"7,062,085,027.00",1989,2019
9306.90.0041,NEW: Paintballs; Indent: 3,Munitions,Ordnance and Missiles,Ammunition,Ordnance and Missiles,NA,NA,Arms,2134771003,1989,2019
9306.90.0050,NEW: Other; Indent: 3,Munitions,Ordnance and Missiles,Ammunition,Ordnance and Missiles,NA,NA,Arms,2134771003,1989,2019
9306.90.0060,PARTS FOR GUIDED MISSILES,Parts and Accessories,Ordnance and Missiles,Missiles,Ordnance and Missiles,NA,NA,Arms,"22,402,578,600.00",1989,2019
9306.90.0080,"PARTS FOR BOMBS, GRENADES, TORPEDOS, MINES, AND SIMILAR MUNITIONS OF WAR",Parts and Accessories,Ordnance and Missiles,Other Munitions,Ordnance and Missiles,NA,NA,Arms,"7,967,843,868.00",1989,2019
9307.00.0000,"SWORDS, CUTLASSES, BAYONETS, LANCES AND SIMILAR ARMS AND PARTS THEREOF AND SCABBARDS AND SHEATHS THEREFOR",Systems and Ordnance,Other Products,Other Products,Other Products,NA,NA,Arms,79941211,1989,2019
9803.10.0000,"MILITARY WEARING APPAREL OF ALL TYPES AND MATERIALS, INCLUDING FOOTWEAR AND HEADWEAR",Parts and Accessories,Other Products,Other Products,Other Products,NA,NA,Arms,"1,352,706,875.00",1989,2019
9803.20.0000,MILITARY EQUIPMENTS NOT IDENTIFIED BY KIND,Other,Other Products,Other Products,Other Products,NA,NA,Arms,"20,165,073,000.00",1989,2019
