freq,unit,na_item,geo,TIME_PERIOD,values
A,PD15_EUR,B1GQ,AL,1996-01-01,54.031
A,PD15_EUR,B1GQ,AL,1997-01-01,47.347
A,PD15_EUR,B1GQ,AL,1998-01-01,50.456
A,PD15_EUR,B1GQ,AL,1999-01-01,59.124
A,PD15_EUR,B1GQ,AL,2000-01-01,69.238
A,PD15_EUR,B1GQ,AL,2001-01-01,74.176
A,PD15_EUR,B1GQ,AL,2002-01-01,74.622
A,PD15_EUR,B1GQ,AL,2003-01-01,75.561
A,PD15_EUR,B1GQ,AL,2004-01-01,83.95
A,PD15_EUR,B1GQ,AL,2005-01-01,89.156
A,PD15_EUR,B1GQ,AL,2006-01-01,92.19
A,PD15_EUR,B1GQ,AL,2007-01-01,95.806
A,PD15_EUR,B1GQ,AL,2008-01-01,100.424
A,PD15_EUR,B1GQ,AL,2009-01-01,95.641
A,PD15_EUR,B1GQ,AL,2010-01-01,95.782
A,PD15_EUR,B1GQ,AL,2011-01-01,96.226
A,PD15_EUR,B1GQ,AL,2012-01-01,98.131
A,PD15_EUR,B1GQ,AL,2013-01-01,97.559
A,PD15_EUR,B1GQ,AL,2014-01-01,99.276
A,PD15_EUR,B1GQ,AL,2015-01-01,100
A,PD15_EUR,B1GQ,AL,2016-01-01,101.089
A,PD15_EUR,B1GQ,AL,2017-01-01,105.01
A,PD15_EUR,B1GQ,AL,2018-01-01,112.035
A,PD15_EUR,B1GQ,AL,2019-01-01,117.668
A,PD15_EUR,B1GQ,AL,2020-01-01,117.739
A,PD15_EUR,B1GQ,AT,1995-01-01,76.157
A,PD15_EUR,B1GQ,AT,1996-01-01,75.465
A,PD15_EUR,B1GQ,AT,1997-01-01,74.268
A,PD15_EUR,B1GQ,AT,1998-01-01,74.432
A,PD15_EUR,B1GQ,AT,1999-01-01,75.134
A,PD15_EUR,B1GQ,AT,2000-01-01,76.158
A,PD15_EUR,B1GQ,AT,2001-01-01,77.641
A,PD15_EUR,B1GQ,AT,2002-01-01,78.531
A,PD15_EUR,B1GQ,AT,2003-01-01,79.558
A,PD15_EUR,B1GQ,AT,2004-01-01,80.942
A,PD15_EUR,B1GQ,AT,2005-01-01,82.996
A,PD15_EUR,B1GQ,AT,2006-01-01,84.566
A,PD15_EUR,B1GQ,AT,2007-01-01,86.445
A,PD15_EUR,B1GQ,AT,2008-01-01,88.136
A,PD15_EUR,B1GQ,AT,2009-01-01,89.801
A,PD15_EUR,B1GQ,AT,2010-01-01,90.585
A,PD15_EUR,B1GQ,AT,2011-01-01,92.246
A,PD15_EUR,B1GQ,AT,2012-01-01,94.141
A,PD15_EUR,B1GQ,AT,2013-01-01,95.669
A,PD15_EUR,B1GQ,AT,2014-01-01,97.751
A,PD15_EUR,B1GQ,AT,2015-01-01,100
A,PD15_EUR,B1GQ,AT,2016-01-01,101.848
A,PD15_EUR,B1GQ,AT,2017-01-01,102.872
A,PD15_EUR,B1GQ,AT,2018-01-01,104.763
A,PD15_EUR,B1GQ,AT,2019-01-01,106.448
A,PD15_EUR,B1GQ,AT,2020-01-01,109.343
A,PD15_EUR,B1GQ,AT,2021-01-01,111.604
A,PD15_EUR,B1GQ,AT,2022-01-01,117.516
A,PD15_EUR,B1GQ,AT,2023-01-01,126.455
A,PD15_EUR,B1GQ,BA,2000-01-01,62.777
A,PD15_EUR,B1GQ,BA,2001-01-01,65.744
A,PD15_EUR,B1GQ,BA,2002-01-01,69.037
A,PD15_EUR,B1GQ,BA,2003-01-01,70.011
A,PD15_EUR,B1GQ,BA,2004-01-01,71.524
A,PD15_EUR,B1GQ,BA,2005-01-01,75.951
A,PD15_EUR,B1GQ,BA,2006-01-01,81.875
A,PD15_EUR,B1GQ,BA,2007-01-01,86.948
A,PD15_EUR,B1GQ,BA,2008-01-01,93.328
A,PD15_EUR,B1GQ,BA,2009-01-01,93.501
A,PD15_EUR,B1GQ,BA,2010-01-01,94.816
A,PD15_EUR,B1GQ,BA,2011-01-01,97.122
A,PD15_EUR,B1GQ,BA,2012-01-01,97.895
A,PD15_EUR,B1GQ,BA,2013-01-01,97.676
A,PD15_EUR,B1GQ,BA,2014-01-01,98.653
A,PD15_EUR,B1GQ,BA,2015-01-01,100
A,PD15_EUR,B1GQ,BA,2016-01-01,101.333
A,PD15_EUR,B1GQ,BA,2017-01-01,103.136
A,PD15_EUR,B1GQ,BA,2018-01-01,106.013
A,PD15_EUR,B1GQ,BA,2019-01-01,108.635
A,PD15_EUR,B1GQ,BA,2020-01-01,108.703
A,PD15_EUR,B1GQ,BA,2021-01-01,114.097
A,PD15_EUR,B1GQ,BA,2022-01-01,127.571
A,PD15_EUR,B1GQ,BA,2023-01-01,134.628
A,PD15_EUR,B1GQ,BE,1995-01-01,76.947
A,PD15_EUR,B1GQ,BE,1996-01-01,75.845
A,PD15_EUR,B1GQ,BE,1997-01-01,74.092
A,PD15_EUR,B1GQ,BE,1998-01-01,75.267
A,PD15_EUR,B1GQ,BE,1999-01-01,76.245
A,PD15_EUR,B1GQ,BE,2000-01-01,77.781
A,PD15_EUR,B1GQ,BE,2001-01-01,79.323
A,PD15_EUR,B1GQ,BE,2002-01-01,80.624
A,PD15_EUR,B1GQ,BE,2003-01-01,82.116
A,PD15_EUR,B1GQ,BE,2004-01-01,83.688
A,PD15_EUR,B1GQ,BE,2005-01-01,85.431
A,PD15_EUR,B1GQ,BE,2006-01-01,87.366
A,PD15_EUR,B1GQ,BE,2007-01-01,89.054
A,PD15_EUR,B1GQ,BE,2008-01-01,90.754
A,PD15_EUR,B1GQ,BE,2009-01-01,91.238
A,PD15_EUR,B1GQ,BE,2010-01-01,92.964
A,PD15_EUR,B1GQ,BE,2011-01-01,94.644
A,PD15_EUR,B1GQ,BE,2012-01-01,96.5
A,PD15_EUR,B1GQ,BE,2013-01-01,97.727
A,PD15_EUR,B1GQ,BE,2014-01-01,98.687
A,PD15_EUR,B1GQ,BE,2015-01-01,100
A,PD15_EUR,B1GQ,BE,2016-01-01,101.921
A,PD15_EUR,B1GQ,BE,2017-01-01,103.786
A,PD15_EUR,B1GQ,BE,2018-01-01,105.395
A,PD15_EUR,B1GQ,BE,2019-01-01,107.258
A,PD15_EUR,B1GQ,BE,2020-01-01,108.974
A,PD15_EUR,B1GQ,BE,2021-01-01,112.431
A,PD15_EUR,B1GQ,BE,2022-01-01,119.055
A,PD15_EUR,B1GQ,BE,2023-01-01,123.912
A,PD15_EUR,B1GQ,BG,1995-01-01,47.582
A,PD15_EUR,B1GQ,BG,1996-01-01,30.634
A,PD15_EUR,B1GQ,BG,1997-01-01,36.521
A,PD15_EUR,B1GQ,BG,1998-01-01,46.98
A,PD15_EUR,B1GQ,BG,1999-01-01,48.869
A,PD15_EUR,B1GQ,BG,2000-01-01,52.694
A,PD15_EUR,B1GQ,BG,2001-01-01,55.904
A,PD15_EUR,B1GQ,BG,2002-01-01,58.025
A,PD15_EUR,B1GQ,BG,2003-01-01,59.302
A,PD15_EUR,B1GQ,BG,2004-01-01,62.474
A,PD15_EUR,B1GQ,BG,2005-01-01,66.508
A,PD15_EUR,B1GQ,BG,2006-01-01,71.002
A,PD15_EUR,B1GQ,BG,2007-01-01,78.849
A,PD15_EUR,B1GQ,BG,2008-01-01,85.238
A,PD15_EUR,B1GQ,BG,2009-01-01,88.595
A,PD15_EUR,B1GQ,BG,2010-01-01,89.272
A,PD15_EUR,B1GQ,BG,2011-01-01,94.729
A,PD15_EUR,B1GQ,BG,2012-01-01,95.783
A,PD15_EUR,B1GQ,BG,2013-01-01,95.851
A,PD15_EUR,B1GQ,BG,2014-01-01,97.137
A,PD15_EUR,B1GQ,BG,2015-01-01,100
A,PD15_EUR,B1GQ,BG,2016-01-01,103.324
A,PD15_EUR,B1GQ,BG,2017-01-01,108.297
A,PD15_EUR,B1GQ,BG,2018-01-01,112.883
A,PD15_EUR,B1GQ,BG,2019-01-01,118.797
A,PD15_EUR,B1GQ,BG,2020-01-01,123.858
A,PD15_EUR,B1GQ,BG,2021-01-01,132.694
A,PD15_EUR,B1GQ,BG,2022-01-01,154.167
A,PD15_EUR,B1GQ,BG,2023-01-01,165.746
A,PD15_EUR,B1GQ,CH,1980-01-01,25.918
A,PD15_EUR,B1GQ,CH,1981-01-01,29.147
A,PD15_EUR,B1GQ,CH,1982-01-01,34.452
A,PD15_EUR,B1GQ,CH,1983-01-01,37.511
A,PD15_EUR,B1GQ,CH,1984-01-01,39.343
A,PD15_EUR,B1GQ,CH,1985-01-01,40.058
A,PD15_EUR,B1GQ,CH,1986-01-01,43.496
A,PD15_EUR,B1GQ,CH,1987-01-01,45.565
A,PD15_EUR,B1GQ,CH,1988-01-01,46.555
A,PD15_EUR,B1GQ,CH,1989-01-01,46.241
A,PD15_EUR,B1GQ,CH,1990-01-01,49.41
A,PD15_EUR,B1GQ,CH,1991-01-01,51.78
A,PD15_EUR,B1GQ,CH,1992-01-01,51.562
A,PD15_EUR,B1GQ,CH,1993-01-01,55.431
A,PD15_EUR,B1GQ,CH,1994-01-01,59.855
A,PD15_EUR,B1GQ,CH,1995-01-01,63.245
A,PD15_EUR,B1GQ,CH,1996-01-01,62.524
A,PD15_EUR,B1GQ,CH,1997-01-01,59.346
A,PD15_EUR,B1GQ,CH,1998-01-01,60.037
A,PD15_EUR,B1GQ,CH,1999-01-01,60.878
A,PD15_EUR,B1GQ,CH,2000-01-01,63.39
A,PD15_EUR,B1GQ,CH,2001-01-01,66.016
A,PD15_EUR,B1GQ,CH,2002-01-01,67.804
A,PD15_EUR,B1GQ,CH,2003-01-01,66.16
A,PD15_EUR,B1GQ,CH,2004-01-01,65.384
A,PD15_EUR,B1GQ,CH,2005-01-01,65.797
A,PD15_EUR,B1GQ,CH,2006-01-01,66.161
A,PD15_EUR,B1GQ,CH,2007-01-01,64.855
A,PD15_EUR,B1GQ,CH,2008-01-01,68.088
A,PD15_EUR,B1GQ,CH,2009-01-01,71.905
A,PD15_EUR,B1GQ,CH,2010-01-01,78.908
A,PD15_EUR,B1GQ,CH,2011-01-01,88.345
A,PD15_EUR,B1GQ,CH,2012-01-01,90.404
A,PD15_EUR,B1GQ,CH,2013-01-01,88.433
A,PD15_EUR,B1GQ,CH,2014-01-01,89.048
A,PD15_EUR,B1GQ,CH,2015-01-01,100
A,PD15_EUR,B1GQ,CH,2016-01-01,97.383
A,PD15_EUR,B1GQ,CH,2017-01-01,95.148
A,PD15_EUR,B1GQ,CH,2018-01-01,92.281
A,PD15_EUR,B1GQ,CH,2019-01-01,95.716
A,PD15_EUR,B1GQ,CH,2020-01-01,98.767
A,PD15_EUR,B1GQ,CH,2021-01-01,99.017
A,PD15_EUR,B1GQ,CH,2022-01-01,109.207
A,PD15_EUR,B1GQ,CH,2023-01-01,114.06
A,PD15_EUR,B1GQ,CY,1995-01-01,66.56
A,PD15_EUR,B1GQ,CY,1996-01-01,68.286
A,PD15_EUR,B1GQ,CY,1997-01-01,70.948
A,PD15_EUR,B1GQ,CY,1998-01-01,72.73
A,PD15_EUR,B1GQ,CY,1999-01-01,74.468
A,PD15_EUR,B1GQ,CY,2000-01-01,77.167
A,PD15_EUR,B1GQ,CY,2001-01-01,79.717
A,PD15_EUR,B1GQ,CY,2002-01-01,80.036
A,PD15_EUR,B1GQ,CY,2003-01-01,83.079
A,PD15_EUR,B1GQ,CY,2004-01-01,85.658
A,PD15_EUR,B1GQ,CY,2005-01-01,88.148
A,PD15_EUR,B1GQ,CY,2006-01-01,91.034
A,PD15_EUR,B1GQ,CY,2007-01-01,93.687
A,PD15_EUR,B1GQ,CY,2008-01-01,97.68
A,PD15_EUR,B1GQ,CY,2009-01-01,97.937
A,PD15_EUR,B1GQ,CY,2010-01-01,99.778
A,PD15_EUR,B1GQ,CY,2011-01-01,101.391
A,PD15_EUR,B1GQ,CY,2012-01-01,103.093
A,PD15_EUR,B1GQ,CY,2013-01-01,102.126
A,PD15_EUR,B1GQ,CY,2014-01-01,100.76
A,PD15_EUR,B1GQ,CY,2015-01-01,100
A,PD15_EUR,B1GQ,CY,2016-01-01,99.425
A,PD15_EUR,B1GQ,CY,2017-01-01,100.456
A,PD15_EUR,B1GQ,CY,2018-01-01,101.464
A,PD15_EUR,B1GQ,CY,2019-01-01,102.807
A,PD15_EUR,B1GQ,CY,2020-01-01,101.46
A,PD15_EUR,B1GQ,CY,2021-01-01,104.185
A,PD15_EUR,B1GQ,CY,2022-01-01,110.504
A,PD15_EUR,B1GQ,CY,2023-01-01,115.726
A,PD15_EUR,B1GQ,CZ,1995-01-01,44.036
A,PD15_EUR,B1GQ,CZ,1996-01-01,48.733
A,PD15_EUR,B1GQ,CZ,1997-01-01,50.62
A,PD15_EUR,B1GQ,CZ,1998-01-01,55.401
A,PD15_EUR,B1GQ,CZ,1999-01-01,55.794
A,PD15_EUR,B1GQ,CZ,2000-01-01,58.873
A,PD15_EUR,B1GQ,CZ,2001-01-01,64.527
A,PD15_EUR,B1GQ,CZ,2002-01-01,73.308
A,PD15_EUR,B1GQ,CZ,2003-01-01,71.826
A,PD15_EUR,B1GQ,CZ,2004-01-01,74.629
A,PD15_EUR,B1GQ,CZ,2005-01-01,79.99
A,PD15_EUR,B1GQ,CZ,2006-01-01,84.603
A,PD15_EUR,B1GQ,CZ,2007-01-01,89.416
A,PD15_EUR,B1GQ,CZ,2008-01-01,101.524
A,PD15_EUR,B1GQ,CZ,2009-01-01,98.285
A,PD15_EUR,B1GQ,CZ,2010-01-01,101.294
A,PD15_EUR,B1GQ,CZ,2011-01-01,104.132
A,PD15_EUR,B1GQ,CZ,2012-01-01,103.294
A,PD15_EUR,B1GQ,CZ,2013-01-01,101.355
A,PD15_EUR,B1GQ,CZ,2014-01-01,98.093
A,PD15_EUR,B1GQ,CZ,2015-01-01,100
A,PD15_EUR,B1GQ,CZ,2016-01-01,102.058
A,PD15_EUR,B1GQ,CZ,2017-01-01,106.172
A,PD15_EUR,B1GQ,CZ,2018-01-01,111.782
A,PD15_EUR,B1GQ,CZ,2019-01-01,116.025
A,PD15_EUR,B1GQ,CZ,2020-01-01,117.444
A,PD15_EUR,B1GQ,CZ,2021-01-01,125.209
A,PD15_EUR,B1GQ,CZ,2022-01-01,141.853
A,PD15_EUR,B1GQ,CZ,2023-01-01,157.595
A,PD15_EUR,B1GQ,DE,1991-01-01,68.163
A,PD15_EUR,B1GQ,DE,1992-01-01,72.862
A,PD15_EUR,B1GQ,DE,1993-01-01,78.972
A,PD15_EUR,B1GQ,DE,1994-01-01,81.089
A,PD15_EUR,B1GQ,DE,1995-01-01,84.936
A,PD15_EUR,B1GQ,DE,1996-01-01,83.846
A,PD15_EUR,B1GQ,DE,1997-01-01,81.728
A,PD15_EUR,B1GQ,DE,1998-01-01,82.092
A,PD15_EUR,B1GQ,DE,1999-01-01,82.934
A,PD15_EUR,B1GQ,DE,2000-01-01,82.528
A,PD15_EUR,B1GQ,DE,2001-01-01,83.605
A,PD15_EUR,B1GQ,DE,2002-01-01,84.757
A,PD15_EUR,B1GQ,DE,2003-01-01,85.877
A,PD15_EUR,B1GQ,DE,2004-01-01,86.835
A,PD15_EUR,B1GQ,DE,2005-01-01,87.187
A,PD15_EUR,B1GQ,DE,2006-01-01,87.533
A,PD15_EUR,B1GQ,DE,2007-01-01,89.083
A,PD15_EUR,B1GQ,DE,2008-01-01,89.893
A,PD15_EUR,B1GQ,DE,2009-01-01,91.549
A,PD15_EUR,B1GQ,DE,2010-01-01,92.139
A,PD15_EUR,B1GQ,DE,2011-01-01,93.125
A,PD15_EUR,B1GQ,DE,2012-01-01,94.518
A,PD15_EUR,B1GQ,DE,2013-01-01,96.37
A,PD15_EUR,B1GQ,DE,2014-01-01,98.18
A,PD15_EUR,B1GQ,DE,2015-01-01,100
A,PD15_EUR,B1GQ,DE,2016-01-01,101.328
A,PD15_EUR,B1GQ,DE,2017-01-01,102.851
A,PD15_EUR,B1GQ,DE,2018-01-01,104.916
A,PD15_EUR,B1GQ,DE,2019-01-01,107.151
A,PD15_EUR,B1GQ,DE,2020-01-01,109.158
A,PD15_EUR,B1GQ,DE,2021-01-01,112.454
A,PD15_EUR,B1GQ,DE,2022-01-01,118.378
A,PD15_EUR,B1GQ,DE,2023-01-01,126.224
A,PD15_EUR,B1GQ,DK,1975-01-01,25.12
A,PD15_EUR,B1GQ,DK,1976-01-01,28.943
A,PD15_EUR,B1GQ,DK,1977-01-01,31.08
A,PD15_EUR,B1GQ,DK,1978-01-01,33.073
A,PD15_EUR,B1GQ,DK,1979-01-01,34.485
A,PD15_EUR,B1GQ,DK,1980-01-01,34.553
A,PD15_EUR,B1GQ,DK,1981-01-01,37.789
A,PD15_EUR,B1GQ,DK,1982-01-01,40.427
A,PD15_EUR,B1GQ,DK,1983-01-01,43.546
A,PD15_EUR,B1GQ,DK,1984-01-01,46.059
A,PD15_EUR,B1GQ,DK,1985-01-01,48.8
A,PD15_EUR,B1GQ,DK,1986-01-01,50.453
A,PD15_EUR,B1GQ,DK,1987-01-01,53.194
A,PD15_EUR,B1GQ,DK,1988-01-01,54.827
A,PD15_EUR,B1GQ,DK,1989-01-01,56.85
A,PD15_EUR,B1GQ,DK,1990-01-01,59.761
A,PD15_EUR,B1GQ,DK,1991-01-01,60.947
A,PD15_EUR,B1GQ,DK,1992-01-01,62.744
A,PD15_EUR,B1GQ,DK,1993-01-01,64.9
A,PD15_EUR,B1GQ,DK,1994-01-01,66.356
A,PD15_EUR,B1GQ,DK,1995-01-01,69.181
A,PD15_EUR,B1GQ,DK,1996-01-01,70.274
A,PD15_EUR,B1GQ,DK,1997-01-01,70.499
A,PD15_EUR,B1GQ,DK,1998-01-01,71.218
A,PD15_EUR,B1GQ,DK,1999-01-01,73.039
A,PD15_EUR,B1GQ,DK,2000-01-01,75.059
A,PD15_EUR,B1GQ,DK,2001-01-01,76.967
A,PD15_EUR,B1GQ,DK,2002-01-01,79.003
A,PD15_EUR,B1GQ,DK,2003-01-01,80.171
A,PD15_EUR,B1GQ,DK,2004-01-01,81.75
A,PD15_EUR,B1GQ,DK,2005-01-01,83.992
A,PD15_EUR,B1GQ,DK,2006-01-01,85.652
A,PD15_EUR,B1GQ,DK,2007-01-01,87.835
A,PD15_EUR,B1GQ,DK,2008-01-01,91.401
A,PD15_EUR,B1GQ,DK,2009-01-01,92.005
A,PD15_EUR,B1GQ,DK,2010-01-01,94.957
A,PD15_EUR,B1GQ,DK,2011-01-01,95.521
A,PD15_EUR,B1GQ,DK,2012-01-01,97.881
A,PD15_EUR,B1GQ,DK,2013-01-01,98.562
A,PD15_EUR,B1GQ,DK,2014-01-01,99.621
A,PD15_EUR,B1GQ,DK,2015-01-01,100
A,PD15_EUR,B1GQ,DK,2016-01-01,100.436
A,PD15_EUR,B1GQ,DK,2017-01-01,101.716
A,PD15_EUR,B1GQ,DK,2018-01-01,102.276
A,PD15_EUR,B1GQ,DK,2019-01-01,103.17
A,PD15_EUR,B1GQ,DK,2020-01-01,106.359
A,PD15_EUR,B1GQ,DK,2021-01-01,109.65
A,PD15_EUR,B1GQ,DK,2022-01-01,118.454
A,PD15_EUR,B1GQ,DK,2023-01-01,114.161
A,PD15_EUR,B1GQ,EA,1995-01-01,73.792
A,PD15_EUR,B1GQ,EA,1996-01-01,75.621
A,PD15_EUR,B1GQ,EA,1997-01-01,75.319
A,PD15_EUR,B1GQ,EA,1998-01-01,76.144
A,PD15_EUR,B1GQ,EA,1999-01-01,77.305
A,PD15_EUR,B1GQ,EA,2000-01-01,78.369
A,PD15_EUR,B1GQ,EA,2001-01-01,80.243
A,PD15_EUR,B1GQ,EA,2002-01-01,82.203
A,PD15_EUR,B1GQ,EA,2003-01-01,84.029
A,PD15_EUR,B1GQ,EA,2004-01-01,85.627
A,PD15_EUR,B1GQ,EA,2005-01-01,87.196
A,PD15_EUR,B1GQ,EA,2006-01-01,88.905
A,PD15_EUR,B1GQ,EA,2007-01-01,90.999
A,PD15_EUR,B1GQ,EA,2008-01-01,92.771
A,PD15_EUR,B1GQ,EA,2009-01-01,93.674
A,PD15_EUR,B1GQ,EA,2010-01-01,94.292
A,PD15_EUR,B1GQ,EA,2011-01-01,95.25
A,PD15_EUR,B1GQ,EA,2012-01-01,96.465
A,PD15_EUR,B1GQ,EA,2013-01-01,97.662
A,PD15_EUR,B1GQ,EA,2014-01-01,98.589
A,PD15_EUR,B1GQ,EA,2015-01-01,100
A,PD15_EUR,B1GQ,EA,2016-01-01,100.911
A,PD15_EUR,B1GQ,EA,2017-01-01,102.04
A,PD15_EUR,B1GQ,EA,2018-01-01,103.605
A,PD15_EUR,B1GQ,EA,2019-01-01,105.395
A,PD15_EUR,B1GQ,EA,2020-01-01,107.321
A,PD15_EUR,B1GQ,EA,2021-01-01,109.733
A,PD15_EUR,B1GQ,EA,2022-01-01,114.887
A,PD15_EUR,B1GQ,EA,2023-01-01,121.771
A,PD15_EUR,B1GQ,EA12,1995-01-01,73.645
A,PD15_EUR,B1GQ,EA12,1996-01-01,75.528
A,PD15_EUR,B1GQ,EA12,1997-01-01,75.309
A,PD15_EUR,B1GQ,EA12,1998-01-01,76.09
A,PD15_EUR,B1GQ,EA12,1999-01-01,77.306
A,PD15_EUR,B1GQ,EA12,2000-01-01,78.321
A,PD15_EUR,B1GQ,EA12,2001-01-01,80.243
A,PD15_EUR,B1GQ,EA12,2002-01-01,82.203
A,PD15_EUR,B1GQ,EA12,2003-01-01,84.029
A,PD15_EUR,B1GQ,EA12,2004-01-01,85.627
A,PD15_EUR,B1GQ,EA12,2005-01-01,87.196
A,PD15_EUR,B1GQ,EA12,2006-01-01,88.905
A,PD15_EUR,B1GQ,EA12,2007-01-01,91.005
A,PD15_EUR,B1GQ,EA12,2008-01-01,92.768
A,PD15_EUR,B1GQ,EA12,2009-01-01,93.64
A,PD15_EUR,B1GQ,EA12,2010-01-01,94.262
A,PD15_EUR,B1GQ,EA12,2011-01-01,95.227
A,PD15_EUR,B1GQ,EA12,2012-01-01,96.438
A,PD15_EUR,B1GQ,EA12,2013-01-01,97.636
A,PD15_EUR,B1GQ,EA12,2014-01-01,98.57
A,PD15_EUR,B1GQ,EA12,2015-01-01,100
A,PD15_EUR,B1GQ,EA12,2016-01-01,100.919
A,PD15_EUR,B1GQ,EA12,2017-01-01,102.024
A,PD15_EUR,B1GQ,EA12,2018-01-01,103.561
A,PD15_EUR,B1GQ,EA12,2019-01-01,105.326
A,PD15_EUR,B1GQ,EA12,2020-01-01,107.262
A,PD15_EUR,B1GQ,EA12,2021-01-01,109.634
A,PD15_EUR,B1GQ,EA12,2022-01-01,114.633
A,PD15_EUR,B1GQ,EA12,2023-01-01,121.404
A,PD15_EUR,B1GQ,EA19,1995-01-01,73.172
A,PD15_EUR,B1GQ,EA19,1996-01-01,75.066
A,PD15_EUR,B1GQ,EA19,1997-01-01,74.912
A,PD15_EUR,B1GQ,EA19,1998-01-01,75.709
A,PD15_EUR,B1GQ,EA19,1999-01-01,76.919
A,PD15_EUR,B1GQ,EA19,2000-01-01,77.988
A,PD15_EUR,B1GQ,EA19,2001-01-01,79.911
A,PD15_EUR,B1GQ,EA19,2002-01-01,81.874
A,PD15_EUR,B1GQ,EA19,2003-01-01,83.699
A,PD15_EUR,B1GQ,EA19,2004-01-01,85.321
A,PD15_EUR,B1GQ,EA19,2005-01-01,86.922
A,PD15_EUR,B1GQ,EA19,2006-01-01,88.685
A,PD15_EUR,B1GQ,EA19,2007-01-01,90.892
A,PD15_EUR,B1GQ,EA19,2008-01-01,92.768
A,PD15_EUR,B1GQ,EA19,2009-01-01,93.622
A,PD15_EUR,B1GQ,EA19,2010-01-01,94.245
A,PD15_EUR,B1GQ,EA19,2011-01-01,95.245
A,PD15_EUR,B1GQ,EA19,2012-01-01,96.472
A,PD15_EUR,B1GQ,EA19,2013-01-01,97.668
A,PD15_EUR,B1GQ,EA19,2014-01-01,98.594
A,PD15_EUR,B1GQ,EA19,2015-01-01,100
A,PD15_EUR,B1GQ,EA19,2016-01-01,100.911
A,PD15_EUR,B1GQ,EA19,2017-01-01,102.04
A,PD15_EUR,B1GQ,EA19,2018-01-01,103.605
A,PD15_EUR,B1GQ,EA19,2019-01-01,105.395
A,PD15_EUR,B1GQ,EA19,2020-01-01,107.321
A,PD15_EUR,B1GQ,EA19,2021-01-01,109.733
A,PD15_EUR,B1GQ,EA19,2022-01-01,114.887
A,PD15_EUR,B1GQ,EA19,2023-01-01,121.734
A,PD15_EUR,B1GQ,EA20,1995-01-01,73.106
A,PD15_EUR,B1GQ,EA20,1996-01-01,75
A,PD15_EUR,B1GQ,EA20,1997-01-01,74.857
A,PD15_EUR,B1GQ,EA20,1998-01-01,75.665
A,PD15_EUR,B1GQ,EA20,1999-01-01,76.864
A,PD15_EUR,B1GQ,EA20,2000-01-01,77.937
A,PD15_EUR,B1GQ,EA20,2001-01-01,79.869
A,PD15_EUR,B1GQ,EA20,2002-01-01,81.838
A,PD15_EUR,B1GQ,EA20,2003-01-01,83.662
A,PD15_EUR,B1GQ,EA20,2004-01-01,85.293
A,PD15_EUR,B1GQ,EA20,2005-01-01,86.902
A,PD15_EUR,B1GQ,EA20,2006-01-01,88.676
A,PD15_EUR,B1GQ,EA20,2007-01-01,90.89
A,PD15_EUR,B1GQ,EA20,2008-01-01,92.788
A,PD15_EUR,B1GQ,EA20,2009-01-01,93.644
A,PD15_EUR,B1GQ,EA20,2010-01-01,94.271
A,PD15_EUR,B1GQ,EA20,2011-01-01,95.265
A,PD15_EUR,B1GQ,EA20,2012-01-01,96.488
A,PD15_EUR,B1GQ,EA20,2013-01-01,97.679
A,PD15_EUR,B1GQ,EA20,2014-01-01,98.598
A,PD15_EUR,B1GQ,EA20,2015-01-01,100
A,PD15_EUR,B1GQ,EA20,2016-01-01,100.912
A,PD15_EUR,B1GQ,EA20,2017-01-01,102.045
A,PD15_EUR,B1GQ,EA20,2018-01-01,103.615
A,PD15_EUR,B1GQ,EA20,2019-01-01,105.406
A,PD15_EUR,B1GQ,EA20,2020-01-01,107.32
A,PD15_EUR,B1GQ,EA20,2021-01-01,109.729
A,PD15_EUR,B1GQ,EA20,2022-01-01,114.907
A,PD15_EUR,B1GQ,EA20,2023-01-01,121.771
A,PD15_EUR,B1GQ,EE,1995-01-01,32.332
A,PD15_EUR,B1GQ,EE,1996-01-01,38.871
A,PD15_EUR,B1GQ,EE,1997-01-01,41.531
A,PD15_EUR,B1GQ,EE,1998-01-01,44.296
A,PD15_EUR,B1GQ,EE,1999-01-01,47.464
A,PD15_EUR,B1GQ,EE,2000-01-01,49.213
A,PD15_EUR,B1GQ,EE,2001-01-01,52.559
A,PD15_EUR,B1GQ,EE,2002-01-01,55.112
A,PD15_EUR,B1GQ,EE,2003-01-01,57.256
A,PD15_EUR,B1GQ,EE,2004-01-01,59.941
A,PD15_EUR,B1GQ,EE,2005-01-01,63.492
A,PD15_EUR,B1GQ,EE,2006-01-01,69.193
A,PD15_EUR,B1GQ,EE,2007-01-01,77.744
A,PD15_EUR,B1GQ,EE,2008-01-01,83.032
A,PD15_EUR,B1GQ,EE,2009-01-01,82.709
A,PD15_EUR,B1GQ,EE,2010-01-01,84.217
A,PD15_EUR,B1GQ,EE,2011-01-01,88.826
A,PD15_EUR,B1GQ,EE,2012-01-01,92.444
A,PD15_EUR,B1GQ,EE,2013-01-01,96.17
A,PD15_EUR,B1GQ,EE,2014-01-01,98.974
A,PD15_EUR,B1GQ,EE,2015-01-01,100
A,PD15_EUR,B1GQ,EE,2016-01-01,102.187
A,PD15_EUR,B1GQ,EE,2017-01-01,105.856
A,PD15_EUR,B1GQ,EE,2018-01-01,110.977
A,PD15_EUR,B1GQ,EE,2019-01-01,114.979
A,PD15_EUR,B1GQ,EE,2020-01-01,113.936
A,PD15_EUR,B1GQ,EE,2021-01-01,120.715
A,PD15_EUR,B1GQ,EE,2022-01-01,140.115
A,PD15_EUR,B1GQ,EE,2023-01-01,151.161
A,PD15_EUR,B1GQ,EL,1995-01-01,68.944
A,PD15_EUR,B1GQ,EL,1996-01-01,73.587
A,PD15_EUR,B1GQ,EL,1997-01-01,77.444
A,PD15_EUR,B1GQ,EL,1998-01-01,76.136
A,PD15_EUR,B1GQ,EL,1999-01-01,80.098
A,PD15_EUR,B1GQ,EL,2000-01-01,78.746
A,PD15_EUR,B1GQ,EL,2001-01-01,80.497
A,PD15_EUR,B1GQ,EL,2002-01-01,83.193
A,PD15_EUR,B1GQ,EL,2003-01-01,86.066
A,PD15_EUR,B1GQ,EL,2004-01-01,88.702
A,PD15_EUR,B1GQ,EL,2005-01-01,90.689
A,PD15_EUR,B1GQ,EL,2006-01-01,93.859
A,PD15_EUR,B1GQ,EL,2007-01-01,97.071
A,PD15_EUR,B1GQ,EL,2008-01-01,101.288
A,PD15_EUR,B1GQ,EL,2009-01-01,103.891
A,PD15_EUR,B1GQ,EL,2010-01-01,103.707
A,PD15_EUR,B1GQ,EL,2011-01-01,104.701
A,PD15_EUR,B1GQ,EL,2012-01-01,104.413
A,PD15_EUR,B1GQ,EL,2013-01-01,102.278
A,PD15_EUR,B1GQ,EL,2014-01-01,100.295
A,PD15_EUR,B1GQ,EL,2015-01-01,100
A,PD15_EUR,B1GQ,EL,2016-01-01,99.421
A,PD15_EUR,B1GQ,EL,2017-01-01,99.705
A,PD15_EUR,B1GQ,EL,2018-01-01,99.54
A,PD15_EUR,B1GQ,EL,2019-01-01,99.766
A,PD15_EUR,B1GQ,EL,2020-01-01,99.016
A,PD15_EUR,B1GQ,EL,2021-01-01,100.487
A,PD15_EUR,B1GQ,EL,2022-01-01,108.372
A,PD15_EUR,B1GQ,EL,2023-01-01,113.27
A,PD15_EUR,B1GQ,ES,1995-01-01,65.653
A,PD15_EUR,B1GQ,ES,1996-01-01,68.876
A,PD15_EUR,B1GQ,ES,1997-01-01,68.315
A,PD15_EUR,B1GQ,ES,1998-01-01,69.524
A,PD15_EUR,B1GQ,ES,1999-01-01,71.633
A,PD15_EUR,B1GQ,ES,2000-01-01,74.018
A,PD15_EUR,B1GQ,ES,2001-01-01,77.059
A,PD15_EUR,B1GQ,ES,2002-01-01,80.207
A,PD15_EUR,B1GQ,ES,2003-01-01,83.361
A,PD15_EUR,B1GQ,ES,2004-01-01,86.598
A,PD15_EUR,B1GQ,ES,2005-01-01,90.149
A,PD15_EUR,B1GQ,ES,2006-01-01,93.737
A,PD15_EUR,B1GQ,ES,2007-01-01,96.939
A,PD15_EUR,B1GQ,ES,2008-01-01,99.124
A,PD15_EUR,B1GQ,ES,2009-01-01,99.267
A,PD15_EUR,B1GQ,ES,2010-01-01,99.419
A,PD15_EUR,B1GQ,ES,2011-01-01,99.4
A,PD15_EUR,B1GQ,ES,2012-01-01,99.286
A,PD15_EUR,B1GQ,ES,2013-01-01,99.681
A,PD15_EUR,B1GQ,ES,2014-01-01,99.458
A,PD15_EUR,B1GQ,ES,2015-01-01,100
A,PD15_EUR,B1GQ,ES,2016-01-01,100.322
A,PD15_EUR,B1GQ,ES,2017-01-01,101.625
A,PD15_EUR,B1GQ,ES,2018-01-01,102.891
A,PD15_EUR,B1GQ,ES,2019-01-01,104.38
A,PD15_EUR,B1GQ,ES,2020-01-01,105.568
A,PD15_EUR,B1GQ,ES,2021-01-01,108.372
A,PD15_EUR,B1GQ,ES,2022-01-01,112.861
A,PD15_EUR,B1GQ,ES,2023-01-01,119.552
A,PD15_EUR,B1GQ,EU15,1995-01-01,71.086
A,PD15_EUR,B1GQ,EU15,1996-01-01,73.419
A,PD15_EUR,B1GQ,EU15,1997-01-01,75.218
A,PD15_EUR,B1GQ,EU15,1998-01-01,76.238
A,PD15_EUR,B1GQ,EU15,1999-01-01,77.765
A,PD15_EUR,B1GQ,EU15,2000-01-01,80.161
A,PD15_EUR,B1GQ,EU15,2001-01-01,81.38
A,PD15_EUR,B1GQ,EU15,2002-01-01,83.143
A,PD15_EUR,B1GQ,EU15,2003-01-01,83.48
A,PD15_EUR,B1GQ,EU15,2004-01-01,85.429
A,PD15_EUR,B1GQ,EU15,2005-01-01,86.952
A,PD15_EUR,B1GQ,EU15,2006-01-01,88.848
A,PD15_EUR,B1GQ,EU15,2007-01-01,90.954
A,PD15_EUR,B1GQ,EU15,2008-01-01,90.418
A,PD15_EUR,B1GQ,EU15,2009-01-01,89.518
A,PD15_EUR,B1GQ,EU15,2010-01-01,91.124
A,PD15_EUR,B1GQ,EU15,2011-01-01,92.198
A,PD15_EUR,B1GQ,EU15,2012-01-01,94.615
A,PD15_EUR,B1GQ,EU15,2013-01-01,95.125
A,PD15_EUR,B1GQ,EU15,2014-01-01,96.896
A,PD15_EUR,B1GQ,EU15,2015-01-01,100
A,PD15_EUR,B1GQ,EU15,2016-01-01,98.87
A,PD15_EUR,B1GQ,EU15,2017-01-01,98.924
A,PD15_EUR,B1GQ,EU15,2018-01-01,100.184
A,PD15_EUR,B1GQ,EU15,2019-01-01,102.005
A,PD15_EUR,B1GQ,EU27_2020,1995-01-01,71.56
A,PD15_EUR,B1GQ,EU27_2020,1996-01-01,73.636
A,PD15_EUR,B1GQ,EU27_2020,1997-01-01,73.704
A,PD15_EUR,B1GQ,EU27_2020,1998-01-01,74.615
A,PD15_EUR,B1GQ,EU27_2020,1999-01-01,75.739
A,PD15_EUR,B1GQ,EU27_2020,2000-01-01,77.223
A,PD15_EUR,B1GQ,EU27_2020,2001-01-01,79.19
A,PD15_EUR,B1GQ,EU27_2020,2002-01-01,81.187
A,PD15_EUR,B1GQ,EU27_2020,2003-01-01,82.651
A,PD15_EUR,B1GQ,EU27_2020,2004-01-01,84.294
A,PD15_EUR,B1GQ,EU27_2020,2005-01-01,86.287
A,PD15_EUR,B1GQ,EU27_2020,2006-01-01,88.212
A,PD15_EUR,B1GQ,EU27_2020,2007-01-01,90.831
A,PD15_EUR,B1GQ,EU27_2020,2008-01-01,93.167
A,PD15_EUR,B1GQ,EU27_2020,2009-01-01,92.983
A,PD15_EUR,B1GQ,EU27_2020,2010-01-01,94.379
A,PD15_EUR,B1GQ,EU27_2020,2011-01-01,95.578
A,PD15_EUR,B1GQ,EU27_2020,2012-01-01,96.854
A,PD15_EUR,B1GQ,EU27_2020,2013-01-01,97.962
A,PD15_EUR,B1GQ,EU27_2020,2014-01-01,98.658
A,PD15_EUR,B1GQ,EU27_2020,2015-01-01,100
A,PD15_EUR,B1GQ,EU27_2020,2016-01-01,100.736
A,PD15_EUR,B1GQ,EU27_2020,2017-01-01,102.07
A,PD15_EUR,B1GQ,EU27_2020,2018-01-01,103.512
A,PD15_EUR,B1GQ,EU27_2020,2019-01-01,105.321
A,PD15_EUR,B1GQ,EU27_2020,2020-01-01,107.237
A,PD15_EUR,B1GQ,EU27_2020,2021-01-01,109.963
A,PD15_EUR,B1GQ,EU27_2020,2022-01-01,115.594
A,PD15_EUR,B1GQ,EU27_2020,2023-01-01,122.666
A,PD15_EUR,B1GQ,EU28,1995-01-01,69.598
A,PD15_EUR,B1GQ,EU28,1996-01-01,71.923
A,PD15_EUR,B1GQ,EU28,1997-01-01,73.821
A,PD15_EUR,B1GQ,EU28,1998-01-01,75.004
A,PD15_EUR,B1GQ,EU28,1999-01-01,76.41
A,PD15_EUR,B1GQ,EU28,2000-01-01,78.989
A,PD15_EUR,B1GQ,EU28,2001-01-01,80.492
A,PD15_EUR,B1GQ,EU28,2002-01-01,82.293
A,PD15_EUR,B1GQ,EU28,2003-01-01,82.442
A,PD15_EUR,B1GQ,EU28,2004-01-01,84.443
A,PD15_EUR,B1GQ,EU28,2005-01-01,86.375
A,PD15_EUR,B1GQ,EU28,2006-01-01,88.436
A,PD15_EUR,B1GQ,EU28,2007-01-01,90.959
A,PD15_EUR,B1GQ,EU28,2008-01-01,91.104
A,PD15_EUR,B1GQ,EU28,2009-01-01,89.674
A,PD15_EUR,B1GQ,EU28,2010-01-01,91.529
A,PD15_EUR,B1GQ,EU28,2011-01-01,92.64
A,PD15_EUR,B1GQ,EU28,2012-01-01,94.895
A,PD15_EUR,B1GQ,EU28,2013-01-01,95.382
A,PD15_EUR,B1GQ,EU28,2014-01-01,97.02
A,PD15_EUR,B1GQ,EU28,2015-01-01,100
A,PD15_EUR,B1GQ,EU28,2016-01-01,98.914
A,PD15_EUR,B1GQ,EU28,2017-01-01,99.262
A,PD15_EUR,B1GQ,EU28,2018-01-01,100.651
A,PD15_EUR,B1GQ,EU28,2019-01-01,102.594
A,PD15_EUR,B1GQ,FI,1980-01-01,37.546
A,PD15_EUR,B1GQ,FI,1981-01-01,45.23
A,PD15_EUR,B1GQ,FI,1982-01-01,50.223
A,PD15_EUR,B1GQ,FI,1983-01-01,51.69
A,PD15_EUR,B1GQ,FI,1984-01-01,58.713
A,PD15_EUR,B1GQ,FI,1985-01-01,62.169
A,PD15_EUR,B1GQ,FI,1986-01-01,61.388
A,PD15_EUR,B1GQ,FI,1987-01-01,62.938
A,PD15_EUR,B1GQ,FI,1988-01-01,69.441
A,PD15_EUR,B1GQ,FI,1989-01-01,77.43
A,PD15_EUR,B1GQ,FI,1990-01-01,79.24
A,PD15_EUR,B1GQ,FI,1991-01-01,78.071
A,PD15_EUR,B1GQ,FI,1992-01-01,67.847
A,PD15_EUR,B1GQ,FI,1993-01-01,59.876
A,PD15_EUR,B1GQ,FI,1994-01-01,65.96
A,PD15_EUR,B1GQ,FI,1995-01-01,74.537
A,PD15_EUR,B1GQ,FI,1996-01-01,72.95
A,PD15_EUR,B1GQ,FI,1997-01-01,73.803
A,PD15_EUR,B1GQ,FI,1998-01-01,74.794
A,PD15_EUR,B1GQ,FI,1999-01-01,75.954
A,PD15_EUR,B1GQ,FI,2000-01-01,77.198
A,PD15_EUR,B1GQ,FI,2001-01-01,79.749
A,PD15_EUR,B1GQ,FI,2002-01-01,80.502
A,PD15_EUR,B1GQ,FI,2003-01-01,80.654
A,PD15_EUR,B1GQ,FI,2004-01-01,81.141
A,PD15_EUR,B1GQ,FI,2005-01-01,81.894
A,PD15_EUR,B1GQ,FI,2006-01-01,82.648
A,PD15_EUR,B1GQ,FI,2007-01-01,84.924
A,PD15_EUR,B1GQ,FI,2008-01-01,87.503
A,PD15_EUR,B1GQ,FI,2009-01-01,89.055
A,PD15_EUR,B1GQ,FI,2010-01-01,89.343
A,PD15_EUR,B1GQ,FI,2011-01-01,91.687
A,PD15_EUR,B1GQ,FI,2012-01-01,94.414
A,PD15_EUR,B1GQ,FI,2013-01-01,96.829
A,PD15_EUR,B1GQ,FI,2014-01-01,98.409
A,PD15_EUR,B1GQ,FI,2015-01-01,100
A,PD15_EUR,B1GQ,FI,2016-01-01,100.087
A,PD15_EUR,B1GQ,FI,2017-01-01,100.907
A,PD15_EUR,B1GQ,FI,2018-01-01,102.927
A,PD15_EUR,B1GQ,FI,2019-01-01,104.468
A,PD15_EUR,B1GQ,FI,2020-01-01,106.175
A,PD15_EUR,B1GQ,FI,2021-01-01,108.722
A,PD15_EUR,B1GQ,FI,2022-01-01,114.575
A,PD15_EUR,B1GQ,FI,2023-01-01,120.072
A,PD15_EUR,B1GQ,FR,1975-01-01,29.31
A,PD15_EUR,B1GQ,FR,1976-01-01,32.305
A,PD15_EUR,B1GQ,FR,1977-01-01,33.503
A,PD15_EUR,B1GQ,FR,1978-01-01,35.759
A,PD15_EUR,B1GQ,FR,1979-01-01,38.837
A,PD15_EUR,B1GQ,FR,1980-01-01,43.086
A,PD15_EUR,B1GQ,FR,1981-01-01,46.761
A,PD15_EUR,B1GQ,FR,1982-01-01,49.228
A,PD15_EUR,B1GQ,FR,1983-01-01,51.271
A,PD15_EUR,B1GQ,FR,1984-01-01,54.089
A,PD15_EUR,B1GQ,FR,1985-01-01,57.682
A,PD15_EUR,B1GQ,FR,1986-01-01,60.556
A,PD15_EUR,B1GQ,FR,1987-01-01,60.885
A,PD15_EUR,B1GQ,FR,1988-01-01,61.871
A,PD15_EUR,B1GQ,FR,1989-01-01,64.018
A,PD15_EUR,B1GQ,FR,1990-01-01,66.762
A,PD15_EUR,B1GQ,FR,1991-01-01,67.881
A,PD15_EUR,B1GQ,FR,1992-01-01,70.479
A,PD15_EUR,B1GQ,FR,1993-01-01,73.942
A,PD15_EUR,B1GQ,FR,1994-01-01,75.205
A,PD15_EUR,B1GQ,FR,1995-01-01,76.721
A,PD15_EUR,B1GQ,FR,1996-01-01,78.147
A,PD15_EUR,B1GQ,FR,1997-01-01,77.408
A,PD15_EUR,B1GQ,FR,1998-01-01,78.276
A,PD15_EUR,B1GQ,FR,1999-01-01,78.936
A,PD15_EUR,B1GQ,FR,2000-01-01,80.162
A,PD15_EUR,B1GQ,FR,2001-01-01,81.772
A,PD15_EUR,B1GQ,FR,2002-01-01,83.462
A,PD15_EUR,B1GQ,FR,2003-01-01,85.014
A,PD15_EUR,B1GQ,FR,2004-01-01,86.394
A,PD15_EUR,B1GQ,FR,2005-01-01,88.066
A,PD15_EUR,B1GQ,FR,2006-01-01,89.965
A,PD15_EUR,B1GQ,FR,2007-01-01,92.265
A,PD15_EUR,B1GQ,FR,2008-01-01,94.449
A,PD15_EUR,B1GQ,FR,2009-01-01,94.512
A,PD15_EUR,B1GQ,FR,2010-01-01,95.523
A,PD15_EUR,B1GQ,FR,2011-01-01,96.428
A,PD15_EUR,B1GQ,FR,2012-01-01,97.548
A,PD15_EUR,B1GQ,FR,2013-01-01,98.307
A,PD15_EUR,B1GQ,FR,2014-01-01,98.875
A,PD15_EUR,B1GQ,FR,2015-01-01,100
A,PD15_EUR,B1GQ,FR,2016-01-01,100.523
A,PD15_EUR,B1GQ,FR,2017-01-01,101.047
A,PD15_EUR,B1GQ,FR,2018-01-01,102.049
A,PD15_EUR,B1GQ,FR,2019-01-01,103.354
A,PD15_EUR,B1GQ,FR,2020-01-01,106.289
A,PD15_EUR,B1GQ,FR,2021-01-01,107.803
A,PD15_EUR,B1GQ,FR,2022-01-01,110.98
A,PD15_EUR,B1GQ,FR,2023-01-01,117.053
A,PD15_EUR,B1GQ,HR,1995-01-01,58.207
A,PD15_EUR,B1GQ,HR,1996-01-01,60.054
A,PD15_EUR,B1GQ,HR,1997-01-01,62.77
A,PD15_EUR,B1GQ,HR,1998-01-01,66.163
A,PD15_EUR,B1GQ,HR,1999-01-01,64.555
A,PD15_EUR,B1GQ,HR,2000-01-01,66.777
A,PD15_EUR,B1GQ,HR,2001-01-01,71.079
A,PD15_EUR,B1GQ,HR,2002-01-01,74.498
A,PD15_EUR,B1GQ,HR,2003-01-01,76.103
A,PD15_EUR,B1GQ,HR,2004-01-01,79.624
A,PD15_EUR,B1GQ,HR,2005-01-01,83.168
A,PD15_EUR,B1GQ,HR,2006-01-01,87.293
A,PD15_EUR,B1GQ,HR,2007-01-01,90.865
A,PD15_EUR,B1GQ,HR,2008-01-01,97.381
A,PD15_EUR,B1GQ,HR,2009-01-01,98.697
A,PD15_EUR,B1GQ,HR,2010-01-01,100.31
A,PD15_EUR,B1GQ,HR,2011-01-01,99.928
A,PD15_EUR,B1GQ,HR,2012-01-01,100.234
A,PD15_EUR,B1GQ,HR,2013-01-01,100.196
A,PD15_EUR,B1GQ,HR,2014-01-01,99.608
A,PD15_EUR,B1GQ,HR,2015-01-01,100
A,PD15_EUR,B1GQ,HR,2016-01-01,101.051
A,PD15_EUR,B1GQ,HR,2017-01-01,103.248
A,PD15_EUR,B1GQ,HR,2018-01-01,105.979
A,PD15_EUR,B1GQ,HR,2019-01-01,108.094
A,PD15_EUR,B1GQ,HR,2020-01-01,107.248
A,PD15_EUR,B1GQ,HR,2021-01-01,109.682
A,PD15_EUR,B1GQ,HR,2022-01-01,118.961
A,PD15_EUR,B1GQ,HR,2023-01-01,129.107
A,PD15_EUR,B1GQ,HU,1995-01-01,49.651
A,PD15_EUR,B1GQ,HU,1996-01-01,51.413
A,PD15_EUR,B1GQ,HU,1997-01-01,56.603
A,PD15_EUR,B1GQ,HU,1998-01-01,56.655
A,PD15_EUR,B1GQ,HU,1999-01-01,58.299
A,PD15_EUR,B1GQ,HU,2000-01-01,62.1
A,PD15_EUR,B1GQ,HU,2001-01-01,69.887
A,PD15_EUR,B1GQ,HU,2002-01-01,79.779
A,PD15_EUR,B1GQ,HU,2003-01-01,80.579
A,PD15_EUR,B1GQ,HU,2004-01-01,85.341
A,PD15_EUR,B1GQ,HU,2005-01-01,88.857
A,PD15_EUR,B1GQ,HU,2006-01-01,86.456
A,PD15_EUR,B1GQ,HU,2007-01-01,95.845
A,PD15_EUR,B1GQ,HU,2008-01-01,100.388
A,PD15_EUR,B1GQ,HU,2009-01-01,93.849
A,PD15_EUR,B1GQ,HU,2010-01-01,97.92
A,PD15_EUR,B1GQ,HU,2011-01-01,98.419
A,PD15_EUR,B1GQ,HU,2012-01-01,97.807
A,PD15_EUR,B1GQ,HU,2013-01-01,97.984
A,PD15_EUR,B1GQ,HU,2014-01-01,97.706
A,PD15_EUR,B1GQ,HU,2015-01-01,100
A,PD15_EUR,B1GQ,HU,2016-01-01,100.852
A,PD15_EUR,B1GQ,HU,2017-01-01,105.68
A,PD15_EUR,B1GQ,HU,2018-01-01,107.432
A,PD15_EUR,B1GQ,HU,2019-01-01,110.354
A,PD15_EUR,B1GQ,HU,2020-01-01,108.732
A,PD15_EUR,B1GQ,HU,2021-01-01,113.386
A,PD15_EUR,B1GQ,HU,2022-01-01,118.675
A,PD15_EUR,B1GQ,HU,2023-01-01,139.545
A,PD15_EUR,B1GQ,IE,1995-01-01,57.667
A,PD15_EUR,B1GQ,IE,1996-01-01,60.631
A,PD15_EUR,B1GQ,IE,1997-01-01,66.885
A,PD15_EUR,B1GQ,IE,1998-01-01,67.757
A,PD15_EUR,B1GQ,IE,1999-01-01,70.604
A,PD15_EUR,B1GQ,IE,2000-01-01,75.458
A,PD15_EUR,B1GQ,IE,2001-01-01,80.634
A,PD15_EUR,B1GQ,IE,2002-01-01,84.816
A,PD15_EUR,B1GQ,IE,2003-01-01,88.134
A,PD15_EUR,B1GQ,IE,2004-01-01,88.588
A,PD15_EUR,B1GQ,IE,2005-01-01,91.311
A,PD15_EUR,B1GQ,IE,2006-01-01,94.433
A,PD15_EUR,B1GQ,IE,2007-01-01,95.565
A,PD15_EUR,B1GQ,IE,2008-01-01,95.083
A,PD15_EUR,B1GQ,IE,2009-01-01,90.686
A,PD15_EUR,B1GQ,IE,2010-01-01,88.065
A,PD15_EUR,B1GQ,IE,2011-01-01,89.254
A,PD15_EUR,B1GQ,IE,2012-01-01,91.135
A,PD15_EUR,B1GQ,IE,2013-01-01,92.168
A,PD15_EUR,B1GQ,IE,2014-01-01,92.336
A,PD15_EUR,B1GQ,IE,2015-01-01,100
A,PD15_EUR,B1GQ,IE,2016-01-01,100.584
A,PD15_EUR,B1GQ,IE,2017-01-01,101.842
A,PD15_EUR,B1GQ,IE,2018-01-01,102.983
A,PD15_EUR,B1GQ,IE,2019-01-01,106.438
A,PD15_EUR,B1GQ,IE,2020-01-01,105.125
A,PD15_EUR,B1GQ,IE,2021-01-01,105.627
A,PD15_EUR,B1GQ,IE,2022-01-01,112.58
A,PD15_EUR,B1GQ,IE,2023-01-01,115.918
A,PD15_EUR,B1GQ,IS,1995-01-01,65.994
A,PD15_EUR,B1GQ,IS,1996-01-01,67.654
A,PD15_EUR,B1GQ,IS,1997-01-01,73.165
A,PD15_EUR,B1GQ,IS,1998-01-01,77.325
A,PD15_EUR,B1GQ,IS,1999-01-01,82.644
A,PD15_EUR,B1GQ,IS,2000-01-01,91.419
A,PD15_EUR,B1GQ,IS,2001-01-01,82.506
A,PD15_EUR,B1GQ,IS,2002-01-01,88.608
A,PD15_EUR,B1GQ,IS,2003-01-01,88.561
A,PD15_EUR,B1GQ,IS,2004-01-01,90.419
A,PD15_EUR,B1GQ,IS,2005-01-01,103.805
A,PD15_EUR,B1GQ,IS,2006-01-01,100.505
A,PD15_EUR,B1GQ,IS,2007-01-01,105.016
A,PD15_EUR,B1GQ,IS,2008-01-01,71.747
A,PD15_EUR,B1GQ,IS,2009-01-01,66.22
A,PD15_EUR,B1GQ,IS,2010-01-01,75.128
A,PD15_EUR,B1GQ,IS,2011-01-01,77.68
A,PD15_EUR,B1GQ,IS,2012-01-01,80.698
A,PD15_EUR,B1GQ,IS,2013-01-01,81.575
A,PD15_EUR,B1GQ,IS,2014-01-01,89.079
A,PD15_EUR,B1GQ,IS,2015-01-01,100
A,PD15_EUR,B1GQ,IS,2016-01-01,111.99
A,PD15_EUR,B1GQ,IS,2017-01-01,125.277
A,PD15_EUR,B1GQ,IS,2018-01-01,121.185
A,PD15_EUR,B1GQ,IS,2019-01-01,117.927
A,PD15_EUR,B1GQ,IS,2020-01-01,108.928
A,PD15_EUR,B1GQ,IS,2021-01-01,119.288
A,PD15_EUR,B1GQ,IS,2022-01-01,137.07
A,PD15_EUR,B1GQ,IS,2023-01-01,138.451
A,PD15_EUR,B1GQ,IT,1995-01-01,59.912
A,PD15_EUR,B1GQ,IT,1996-01-01,68.084
A,PD15_EUR,B1GQ,IT,1997-01-01,70.906
A,PD15_EUR,B1GQ,IT,1998-01-01,72.074
A,PD15_EUR,B1GQ,IT,1999-01-01,73.46
A,PD15_EUR,B1GQ,IT,2000-01-01,74.776
A,PD15_EUR,B1GQ,IT,2001-01-01,77.045
A,PD15_EUR,B1GQ,IT,2002-01-01,79.567
A,PD15_EUR,B1GQ,IT,2003-01-01,82.072
A,PD15_EUR,B1GQ,IT,2004-01-01,84.263
A,PD15_EUR,B1GQ,IT,2005-01-01,85.958
A,PD15_EUR,B1GQ,IT,2006-01-01,87.784
A,PD15_EUR,B1GQ,IT,2007-01-01,89.96
A,PD15_EUR,B1GQ,IT,2008-01-01,92.12
A,PD15_EUR,B1GQ,IT,2009-01-01,93.666
A,PD15_EUR,B1GQ,IT,2010-01-01,94.075
A,PD15_EUR,B1GQ,IT,2011-01-01,95.587
A,PD15_EUR,B1GQ,IT,2012-01-01,97.066
A,PD15_EUR,B1GQ,IT,2013-01-01,98.18
A,PD15_EUR,B1GQ,IT,2014-01-01,99.077
A,PD15_EUR,B1GQ,IT,2015-01-01,100
A,PD15_EUR,B1GQ,IT,2016-01-01,101.134
A,PD15_EUR,B1GQ,IT,2017-01-01,101.869
A,PD15_EUR,B1GQ,IT,2018-01-01,102.957
A,PD15_EUR,B1GQ,IT,2019-01-01,103.923
A,PD15_EUR,B1GQ,IT,2020-01-01,105.564
A,PD15_EUR,B1GQ,IT,2021-01-01,106.892
A,PD15_EUR,B1GQ,IT,2022-01-01,110.745
A,PD15_EUR,B1GQ,IT,2023-01-01,116.585
A,PD15_EUR,B1GQ,LT,1995-01-01,31.723
A,PD15_EUR,B1GQ,LT,1996-01-01,38.885
A,PD15_EUR,B1GQ,LT,1997-01-01,48.522
A,PD15_EUR,B1GQ,LT,1998-01-01,50.728
A,PD15_EUR,B1GQ,LT,1999-01-01,52.678
A,PD15_EUR,B1GQ,LT,2000-01-01,61.577
A,PD15_EUR,B1GQ,LT,2001-01-01,63.313
A,PD15_EUR,B1GQ,LT,2002-01-01,65.771
A,PD15_EUR,B1GQ,LT,2003-01-01,65.362
A,PD15_EUR,B1GQ,LT,2004-01-01,67.113
A,PD15_EUR,B1GQ,LT,2005-01-01,71.735
A,PD15_EUR,B1GQ,LT,2006-01-01,76.566
A,PD15_EUR,B1GQ,LT,2007-01-01,83.116
A,PD15_EUR,B1GQ,LT,2008-01-01,91.186
A,PD15_EUR,B1GQ,LT,2009-01-01,88.181
A,PD15_EUR,B1GQ,LT,2010-01-01,90.415
A,PD15_EUR,B1GQ,LT,2011-01-01,95.252
A,PD15_EUR,B1GQ,LT,2012-01-01,97.856
A,PD15_EUR,B1GQ,LT,2013-01-01,99.11
A,PD15_EUR,B1GQ,LT,2014-01-01,99.936
A,PD15_EUR,B1GQ,LT,2015-01-01,100
A,PD15_EUR,B1GQ,LT,2016-01-01,101.576
A,PD15_EUR,B1GQ,LT,2017-01-01,105.887
A,PD15_EUR,B1GQ,LT,2018-01-01,109.621
A,PD15_EUR,B1GQ,LT,2019-01-01,112.66
A,PD15_EUR,B1GQ,LT,2020-01-01,114.791
A,PD15_EUR,B1GQ,LT,2021-01-01,122.307
A,PD15_EUR,B1GQ,LT,2022-01-01,142.559
A,PD15_EUR,B1GQ,LT,2023-01-01,152.69
A,PD15_EUR,B1GQ,LU,1995-01-01,57.81
A,PD15_EUR,B1GQ,LU,1996-01-01,58.858
A,PD15_EUR,B1GQ,LU,1997-01-01,58.56
A,PD15_EUR,B1GQ,LU,1998-01-01,57.246
A,PD15_EUR,B1GQ,LU,1999-01-01,60.391
A,PD15_EUR,B1GQ,LU,2000-01-01,63.174
A,PD15_EUR,B1GQ,LU,2001-01-01,63.673
A,PD15_EUR,B1GQ,LU,2002-01-01,64.606
A,PD15_EUR,B1GQ,LU,2003-01-01,66.018
A,PD15_EUR,B1GQ,LU,2004-01-01,68.076
A,PD15_EUR,B1GQ,LU,2005-01-01,71.355
A,PD15_EUR,B1GQ,LU,2006-01-01,75.961
A,PD15_EUR,B1GQ,LU,2007-01-01,77.399
A,PD15_EUR,B1GQ,LU,2008-01-01,82.515
A,PD15_EUR,B1GQ,LU,2009-01-01,83.233
A,PD15_EUR,B1GQ,LU,2010-01-01,87.102
A,PD15_EUR,B1GQ,LU,2011-01-01,90.107
A,PD15_EUR,B1GQ,LU,2012-01-01,93.05
A,PD15_EUR,B1GQ,LU,2013-01-01,95.167
A,PD15_EUR,B1GQ,LU,2014-01-01,97.829
A,PD15_EUR,B1GQ,LU,2015-01-01,100
A,PD15_EUR,B1GQ,LU,2016-01-01,98.892
A,PD15_EUR,B1GQ,LU,2017-01-01,101.012
A,PD15_EUR,B1GQ,LU,2018-01-01,103.144
A,PD15_EUR,B1GQ,LU,2019-01-01,104.073
A,PD15_EUR,B1GQ,LU,2020-01-01,108.55
A,PD15_EUR,B1GQ,LU,2021-01-01,113.59
A,PD15_EUR,B1GQ,LU,2022-01-01,120.046
A,PD15_EUR,B1GQ,LU,2023-01-01,124.164
A,PD15_EUR,B1GQ,LV,1995-01-01,37.17
A,PD15_EUR,B1GQ,LV,1996-01-01,41.19
A,PD15_EUR,B1GQ,LV,1997-01-01,46.274
A,PD15_EUR,B1GQ,LV,1998-01-01,48.445
A,PD15_EUR,B1GQ,LV,1999-01-01,51.89
A,PD15_EUR,B1GQ,LV,2000-01-01,60.152
A,PD15_EUR,B1GQ,LV,2001-01-01,61.438
A,PD15_EUR,B1GQ,LV,2002-01-01,62.232
A,PD15_EUR,B1GQ,LV,2003-01-01,59.265
A,PD15_EUR,B1GQ,LV,2004-01-01,61.114
A,PD15_EUR,B1GQ,LV,2005-01-01,64.932
A,PD15_EUR,B1GQ,LV,2006-01-01,73.005
A,PD15_EUR,B1GQ,LV,2007-01-01,87.164
A,PD15_EUR,B1GQ,LV,2008-01-01,96.969
A,PD15_EUR,B1GQ,LV,2009-01-01,87.236
A,PD15_EUR,B1GQ,LV,2010-01-01,86.553
A,PD15_EUR,B1GQ,LV,2011-01-01,92.512
A,PD15_EUR,B1GQ,LV,2012-01-01,97.112
A,PD15_EUR,B1GQ,LV,2013-01-01,98.189
A,PD15_EUR,B1GQ,LV,2014-01-01,99.884
A,PD15_EUR,B1GQ,LV,2015-01-01,100
A,PD15_EUR,B1GQ,LV,2016-01-01,100.863
A,PD15_EUR,B1GQ,LV,2017-01-01,103.837
A,PD15_EUR,B1GQ,LV,2018-01-01,107.879
A,PD15_EUR,B1GQ,LV,2019-01-01,112.47
A,PD15_EUR,B1GQ,LV,2020-01-01,114.799
A,PD15_EUR,B1GQ,LV,2021-01-01,119.131
A,PD15_EUR,B1GQ,LV,2022-01-01,133.189
A,PD15_EUR,B1GQ,LV,2023-01-01,140.393
A,PD15_EUR,B1GQ,ME,2006-01-01,72.004
A,PD15_EUR,B1GQ,ME,2007-01-01,83.554
A,PD15_EUR,B1GQ,ME,2008-01-01,89.929
A,PD15_EUR,B1GQ,ME,2009-01-01,92.094
A,PD15_EUR,B1GQ,ME,2010-01-01,93.571
A,PD15_EUR,B1GQ,ME,2011-01-01,94.697
A,PD15_EUR,B1GQ,ME,2012-01-01,94.864
A,PD15_EUR,B1GQ,ME,2013-01-01,96.825
A,PD15_EUR,B1GQ,ME,2014-01-01,97.829
A,PD15_EUR,B1GQ,ME,2015-01-01,100
A,PD15_EUR,B1GQ,ME,2016-01-01,105.101
A,PD15_EUR,B1GQ,ME,2017-01-01,109.121
A,PD15_EUR,B1GQ,ME,2018-01-01,112.641
A,PD15_EUR,B1GQ,ME,2019-01-01,114.919
A,PD15_EUR,B1GQ,ME,2020-01-01,114.717
A,PD15_EUR,B1GQ,ME,2021-01-01,120.139
A,PD15_EUR,B1GQ,ME,2022-01-01,134.983
A,PD15_EUR,B1GQ,ME,2023-01-01,147.21
A,PD15_EUR,B1GQ,MK,2000-01-01,68.273
A,PD15_EUR,B1GQ,MK,2001-01-01,71.275
A,PD15_EUR,B1GQ,MK,2002-01-01,71.87
A,PD15_EUR,B1GQ,MK,2003-01-01,72.718
A,PD15_EUR,B1GQ,MK,2004-01-01,72.51
A,PD15_EUR,B1GQ,MK,2005-01-01,76.11
A,PD15_EUR,B1GQ,MK,2006-01-01,78.723
A,PD15_EUR,B1GQ,MK,2007-01-01,82.345
A,PD15_EUR,B1GQ,MK,2008-01-01,86.754
A,PD15_EUR,B1GQ,MK,2009-01-01,86.994
A,PD15_EUR,B1GQ,MK,2010-01-01,88.418
A,PD15_EUR,B1GQ,MK,2011-01-01,91.694
A,PD15_EUR,B1GQ,MK,2012-01-01,92.61
A,PD15_EUR,B1GQ,MK,2013-01-01,96.679
A,PD15_EUR,B1GQ,MK,2014-01-01,98.015
A,PD15_EUR,B1GQ,MK,2015-01-01,100
A,PD15_EUR,B1GQ,MK,2016-01-01,103.491
A,PD15_EUR,B1GQ,MK,2017-01-01,106.432
A,PD15_EUR,B1GQ,MK,2018-01-01,110.725
A,PD15_EUR,B1GQ,MK,2019-01-01,111.696
A,PD15_EUR,B1GQ,MK,2020-01-01,112.92
A,PD15_EUR,B1GQ,MK,2021-01-01,117.834
A,PD15_EUR,B1GQ,MK,2022-01-01,126.947
A,PD15_EUR,B1GQ,MK,2023-01-01,131.655
A,PD15_EUR,B1GQ,MT,2000-01-01,73.009
A,PD15_EUR,B1GQ,MT,2001-01-01,76.442
A,PD15_EUR,B1GQ,MT,2002-01-01,77.392
A,PD15_EUR,B1GQ,MT,2003-01-01,75.658
A,PD15_EUR,B1GQ,MT,2004-01-01,76.914
A,PD15_EUR,B1GQ,MT,2005-01-01,78.058
A,PD15_EUR,B1GQ,MT,2006-01-01,79.855
A,PD15_EUR,B1GQ,MT,2007-01-01,81.679
A,PD15_EUR,B1GQ,MT,2008-01-01,84.317
A,PD15_EUR,B1GQ,MT,2009-01-01,86.021
A,PD15_EUR,B1GQ,MT,2010-01-01,88.744
A,PD15_EUR,B1GQ,MT,2011-01-01,89.742
A,PD15_EUR,B1GQ,MT,2012-01-01,91.668
A,PD15_EUR,B1GQ,MT,2013-01-01,93.754
A,PD15_EUR,B1GQ,MT,2014-01-01,95.951
A,PD15_EUR,B1GQ,MT,2015-01-01,100
A,PD15_EUR,B1GQ,MT,2016-01-01,101.997
A,PD15_EUR,B1GQ,MT,2017-01-01,104.176
A,PD15_EUR,B1GQ,MT,2018-01-01,105.982
A,PD15_EUR,B1GQ,MT,2019-01-01,108.433
A,PD15_EUR,B1GQ,MT,2020-01-01,110.259
A,PD15_EUR,B1GQ,MT,2021-01-01,112.47
A,PD15_EUR,B1GQ,MT,2022-01-01,118.387
A,PD15_EUR,B1GQ,MT,2023-01-01,124.631
A,PD15_EUR,B1GQ,NL,1995-01-01,73.695
A,PD15_EUR,B1GQ,NL,1996-01-01,73.041
A,PD15_EUR,B1GQ,NL,1997-01-01,72.562
A,PD15_EUR,B1GQ,NL,1998-01-01,73.776
A,PD15_EUR,B1GQ,NL,1999-01-01,75.264
A,PD15_EUR,B1GQ,NL,2000-01-01,77.838
A,PD15_EUR,B1GQ,NL,2001-01-01,81.095
A,PD15_EUR,B1GQ,NL,2002-01-01,84.153
A,PD15_EUR,B1GQ,NL,2003-01-01,85.979
A,PD15_EUR,B1GQ,NL,2004-01-01,87.015
A,PD15_EUR,B1GQ,NL,2005-01-01,88.745
A,PD15_EUR,B1GQ,NL,2006-01-01,91.018
A,PD15_EUR,B1GQ,NL,2007-01-01,92.904
A,PD15_EUR,B1GQ,NL,2008-01-01,95.047
A,PD15_EUR,B1GQ,NL,2009-01-01,95.256
A,PD15_EUR,B1GQ,NL,2010-01-01,96.152
A,PD15_EUR,B1GQ,NL,2011-01-01,96.338
A,PD15_EUR,B1GQ,NL,2012-01-01,97.732
A,PD15_EUR,B1GQ,NL,2013-01-01,98.983
A,PD15_EUR,B1GQ,NL,2014-01-01,99.233
A,PD15_EUR,B1GQ,NL,2015-01-01,100
A,PD15_EUR,B1GQ,NL,2016-01-01,100.455
A,PD15_EUR,B1GQ,NL,2017-01-01,101.721
A,PD15_EUR,B1GQ,NL,2018-01-01,104.2
A,PD15_EUR,B1GQ,NL,2019-01-01,107.36
A,PD15_EUR,B1GQ,NL,2020-01-01,109.431
A,PD15_EUR,B1GQ,NL,2021-01-01,112.631
A,PD15_EUR,B1GQ,NL,2022-01-01,118.865
A,PD15_EUR,B1GQ,NL,2023-01-01,128.084
A,PD15_EUR,B1GQ,NO,1975-01-01,22.41
A,PD15_EUR,B1GQ,NO,1976-01-01,25.649
A,PD15_EUR,B1GQ,NO,1977-01-01,27.846
A,PD15_EUR,B1GQ,NO,1978-01-01,26.946
A,PD15_EUR,B1GQ,NO,1979-01-01,27.393
A,PD15_EUR,B1GQ,NO,1980-01-01,31.312
A,PD15_EUR,B1GQ,NO,1981-01-01,37.992
A,PD15_EUR,B1GQ,NO,1982-01-01,42.478
A,PD15_EUR,B1GQ,NO,1983-01-01,44.188
A,PD15_EUR,B1GQ,NO,1984-01-01,47.474
A,PD15_EUR,B1GQ,NO,1985-01-01,49.221
A,PD15_EUR,B1GQ,NO,1986-01-01,43.794
A,PD15_EUR,B1GQ,NO,1987-01-01,44.008
A,PD15_EUR,B1GQ,NO,1988-01-01,46.537
A,PD15_EUR,B1GQ,NO,1989-01-01,49.774
A,PD15_EUR,B1GQ,NO,1990-01-01,49.431
A,PD15_EUR,B1GQ,NO,1991-01-01,50.092
A,PD15_EUR,B1GQ,NO,1992-01-01,49.618
A,PD15_EUR,B1GQ,NO,1993-01-01,49.121
A,PD15_EUR,B1GQ,NO,1994-01-01,48.665
A,PD15_EUR,B1GQ,NO,1995-01-01,50.691
A,PD15_EUR,B1GQ,NO,1996-01-01,53.426
A,PD15_EUR,B1GQ,NO,1997-01-01,56.133
A,PD15_EUR,B1GQ,NO,1998-01-01,52.799
A,PD15_EUR,B1GQ,NO,1999-01-01,57.349
A,PD15_EUR,B1GQ,NO,2000-01-01,67.753
A,PD15_EUR,B1GQ,NO,2001-01-01,69.465
A,PD15_EUR,B1GQ,NO,2002-01-01,73.327
A,PD15_EUR,B1GQ,NO,2003-01-01,70.763
A,PD15_EUR,B1GQ,NO,2004-01-01,71.624
A,PD15_EUR,B1GQ,NO,2005-01-01,81.407
A,PD15_EUR,B1GQ,NO,2006-01-01,88.097
A,PD15_EUR,B1GQ,NO,2007-01-01,91.156
A,PD15_EUR,B1GQ,NO,2008-01-01,98.249
A,PD15_EUR,B1GQ,NO,2009-01-01,87.838
A,PD15_EUR,B1GQ,NO,2010-01-01,101.482
A,PD15_EUR,B1GQ,NO,2011-01-01,111.183
A,PD15_EUR,B1GQ,NO,2012-01-01,119.804
A,PD15_EUR,B1GQ,NO,2013-01-01,117.644
A,PD15_EUR,B1GQ,NO,2014-01-01,110.215
A,PD15_EUR,B1GQ,NO,2015-01-01,100
A,PD15_EUR,B1GQ,NO,2016-01-01,94.79
A,PD15_EUR,B1GQ,NO,2017-01-01,98.273
A,PD15_EUR,B1GQ,NO,2018-01-01,101.943
A,PD15_EUR,B1GQ,NO,2019-01-01,98.774
A,PD15_EUR,B1GQ,NO,2020-01-01,88.46
A,PD15_EUR,B1GQ,NO,2021-01-01,112.195
A,PD15_EUR,B1GQ,NO,2022-01-01,144.656
A,PD15_EUR,B1GQ,NO,2023-01-01,114.34
A,PD15_EUR,B1GQ,PL,1995-01-01,55.612
A,PD15_EUR,B1GQ,PL,1996-01-01,60.769
A,PD15_EUR,B1GQ,PL,1997-01-01,63.623
A,PD15_EUR,B1GQ,PL,1998-01-01,67.01
A,PD15_EUR,B1GQ,PL,1999-01-01,65.909
A,PD15_EUR,B1GQ,PL,2000-01-01,73.77
A,PD15_EUR,B1GQ,PL,2001-01-01,83.034
A,PD15_EUR,B1GQ,PL,2002-01-01,80.508
A,PD15_EUR,B1GQ,PL,2003-01-01,71.134
A,PD15_EUR,B1GQ,PL,2004-01-01,72.535
A,PD15_EUR,B1GQ,PL,2005-01-01,83.707
A,PD15_EUR,B1GQ,PL,2006-01-01,87.932
A,PD15_EUR,B1GQ,PL,2007-01-01,93.905
A,PD15_EUR,B1GQ,PL,2008-01-01,105.106
A,PD15_EUR,B1GQ,PL,2009-01-01,88.529
A,PD15_EUR,B1GQ,PL,2010-01-01,97.406
A,PD15_EUR,B1GQ,PL,2011-01-01,97.372
A,PD15_EUR,B1GQ,PL,2012-01-01,98.013
A,PD15_EUR,B1GQ,PL,2013-01-01,97.929
A,PD15_EUR,B1GQ,PL,2014-01-01,98.695
A,PD15_EUR,B1GQ,PL,2015-01-01,100
A,PD15_EUR,B1GQ,PL,2016-01-01,95.979
A,PD15_EUR,B1GQ,PL,2017-01-01,100.107
A,PD15_EUR,B1GQ,PL,2018-01-01,101.231
A,PD15_EUR,B1GQ,PL,2019-01-01,103.424
A,PD15_EUR,B1GQ,PL,2020-01-01,104.297
A,PD15_EUR,B1GQ,PL,2021-01-01,106.845
A,PD15_EUR,B1GQ,PL,2022-01-01,115.141
A,PD15_EUR,B1GQ,PL,2023-01-01,131.538
A,PD15_EUR,B1GQ,PT,1995-01-01,63.791
A,PD15_EUR,B1GQ,PT,1996-01-01,65.431
A,PD15_EUR,B1GQ,PT,1997-01-01,67.005
A,PD15_EUR,B1GQ,PT,1998-01-01,68.497
A,PD15_EUR,B1GQ,PT,1999-01-01,71.234
A,PD15_EUR,B1GQ,PT,2000-01-01,73.67
A,PD15_EUR,B1GQ,PT,2001-01-01,76.408
A,PD15_EUR,B1GQ,PT,2002-01-01,79.609
A,PD15_EUR,B1GQ,PT,2003-01-01,82.337
A,PD15_EUR,B1GQ,PT,2004-01-01,84.313
A,PD15_EUR,B1GQ,PT,2005-01-01,87.123
A,PD15_EUR,B1GQ,PT,2006-01-01,89.898
A,PD15_EUR,B1GQ,PT,2007-01-01,92.564
A,PD15_EUR,B1GQ,PT,2008-01-01,94.173
A,PD15_EUR,B1GQ,PT,2009-01-01,95.207
A,PD15_EUR,B1GQ,PT,2010-01-01,95.819
A,PD15_EUR,B1GQ,PT,2011-01-01,95.565
A,PD15_EUR,B1GQ,PT,2012-01-01,95.194
A,PD15_EUR,B1GQ,PT,2013-01-01,97.334
A,PD15_EUR,B1GQ,PT,2014-01-01,98.02
A,PD15_EUR,B1GQ,PT,2015-01-01,100
A,PD15_EUR,B1GQ,PT,2016-01-01,101.717
A,PD15_EUR,B1GQ,PT,2017-01-01,103.255
A,PD15_EUR,B1GQ,PT,2018-01-01,105.127
A,PD15_EUR,B1GQ,PT,2019-01-01,106.966
A,PD15_EUR,B1GQ,PT,2020-01-01,109.109
A,PD15_EUR,B1GQ,PT,2021-01-01,111.182
A,PD15_EUR,B1GQ,PT,2022-01-01,116.74
A,PD15_EUR,B1GQ,PT,2023-01-01,125.069
A,PD15_EUR,B1GQ,RO,1995-01-01,30.605
A,PD15_EUR,B1GQ,RO,1996-01-01,29.913
A,PD15_EUR,B1GQ,RO,1997-01-01,34.052
A,PD15_EUR,B1GQ,RO,1998-01-01,40.961
A,PD15_EUR,B1GQ,RO,1999-01-01,37.414
A,PD15_EUR,B1GQ,RO,2000-01-01,43.951
A,PD15_EUR,B1GQ,RO,2001-01-01,46.452
A,PD15_EUR,B1GQ,RO,2002-01-01,47.404
A,PD15_EUR,B1GQ,RO,2003-01-01,48.615
A,PD15_EUR,B1GQ,RO,2004-01-01,52.029
A,PD15_EUR,B1GQ,RO,2005-01-01,65.198
A,PD15_EUR,B1GQ,RO,2006-01-01,74.059
A,PD15_EUR,B1GQ,RO,2007-01-01,90.671
A,PD15_EUR,B1GQ,RO,2008-01-01,95.272
A,PD15_EUR,B1GQ,RO,2009-01-01,86.131
A,PD15_EUR,B1GQ,RO,2010-01-01,91.821
A,PD15_EUR,B1GQ,RO,2011-01-01,94.867
A,PD15_EUR,B1GQ,RO,2012-01-01,93.612
A,PD15_EUR,B1GQ,RO,2013-01-01,95.779
A,PD15_EUR,B1GQ,RO,2014-01-01,96.876
A,PD15_EUR,B1GQ,RO,2015-01-01,100
A,PD15_EUR,B1GQ,RO,2016-01-01,101.593
A,PD15_EUR,B1GQ,RO,2017-01-01,104.495
A,PD15_EUR,B1GQ,RO,2018-01-01,108.954
A,PD15_EUR,B1GQ,RO,2019-01-01,114.13
A,PD15_EUR,B1GQ,RO,2020-01-01,116.536
A,PD15_EUR,B1GQ,RO,2021-01-01,120.805
A,PD15_EUR,B1GQ,RO,2022-01-01,136.48
A,PD15_EUR,B1GQ,RO,2023-01-01,152.607
A,PD15_EUR,B1GQ,RS,1995-01-01,138.617
A,PD15_EUR,B1GQ,RS,1996-01-01,91.534
A,PD15_EUR,B1GQ,RS,1997-01-01,107.545
A,PD15_EUR,B1GQ,RS,1998-01-01,82.712
A,PD15_EUR,B1GQ,RS,1999-01-01,94.531
A,PD15_EUR,B1GQ,RS,2000-01-01,131.762
A,PD15_EUR,B1GQ,RS,2001-01-01,63.083
A,PD15_EUR,B1GQ,RS,2002-01-01,73.86
A,PD15_EUR,B1GQ,RS,2003-01-01,77.44
A,PD15_EUR,B1GQ,RS,2004-01-01,75.004
A,PD15_EUR,B1GQ,RS,2005-01-01,75.335
A,PD15_EUR,B1GQ,RS,2006-01-01,83.516
A,PD15_EUR,B1GQ,RS,2007-01-01,95.491
A,PD15_EUR,B1GQ,RS,2008-01-01,102.278
A,PD15_EUR,B1GQ,RS,2009-01-01,95.651
A,PD15_EUR,B1GQ,RS,2010-01-01,92.208
A,PD15_EUR,B1GQ,RS,2011-01-01,101.499
A,PD15_EUR,B1GQ,RS,2012-01-01,97.141
A,PD15_EUR,B1GQ,RS,2013-01-01,102.112
A,PD15_EUR,B1GQ,RS,2014-01-01,101.029
A,PD15_EUR,B1GQ,RS,2015-01-01,100
A,PD15_EUR,B1GQ,RS,2016-01-01,99.583
A,PD15_EUR,B1GQ,RS,2017-01-01,104.046
A,PD15_EUR,B1GQ,RS,2018-01-01,108.851
A,PD15_EUR,B1GQ,RS,2019-01-01,111.904
A,PD15_EUR,B1GQ,RS,2020-01-01,114.912
A,PD15_EUR,B1GQ,RS,2021-01-01,121.55
A,PD15_EUR,B1GQ,RS,2022-01-01,134.261
A,PD15_EUR,B1GQ,RS,2023-01-01,150.642
A,PD15_EUR,B1GQ,SE,1993-01-01,71.17
A,PD15_EUR,B1GQ,SE,1994-01-01,72.681
A,PD15_EUR,B1GQ,SE,1995-01-01,74.086
A,PD15_EUR,B1GQ,SE,1996-01-01,82.016
A,PD15_EUR,B1GQ,SE,1997-01-01,81.953
A,PD15_EUR,B1GQ,SE,1998-01-01,80.167
A,PD15_EUR,B1GQ,SE,1999-01-01,81.882
A,PD15_EUR,B1GQ,SE,2000-01-01,86.68
A,PD15_EUR,B1GQ,SE,2001-01-01,81.06
A,PD15_EUR,B1GQ,SE,2002-01-01,83.159
A,PD15_EUR,B1GQ,SE,2003-01-01,84.915
A,PD15_EUR,B1GQ,SE,2004-01-01,85.196
A,PD15_EUR,B1GQ,SE,2005-01-01,84.322
A,PD15_EUR,B1GQ,SE,2006-01-01,86.062
A,PD15_EUR,B1GQ,SE,2007-01-01,88.535
A,PD15_EUR,B1GQ,SE,2008-01-01,87.929
A,PD15_EUR,B1GQ,SE,2009-01-01,81.494
A,PD15_EUR,B1GQ,SE,2010-01-01,91.598
A,PD15_EUR,B1GQ,SE,2011-01-01,97.799
A,PD15_EUR,B1GQ,SE,2012-01-01,102.474
A,PD15_EUR,B1GQ,SE,2013-01-01,104.053
A,PD15_EUR,B1GQ,SE,2014-01-01,100.667
A,PD15_EUR,B1GQ,SE,2015-01-01,100
A,PD15_EUR,B1GQ,SE,2016-01-01,100.288
A,PD15_EUR,B1GQ,SE,2017-01-01,100.663
A,PD15_EUR,B1GQ,SE,2018-01-01,96.814
A,PD15_EUR,B1GQ,SE,2019-01-01,96.178
A,PD15_EUR,B1GQ,SE,2020-01-01,99.072
A,PD15_EUR,B1GQ,SE,2021-01-01,105.022
A,PD15_EUR,B1GQ,SE,2022-01-01,106.28
A,PD15_EUR,B1GQ,SE,2023-01-01,103.947
A,PD15_EUR,B1GQ,SI,1995-01-01,68.628
A,PD15_EUR,B1GQ,SI,1996-01-01,68.963
A,PD15_EUR,B1GQ,SI,1997-01-01,70.973
A,PD15_EUR,B1GQ,SI,1998-01-01,74.21
A,PD15_EUR,B1GQ,SI,1999-01-01,75.591
A,PD15_EUR,B1GQ,SI,2000-01-01,75.11
A,PD15_EUR,B1GQ,SI,2001-01-01,77.369
A,PD15_EUR,B1GQ,SI,2002-01-01,80.289
A,PD15_EUR,B1GQ,SI,2003-01-01,81.963
A,PD15_EUR,B1GQ,SI,2004-01-01,82.861
A,PD15_EUR,B1GQ,SI,2005-01-01,83.952
A,PD15_EUR,B1GQ,SI,2006-01-01,85.807
A,PD15_EUR,B1GQ,SI,2007-01-01,89.375
A,PD15_EUR,B1GQ,SI,2008-01-01,93.366
A,PD15_EUR,B1GQ,SI,2009-01-01,96.541
A,PD15_EUR,B1GQ,SI,2010-01-01,95.547
A,PD15_EUR,B1GQ,SI,2011-01-01,96.541
A,PD15_EUR,B1GQ,SI,2012-01-01,97.003
A,PD15_EUR,B1GQ,SI,2013-01-01,98.556
A,PD15_EUR,B1GQ,SI,2014-01-01,99.005
A,PD15_EUR,B1GQ,SI,2015-01-01,100
A,PD15_EUR,B1GQ,SI,2016-01-01,100.874
A,PD15_EUR,B1GQ,SI,2017-01-01,102.351
A,PD15_EUR,B1GQ,SI,2018-01-01,104.513
A,PD15_EUR,B1GQ,SI,2019-01-01,106.912
A,PD15_EUR,B1GQ,SI,2020-01-01,108.113
A,PD15_EUR,B1GQ,SI,2021-01-01,111.007
A,PD15_EUR,B1GQ,SI,2022-01-01,118.203
A,PD15_EUR,B1GQ,SI,2023-01-01,128.703
A,PD15_EUR,B1GQ,SK,1995-01-01,42.039
A,PD15_EUR,B1GQ,SK,1996-01-01,43.881
A,PD15_EUR,B1GQ,SK,1997-01-01,46.96
A,PD15_EUR,B1GQ,SK,1998-01-01,47.461
A,PD15_EUR,B1GQ,SK,1999-01-01,45.601
A,PD15_EUR,B1GQ,SK,2000-01-01,51.711
A,PD15_EUR,B1GQ,SK,2001-01-01,53.483
A,PD15_EUR,B1GQ,SK,2002-01-01,56.378
A,PD15_EUR,B1GQ,SK,2003-01-01,61.105
A,PD15_EUR,B1GQ,SK,2004-01-01,66.98
A,PD15_EUR,B1GQ,SK,2005-01-01,71.215
A,PD15_EUR,B1GQ,SK,2006-01-01,75.966
A,PD15_EUR,B1GQ,SK,2007-01-01,84.681
A,PD15_EUR,B1GQ,SK,2008-01-01,94.103
A,PD15_EUR,B1GQ,SK,2009-01-01,96.517
A,PD15_EUR,B1GQ,SK,2010-01-01,97.031
A,PD15_EUR,B1GQ,SK,2011-01-01,98.658
A,PD15_EUR,B1GQ,SK,2012-01-01,99.902
A,PD15_EUR,B1GQ,SK,2013-01-01,100.411
A,PD15_EUR,B1GQ,SK,2014-01-01,100.217
A,PD15_EUR,B1GQ,SK,2015-01-01,100
A,PD15_EUR,B1GQ,SK,2016-01-01,99.488
A,PD15_EUR,B1GQ,SK,2017-01-01,100.697
A,PD15_EUR,B1GQ,SK,2018-01-01,102.746
A,PD15_EUR,B1GQ,SK,2019-01-01,105.309
A,PD15_EUR,B1GQ,SK,2020-01-01,107.806
A,PD15_EUR,B1GQ,SK,2021-01-01,110.378
A,PD15_EUR,B1GQ,SK,2022-01-01,118.639
A,PD15_EUR,B1GQ,SK,2023-01-01,130.659
A,PD15_EUR,B1GQ,TR,1998-01-01,68.11
A,PD15_EUR,B1GQ,TR,1999-01-01,69.011
A,PD15_EUR,B1GQ,TR,2000-01-01,80.194
A,PD15_EUR,B1GQ,TR,2001-01-01,63.967
A,PD15_EUR,B1GQ,TR,2002-01-01,67.384
A,PD15_EUR,B1GQ,TR,2003-01-01,70.569
A,PD15_EUR,B1GQ,TR,2004-01-01,75.669
A,PD15_EUR,B1GQ,TR,2005-01-01,85.862
A,PD15_EUR,B1GQ,TR,2006-01-01,87.065
A,PD15_EUR,B1GQ,TR,2007-01-01,93.628
A,PD15_EUR,B1GQ,TR,2008-01-01,98.308
A,PD15_EUR,B1GQ,TR,2009-01-01,91.361
A,PD15_EUR,B1GQ,TR,2010-01-01,105.922
A,PD15_EUR,B1GQ,TR,2011-01-01,97.877
A,PD15_EUR,B1GQ,TR,2012-01-01,106.246
A,PD15_EUR,B1GQ,TR,2013-01-01,103.113
A,PD15_EUR,B1GQ,TR,2014-01-01,96.522
A,PD15_EUR,B1GQ,TR,2015-01-01,100
A,PD15_EUR,B1GQ,TR,2016-01-01,97.852
A,PD15_EUR,B1GQ,TR,2017-01-01,88.113
A,PD15_EUR,B1GQ,TR,2018-01-01,74.116
A,PD15_EUR,B1GQ,TR,2019-01-01,75.764
A,PD15_EUR,B1GQ,TR,2020-01-01,68.647
A,PD15_EUR,B1GQ,TR,2021-01-01,67.838
A,PD15_EUR,B1GQ,TR,2022-01-01,80.304
A,PD15_EUR,B1GQ,TR,2023-01-01,90.889
A,PD15_EUR,B1GQ,UK,1995-01-01,59.93
A,PD15_EUR,B1GQ,UK,1996-01-01,63.548
A,PD15_EUR,B1GQ,UK,1997-01-01,74.65
A,PD15_EUR,B1GQ,UK,1998-01-01,77.191
A,PD15_EUR,B1GQ,UK,1999-01-01,80.006
A,PD15_EUR,B1GQ,UK,2000-01-01,88.055
A,PD15_EUR,B1GQ,UK,2001-01-01,87.263
A,PD15_EUR,B1GQ,UK,2002-01-01,88.114
A,PD15_EUR,B1GQ,UK,2003-01-01,81.968
A,PD15_EUR,B1GQ,UK,2004-01-01,85.696
A,PD15_EUR,B1GQ,UK,2005-01-01,87.349
A,PD15_EUR,B1GQ,UK,2006-01-01,90.073
A,PD15_EUR,B1GQ,UK,2007-01-01,92.153
A,PD15_EUR,B1GQ,UK,2008-01-01,81.637
A,PD15_EUR,B1GQ,UK,2009-01-01,74.143
A,PD15_EUR,B1GQ,UK,2010-01-01,78.241
A,PD15_EUR,B1GQ,UK,2011-01-01,78.935
A,PD15_EUR,B1GQ,UK,2012-01-01,85.883
A,PD15_EUR,B1GQ,UK,2013-01-01,83.461
A,PD15_EUR,B1GQ,UK,2014-01-01,89.45
A,PD15_EUR,B1GQ,UK,2015-01-01,100
A,PD15_EUR,B1GQ,UK,2016-01-01,90.479
A,PD15_EUR,B1GQ,UK,2017-01-01,86.215
A,PD15_EUR,B1GQ,UK,2018-01-01,87.354
A,PD15_EUR,B1GQ,UK,2019-01-01,89.936
A,PD15_EUR,B1GQ,XK,2008-01-01,85.687
A,PD15_EUR,B1GQ,XK,2009-01-01,83.259
A,PD15_EUR,B1GQ,XK,2010-01-01,88.582
A,PD15_EUR,B1GQ,XK,2011-01-01,94.165
A,PD15_EUR,B1GQ,XK,2012-01-01,97.485
A,PD15_EUR,B1GQ,XK,2013-01-01,97.829
A,PD15_EUR,B1GQ,XK,2014-01-01,99.396
A,PD15_EUR,B1GQ,XK,2015-01-01,100
A,PD15_EUR,B1GQ,XK,2016-01-01,100.78
A,PD15_EUR,B1GQ,XK,2017-01-01,101.223
A,PD15_EUR,B1GQ,XK,2018-01-01,102.74
A,PD15_EUR,B1GQ,XK,2019-01-01,103.729
A,PD15_EUR,B1GQ,XK,2020-01-01,105.162
A,PD15_EUR,B1GQ,XK,2021-01-01,111.594
A,PD15_EUR,B1GQ,XK,2022-01-01,119.625
A,PD15_EUR,B1GQ,XK,2023-01-01,125.614
