"Fiscal Year","Contracting Department ID","Contracting Department Name","Contracting Agency Name","Contracting Agency ID","Action Obligation","Actions"
"2010","0300","LIBRARY OF CONGRESS","LIBRARY OF CONGRESS","0300","$5,500.00","43"
"2010","0500","GENERAL ACCOUNTING OFFICE","GAO, EXCEPT COMPTROLLER GENERAL","0559","$409,104.88","14"
"2010","1100","EXECUTIVE OFFICE OF THE PRESIDENT","EXECUTIVE OFFICE OF THE PRESIDENT","1100","$73,472,810.93","1,073"
"2010","1145","PEACE CORPS","PEACE CORPS","1145","$188,419,575.37","694"
"2010","1153","UNITED STATES TRADE AND DEVELOPMENT AGENCY","UNITED STATES TRADE AND DEVELOPMENT AGENCY","1153","$13,223,055.03","161"
"2010","1200","AGRICULTURE, DEPARTMENT OF","AGRICULTURAL MARKETING SERVICE","12K2","$1,370,293,766.69","1,865"
"2010","1200","AGRICULTURE, DEPARTMENT OF","AGRICULTURAL RESEARCH SERVICE","12H2","$361,611,703.82","7,229"
"2010","1200","AGRICULTURE, DEPARTMENT OF","ANIMAL AND PLANT HEALTH INSPECTION SERVICE","12K3","$155,527,442.53","5,527"
"2010","1200","AGRICULTURE, DEPARTMENT OF","FARM SERVICE AGENCY","12D2","$1,427,133,069.25","2,517"
"2010","1200","AGRICULTURE, DEPARTMENT OF","FOOD AND NUTRITION SERVICE","12F2","$81,913,448.43","616"
"2010","1200","AGRICULTURE, DEPARTMENT OF","FOOD SAFETY AND INSPECTION SERVICE","12G2","$68,479,189.87","1,046"
"2010","1200","AGRICULTURE, DEPARTMENT OF","FOREST SERVICE","12C2","$1,804,666,719.84","42,055"
"2010","1200","AGRICULTURE, DEPARTMENT OF","NATURAL RESOURCES CONSERVATION SERVICE","12C3","$196,477,804.59","5,415"
"2010","1200","AGRICULTURE, DEPARTMENT OF","OFFICE OF INSPECTOR GENERAL","1204","$4,022,657.95","167"
"2010","1200","AGRICULTURE, DEPARTMENT OF","RISK MANAGEMENT AGENCY","12D4","-$19,476.42","5"
"2010","1200","AGRICULTURE, DEPARTMENT OF","RURAL HOUSING SERVICE","12E3","$135,070,715.74","8,434"
"2010","1200","AGRICULTURE, DEPARTMENT OF","USDA, OFFICE OF THE CHIEF FINANCIAL OFFICER","1205","$497,906,210.25","4,954"
"2010","1300","COMMERCE, DEPARTMENT OF","BUREAU OF THE CENSUS","1323","$1,334,752,493.70","3,279"
"2010","1300","COMMERCE, DEPARTMENT OF","NATIONAL INSTITUTE OF STANDARDS AND TECHNOLOGY","1341","$505,443,710.18","4,996"
"2010","1300","COMMERCE, DEPARTMENT OF","NATIONAL OCEANIC AND ATMOSPHERIC ADMINISTRATION","1330","$1,625,710,693.20","16,238"
"2010","1300","COMMERCE, DEPARTMENT OF","OFFICE OF THE SECRETARY","1301","$53,774,534.51","874"
"2010","1300","COMMERCE, DEPARTMENT OF","PATENT AND TRADEMARK OFFICE","1344","$430,667,524.13","1,619"
"2010","1400","INTERIOR, DEPARTMENT OF THE","BUREAU OF INDIAN AFFAIRS","1450","$579,205,487.72","8,765"
"2010","1400","INTERIOR, DEPARTMENT OF THE","BUREAU OF LAND MANAGEMENT","1422","$482,368,016.88","13,286"
"2010","1400","INTERIOR, DEPARTMENT OF THE","BUREAU OF OCEAN ENERGY MANAGEMENT","1435","$82,443,660.50","1,343"
"2010","1400","INTERIOR, DEPARTMENT OF THE","BUREAU OF RECLAMATION","1425","$704,660,060.82","9,254"
"2010","1400","INTERIOR, DEPARTMENT OF THE","GEOLOGICAL SURVEY","1434","$359,251,670.00","8,794"
"2010","1400","INTERIOR, DEPARTMENT OF THE","NATIONAL PARK SERVICE","1443","$1,322,092,725.30","21,930"
"2010","1400","INTERIOR, DEPARTMENT OF THE","OFFICE OF POLICY, BUDGET AND ADMINISTRATION","1406","$2,017,734,435.19","8,102"
"2010","1400","INTERIOR, DEPARTMENT OF THE","OFFICE OF POLICY, MANAGEMENT, AND BUDGET","1406","$339,987.19","12"
"2010","1400","INTERIOR, DEPARTMENT OF THE","OFFICE OF SURFACE MINING, RECLAMATION AND ENFORCEMENT","1438","$21,340,390.54","1,339"
"2010","1400","INTERIOR, DEPARTMENT OF THE","OFFICE OF THE INSPECTOR GENERAL","1404","$1,207,889.63","63"
"2010","1400","INTERIOR, DEPARTMENT OF THE","U.S. FISH AND WILDLIFE SERVICE","1448","$590,517,952.46","17,843"
"2010","1500","JUSTICE, DEPARTMENT OF","ATF ACQUISITION AND PROPERTY MGMT DIV","1560","$237,781,549.24","5,975"
"2010","1500","JUSTICE, DEPARTMENT OF","DRUG ENFORCEMENT ADMINISTRATION","1524","$582,732,999.38","24,947"
"2010","1500","JUSTICE, DEPARTMENT OF","FEDERAL BUREAU OF INVESTIGATION","1549","$1,510,858,571.03","3,709"
"2010","1500","JUSTICE, DEPARTMENT OF","FEDERAL PRISON SYSTEM","1540","$2,409,312,946.67","78,284"
"2010","1500","JUSTICE, DEPARTMENT OF","OFFICE OF JUSTICE PROGRAMS","1550","$106,145,246.51","814"
"2010","1500","JUSTICE, DEPARTMENT OF","OFFICES, BOARDS AND DIVISIONS","1501","$1,344,890,163.18","7,215"
"2010","1500","JUSTICE, DEPARTMENT OF","U.S. MARSHALS SERVICE","1544","$432,191,986.94","7,980"
"2010","1600","LABOR, DEPARTMENT OF","BUREAU OF LABOR STATISTICS","1625","$66,942,137.34","1,010"
"2010","1600","LABOR, DEPARTMENT OF","EMPLOYMENT AND TRAINING ADMINISTRATION","1630","$1,297,970,554.55","1,810"
"2010","1600","LABOR, DEPARTMENT OF","EMPLOYMENT STANDARDS ADMINISTRATION","1635","$38,323.00","4"
"2010","1600","LABOR, DEPARTMENT OF","MINE SAFETY AND HEALTH ADMINISTRATION","1645","$28,644,377.78","1,350"
"2010","1600","LABOR, DEPARTMENT OF","OCCUPATIONAL SAFETY AND HEALTH ADMINISTRATION","1650","$4,568.06","1"
"2010","1600","LABOR, DEPARTMENT OF","OFFICE OF INSPECTOR GENERAL","1604","$8,963,648.42","228"
"2010","1600","LABOR, DEPARTMENT OF","OFFICE OF JOB CORPS","1631","$2,533,275.00","7"
"2010","1600","LABOR, DEPARTMENT OF","OFFICE OF THE ASSISTANT SECRETARY FOR ADMIN AND MANAGEMENT","1605","$833,752,646.26","5,350"
"2010","1665","PENSION BENEFIT GUARANTY CORPORATION","PENSION BENEFIT GUARANTY CORPORATION","1665","$279,218,911.93","1,433"
"2010","1900","STATE, DEPARTMENT OF","STATE, DEPARTMENT OF","1900","$8,141,008,307.27","205,855"
"2010","19BM","INTERNATIONAL BOUNDARY AND WATER COMMISSION: U.S.-MEXICO","INTERNATIONAL BOUNDARY AND WATER COMMISSION: U.S.-MEXICO","19BM","$199,132,779.06","636"
"2010","2000","TREASURY, DEPARTMENT OF THE","ALCOHOL AND TOBACCO TAX AND TRADE BUREAU","2022","$7,552,228.34","3"
"2010","2000","TREASURY, DEPARTMENT OF THE","BUREAU OF ENGRAVING AND PRINTING","2041","$367,188,049.31","2,499"
"2010","2000","TREASURY, DEPARTMENT OF THE","BUREAU OF THE PUBLIC DEBT","2036","$237,082,936.05","4,649"
"2010","2000","TREASURY, DEPARTMENT OF THE","DEPARTMENTAL OFFICES","2001","$187,753,707.51","1,590"
"2010","2000","TREASURY, DEPARTMENT OF THE","FINANCIAL CRIME ENFORCEMENT NETWORK","2026","$18,300,227.57","125"
"2010","2000","TREASURY, DEPARTMENT OF THE","FINANCIAL MANAGEMENT SERVICE","2033","$129,517,355.22","1,362"
"2010","2000","TREASURY, DEPARTMENT OF THE","INTERNAL REVENUE SERVICE","2050","$1,818,679,897.77","21,308"
"2010","2000","TREASURY, DEPARTMENT OF THE","OFFICE OF THE COMPTROLLER OF THE CURRENCY","2046","$98,675,281.95","956"
"2010","2000","TREASURY, DEPARTMENT OF THE","OFFICE OF THRIFT SUPERVISION","2047","$20,444,451.65","501"
"2010","2000","TREASURY, DEPARTMENT OF THE","TREASURY, DEPARTMENT OF THE","2000","$30,000.00","1"
"2010","2000","TREASURY, DEPARTMENT OF THE","UNITED STATES MINT","2044","$3,102,414,782.55","5,985"
"2010","2400","OFFICE OF PERSONNEL MANAGEMENT","OFFICE OF PERSONNEL MANAGEMENT","2400","$1,495,389,435.29","9,664"
"2010","2700","FEDERAL COMMUNICATIONS COMMISSION","FEDERAL COMMUNICATIONS COMMISSION","2700","$121,763,617.96","954"
"2010","2800","SOCIAL SECURITY ADMINISTRATION","SOCIAL SECURITY ADMINISTRATION","2800","$1,378,962,589.64","10,530"
"2010","2900","FEDERAL TRADE COMMISSION","FEDERAL TRADE COMMISSION","2900","$57,122,670.79","1,299"
"2010","3100","NUCLEAR REGULATORY COMMISSION","NUCLEAR REGULATORY COMMISSION","3100","$212,423,191.72","2,723"
"2010","3300","SMITHSONIAN INSTITUTION","SMITHSONIAN INSTITUTION","3300","$270,347,128.04","3,672"
"2010","3300","SMITHSONIAN INSTITUTION","WOODROW WILSON INTERNATIONAL CENTER FOR SCHOLARS","3358","$106,823.73","13"
"2010","3352","J. F. KENNEDY CENTER FOR THE PERFORMING ARTS","J. F. KENNEDY CENTER FOR THE PERFORMING ARTS","3352","$20,625,522.61","215"
"2010","3355","NATIONAL GALLERY OF ART","NATIONAL GALLERY OF ART","3355","$87,753,913.02","307"
"2010","3400","INTERNATIONAL TRADE COMMISSION","INTERNATIONAL TRADE COMMISSION","3400","$9,259,404.10","195"
"2010","3600","VETERANS AFFAIRS, DEPARTMENT OF","VETERANS AFFAIRS, DEPARTMENT OF","3600","$16,245,210,037.36","495,310"
"2010","4100","MERIT SYSTEMS PROTECTION BOARD","MERIT SYSTEMS PROTECTION BOARD","4100","$6,398,534.17","215"
"2010","4500","EQUAL EMPLOYMENT OPPORTUNITY COMMISSION","EQUAL EMPLOYMENT OPPORTUNITY COMMISSION","4500","$51,996,053.45","2,152"
"2010","4700","GENERAL SERVICES ADMINISTRATION","FEDERAL ACQUISITION SERVICE","4730","$1,888,015,181.70","752,094"
"2010","4700","GENERAL SERVICES ADMINISTRATION","FEDERAL ACQUISITION SERVICE","4735","$3,981,112,628.62","9,577"
"2010","4700","GENERAL SERVICES ADMINISTRATION","GENERAL SERVICES ADMINISTRATION","4700","$5,360.64","1"
"2010","4700","GENERAL SERVICES ADMINISTRATION","OFFICE OF INSPECTOR GENERAL","4704","$1,214,933.53","65"
"2010","4700","GENERAL SERVICES ADMINISTRATION","OFFICE OF PUBLIC AFFAIRS","4708","$121,330.96","3"
"2010","4700","GENERAL SERVICES ADMINISTRATION","OFFICE OF THE ADMINISTRATOR(ACMD)","4705","$177,091,812.09","1,054"
"2010","4700","GENERAL SERVICES ADMINISTRATION","OFFICE OF THE CHIEF ACQUISITION OFFICER","4745","$79,638,095.91","197"
"2010","4700","GENERAL SERVICES ADMINISTRATION","PUBLIC BUILDINGS SERVICE","4740","$11,877,484,091.83","159,479"
"2010","4900","NATIONAL SCIENCE FOUNDATION","NATIONAL SCIENCE FOUNDATION","4900","$428,855,151.32","1,102"
"2010","5000","SECURITIES AND EXCHANGE COMMISSION","SECURITIES AND EXCHANGE COMMISSION","5000","$222,798,109.17","1,481"
"2010","5400","FEDERAL LABOR RELATIONS AUTHORITY","FEDERAL LABOR RELATIONS AUTHORITY","5400","$1,194,628.15","24"
"2010","5900","NATIONAL FOUNDATION ON THE ARTS AND THE HUMANITIES","THE INSTITUE OF MUSEUM AND LIBRARY SERVICES","5950","$1,117,265.06","55"
"2010","5920","NATIONAL ENDOWMENT FOR THE ARTS","NATIONAL ENDOWMENT FOR THE ARTS","5920","$1,837,192.66","74"
"2010","5940","NATIONAL ENDOWMENT FOR THE HUMANITIES","NATIONAL ENDOWMENT FOR THE HUMANITIES","5940","$7,502,206.86","171"
"2010","6000","RAILROAD RETIREMENT BOARD","RAILROAD RETIREMENT BOARD","6000","$12,959,896.26","456"
"2010","6100","CONSUMER PRODUCT SAFETY COMMISSION","CONSUMER PRODUCT SAFETY COMMISSION","6100","$37,576,674.24","1,015"
"2010","6201","OFFICE OF SPECIAL COUNSEL","OFFICE OF SPECIAL COUNSEL","6201","$504,755.01","30"
"2010","6300","NATIONAL LABOR RELATIONS BOARD","NATIONAL LABOR RELATIONS BOARD","6300","$20,711,602.02","416"
"2010","6500","FEDERAL MARITIME COMMISSION","FEDERAL MARITIME COMMISSION","6500","$274,895.50","61"
"2010","6800","ENVIRONMENTAL PROTECTION AGENCY","ENVIRONMENTAL PROTECTION AGENCY","6800","$1,663,948,969.94","23,967"
"2010","6800","ENVIRONMENTAL PROTECTION AGENCY","OFFICE OF THE INSPECTOR GENERAL","6804","$1,354,444.45","63"
"2010","6900","TRANSPORTATION, DEPARTMENT OF","FEDERAL AVIATION ADMINISTRATION","6920","$3,876,184,553.91","7,088"
"2010","6900","TRANSPORTATION, DEPARTMENT OF","FEDERAL HIGHWAY ADMINISTRATION","6925","$835,845,647.57","4,611"
"2010","6900","TRANSPORTATION, DEPARTMENT OF","FEDERAL MOTOR CARRIER SAFETY ADMINISTRATION","6959","$43,524,000.39","345"
"2010","6900","TRANSPORTATION, DEPARTMENT OF","FEDERAL RAILROAD ADMINISTRATION","6930","$47,503,578.10","802"
"2010","6900","TRANSPORTATION, DEPARTMENT OF","FEDERAL TRANSIT ADMINISTRATION","6955","$97,976,347.01","485"
"2010","6900","TRANSPORTATION, DEPARTMENT OF","IMMEDIATE OFFICE OF THE SECRETARY OF TRANSPORTATION","6901","$478,925,777.97","1,415"
"2010","6900","TRANSPORTATION, DEPARTMENT OF","MARITIME ADMINISTRATION","6938","$389,406,241.14","3,974"
"2010","6900","TRANSPORTATION, DEPARTMENT OF","NATIONAL HIGHWAY TRAFFIC SAFETY ADMINISTRATION","6940","$97,514,218.07","858"
"2010","6900","TRANSPORTATION, DEPARTMENT OF","PIPELINE AND HAZARDOUS MATERIALS SAFETY ADMINISTRATON","6957","$37,067,725.40","303"
"2010","6900","TRANSPORTATION, DEPARTMENT OF","RESEARCH AND INNOVATIVE TECHNOLOGY ADMINISTRATION","6943","$169,288,077.69","1,497"
"2010","6900","TRANSPORTATION, DEPARTMENT OF","SAINT LAWRENCE SEAWAY DEVELOPMENT CORPORATION","6947","$11,255,324.98","528"
"2010","6900","TRANSPORTATION, DEPARTMENT OF","TRANSPORTATION, DEPARTMENT OF","6900","-$621.00","1"
"2010","7000","HOMELAND SECURITY, DEPARTMENT OF","FEDERAL EMERGENCY MANAGEMENT AGENCY","7022","$482,085,976.44","12,132"
"2010","7000","HOMELAND SECURITY, DEPARTMENT OF","FEDERAL LAW ENFORCEMENT TRAINING CENTER","7015","$229,197,443.17","4,622"
"2010","7000","HOMELAND SECURITY, DEPARTMENT OF","OFFICE OF PROCUREMENT OPERATIONS","7001","$2,963,532,780.42","9,663"
"2010","7000","HOMELAND SECURITY, DEPARTMENT OF","OFFICE OF THE INSPECTOR GENERAL","7004","$795,211.46","23"
"2010","7000","HOMELAND SECURITY, DEPARTMENT OF","TRANSPORTATION SECURITY ADMINISTRATION","7013","$1,962,936,528.03","3,768"
"2010","7000","HOMELAND SECURITY, DEPARTMENT OF","U.S. CITIZENSHIP AND IMMIGRATION SERVICES","7003","$694,553,165.23","3,215"
"2010","7000","HOMELAND SECURITY, DEPARTMENT OF","U.S. COAST GUARD","7008","$2,784,084,343.03","39,989"
"2010","7000","HOMELAND SECURITY, DEPARTMENT OF","U.S. CUSTOMS AND BORDER PROTECTION","7014","$2,878,863,360.34","8,976"
"2010","7000","HOMELAND SECURITY, DEPARTMENT OF","U.S. IMMIGRATION AND CUSTOMS ENFORCEMENT","7012","$1,404,391,504.44","6,129"
"2010","7000","HOMELAND SECURITY, DEPARTMENT OF","U.S. SECRET SERVICE","7009","$182,026,352.97","2,164"
"2010","7100","OVERSEAS PRIVATE INVESTMENT CORPORATION","OVERSEAS PRIVATE INVESTMENT CORPORATION","7100","$3,597,617.09","76"
"2010","7200","AGENCY FOR INTERNATIONAL DEVELOPMENT","AGENCY FOR INTERNATIONAL DEVELOPMENT","7200","$5,578,885,495.17","8,308"
"2010","7300","SMALL BUSINESS ADMINISTRATION","SMALL BUSINESS ADMINISTRATION","7300","$144,588,818.97","1,121"
"2010","7500","HEALTH AND HUMAN SERVICES, DEPARTMENT OF","AGENCY FOR HEALTH CARE POLICY AND RESEARCH","7528","$393,376,749.83","710"
"2010","7500","HEALTH AND HUMAN SERVICES, DEPARTMENT OF","CENTERS FOR DISEASE CONTROL","7523","$5,735,197,079.45","10,671"
"2010","7500","HEALTH AND HUMAN SERVICES, DEPARTMENT OF","CENTERS FOR MEDICARE AND MEDICAID SERVICES","7530","$3,437,468,745.66","2,847"
"2010","7500","HEALTH AND HUMAN SERVICES, DEPARTMENT OF","FOOD AND DRUG ADMINISTRATION","7524","$716,132,515.38","5,093"
"2010","7500","HEALTH AND HUMAN SERVICES, DEPARTMENT OF","HEALTH RESOURCES AND SERVICES ADMINISTRATION","7526","$234,284,931.91","2,932"
"2010","7500","HEALTH AND HUMAN SERVICES, DEPARTMENT OF","INDIAN HEALTH SERVICE","7527","$473,577,371.19","21,152"
"2010","7500","HEALTH AND HUMAN SERVICES, DEPARTMENT OF","NATIONAL INSTITUTES OF HEALTH","7529","$5,605,360,578.39","32,723"
"2010","7500","HEALTH AND HUMAN SERVICES, DEPARTMENT OF","OFFICE OF ASSISTANT SECRETARY FOR MANAGEMENT AND BUDGET","7505","$611,571,891.95","326"
"2010","7500","HEALTH AND HUMAN SERVICES, DEPARTMENT OF","OFFICE OF ASST SECRETARY FOR HEALTH EXCEPT NATIONAL CENTERS","7555","$1,641,199,928.70","9,386"
"2010","7500","HEALTH AND HUMAN SERVICES, DEPARTMENT OF","SUBSTANCE ABUSE AND MENTAL HEALTH SERVICES ADMINISTRATION","7522","$334,064,936.00","442"
"2010","8000","NATIONAL AERONAUTICS AND SPACE ADMINISTRATION","NATIONAL AERONAUTICS AND SPACE ADMINISTRATION","8000","$16,092,819,165.65","36,121"
"2010","8600","HOUSING AND URBAN DEVELOPMENT, DEPARTMENT OF","HOUSING AND URBAN DEVELOPMENT, DEPARTMENT OF","8600","$1,673,146,138.47","4,783"
"2010","8600","HOUSING AND URBAN DEVELOPMENT, DEPARTMENT OF","OFFICE OF FEDERAL HOUSING ENTERPRISE OVERSIGHT","8656","-$215,638.39","5"
"2010","8800","NATIONAL ARCHIVES AND RECORDS ADMINISTRATION","NATIONAL ARCHIVES AND RECORDS ADMINISTRATION","8800","$257,328,142.59","1,598"
"2010","8900","ENERGY, DEPARTMENT OF","ENERGY, DEPARTMENT OF","8900","$25,691,213,398.19","15,789"
"2010","8961","FEDERAL ENERGY REGULATORY COMMISSION","FEDERAL ENERGY REGULATORY COMMISSION","8961","$58,461,256.19","835"
"2010","9000","SELECTIVE SERVICE SYSTEM","SELECTIVE SERVICE SYSTEM","9000","$1,675,451.45","69"
"2010","9100","EDUCATION, DEPARTMENT OF","EDUCATION, DEPARTMENT OF","9100","$1,835,417,627.90","3,799"
"2010","9300","FEDERAL MEDIATION AND CONCILIATION SERVICE","FEDERAL MEDIATION AND CONCILIATION SERVICE","9300","$2,335,081.70","7"
"2010","9502","NATIONAL CAPITAL PLANNING COMMISSION","NATIONAL CAPITAL PLANNING COMMISSION","9502","$401,975.19","28"
"2010","9506","FEDERAL ELECTION COMMISSION","FEDERAL ELECTION COMMISSION","9506","$12,191,111.95","289"
"2010","9507","COMMODITY FUTURES TRADING COMMISSION","COMMODITY FUTURES TRADING COMMISSION","9507","$34,277,885.44","478"
"2010","9508","NATIONAL TRANSPORTATION SAFETY BOARD","NATIONAL TRANSPORTATION SAFETY BOARD","9508","$12,229,171.72","305"
"2010","9516","DEFENSE NUCLEAR FACILITIES SAFETY BOARD","DEFENSE NUCLEAR FACILITIES SAFETY BOARD","9516","$3,269,221.36","86"
"2010","9523","ELECTION ASSISTANCE COMMISSION","ELECTION ASSISTANCE COMMISSION","9523","$1,655,410.22","75"
"2010","9524","NATIONAL MEDIATION BOARD","NATIONAL MEDIATION BOARD","9524","$1,662,227.26","177"
"2010","9542","FEDERAL HOUSING FINANCE AGENCY","FEDERAL HOUSING FINANCE AGENCY","9542","$14,553,684.47","56"
"2010","9543","MILLENIUM CHALLENGE CORPORATION","MILLENNIUM CHALLENGE CORPORATION","9543","$66,843,390.41","847"
"2010","9561","RECOVERY ACCOUNTABILITY AND TRANSPARENCY BOARD","RECOVERY ACCOUNTABILITY AND TRANSPARENCY BOARD","9561","$146,722.12","5"
"2010","9568","BROADCASTING BOARD OF GOVERNORS","BROADCASTING BOARD OF GOVERNORS","9568","$43,766,444.99","3,942"
"2010","9577","CORPORATION FOR NATIONAL AND COMMUNITY SERVICE","CORPORATION FOR NATIONAL AND COMMUNITY SERVICE","9577","$72,194,780.05","806"
"2010","9594","COURT SERVICES AND OFFENDER SUPERVISION AGENCY","COURT SERVICES AND OFFENDER SUPERVISION AGENCY","9594","$57,187,133.64","387"
"2010","9594","COURT SERVICES AND OFFENDER SUPERVISION AGENCY","PRETRIAL SERVICES AGENCY","959P","$8,606,591.99","106"
"2010","9700","DEPT OF DEFENSE","BUSINESS TRANSFORMATION AGENCY","9777","$80,604,662.58","400"
"2010","9700","DEPT OF DEFENSE","DEFENSE ADVANCED RESEARCH PROJECTS AGENCY  (DARPA)","97AE","$1,176,399,959.98","1,004"
"2010","9700","DEPT OF DEFENSE","DEFENSE COMMISSARY AGENCY  (DECA)","97AZ","$6,210,764,003.83","1,946,612"
"2010","9700","DEPT OF DEFENSE","DEFENSE CONTRACT MANAGEMENT AGENCY (DCMA)","9763","-$135,069,234.40","14,787"
"2010","9700","DEPT OF DEFENSE","DEFENSE FINANCE AND ACCOUNTING SERVICE (DFAS)","97BZ","$287,241,883.23","1,984"
"2010","9700","DEPT OF DEFENSE","DEFENSE HUMAN RESOURCES ACTIVITY","9748","$31,833,526.61","153"
"2010","9700","DEPT OF DEFENSE","DEFENSE INFORMATION SYSTEMS AGENCY (DISA)","97AK","$5,268,359,624.79","38,154"
"2010","9700","DEPT OF DEFENSE","DEFENSE LOGISTICS AGENCY","97AS","$34,954,025,998.97","537,741"
"2010","9700","DEPT OF DEFENSE","DEFENSE MEDIA ACTIVITY (DMA)","97F1","$1,698,996.66","33"
"2010","9700","DEPT OF DEFENSE","DEFENSE MEDIA CENTER (DMC)","97F1","$131,638,064.03","1,257"
"2010","9700","DEPT OF DEFENSE","DEFENSE MICROELECTRONICS ACTIVITY (DMEA)","9771","$522,601,866.62","586"
"2010","9700","DEPT OF DEFENSE","DEFENSE SECURITY COOPERATION AGENCY","97AT","$55,571,675.98","1,625"
"2010","9700","DEPT OF DEFENSE","DEFENSE SECURITY SERVICE","97AV","$66,984,499.41","305"
"2010","9700","DEPT OF DEFENSE","DEFENSE THREAT REDUCTION AGENCY (DTRA)","9761","$951,759,810.85","2,211"
"2010","9700","DEPT OF DEFENSE","DEPT OF DEFENSE EDUCATION ACTIVITY (DODEA)","97F2","$331,249,359.30","5,144"
"2010","9700","DEPT OF DEFENSE","DEPT OF THE AIR FORCE","5700","$64,897,380,505.84","205,222"
"2010","9700","DEPT OF DEFENSE","DEPT OF THE ARMY","2100","$140,695,069,377.97","501,167"
"2010","9700","DEPT OF DEFENSE","DEPT OF THE NAVY","1700","$87,859,193,732.36","349,407"
"2010","9700","DEPT OF DEFENSE","MISSILE DEFENSE AGENCY (MDA)","97JC","$5,356,951,774.37","3,731"
"2010","9700","DEPT OF DEFENSE","TRICARE MANAGEMENT ACTIVITY (TMA)","9760","$10,915,953,063.01","1,552"
"2010","9700","DEPT OF DEFENSE","U.S. SPECIAL OPERATIONS COMMAND (USSOCOM)","97ZS","$2,471,590,827.13","9,773"
"2010","9700","DEPT OF DEFENSE","UNIFORMED SERVICES UNIVERSITY OF THE HEALTH SCIENCES  (USUHS)","97HW","$49,650,481.78","1,164"
"2010","9700","DEPT OF DEFENSE","USTRANSCOM","9776","$4,705,632,144.56","7,339"
"2010","9700","DEPT OF DEFENSE","VIRGINIA CONTRACTING AGENCY","9773","$0.00","3"
"2010","9700","DEPT OF DEFENSE","WASHINGTON HEADQUARTERS SERVICES (WHS)","97F5","$818,518,323.59","2,625"
"2011","0300","LIBRARY OF CONGRESS","LIBRARY OF CONGRESS","0300","$0.00","30"
"2011","0500","GENERAL ACCOUNTING OFFICE","GAO, EXCEPT COMPTROLLER GENERAL","0559","$13,187,927.27","38"
"2011","1100","EXECUTIVE OFFICE OF THE PRESIDENT","EXECUTIVE OFFICE OF THE PRESIDENT","1100","$70,185,082.22","1,033"
"2011","1145","PEACE CORPS","PEACE CORPS","1145","$70,810,244.35","547"
"2011","1153","UNITED STATES TRADE AND DEVELOPMENT AGENCY","UNITED STATES TRADE AND DEVELOPMENT AGENCY","1153","$11,399,590.03","98"
"2011","1200","AGRICULTURE, DEPARTMENT OF","AGRICULTURAL MARKETING SERVICE","12K2","$1,309,145,652.13","1,462"
"2011","1200","AGRICULTURE, DEPARTMENT OF","AGRICULTURAL RESEARCH SERVICE","12H2","$180,909,381.48","6,777"
"2011","1200","AGRICULTURE, DEPARTMENT OF","ANIMAL AND PLANT HEALTH INSPECTION SERVICE","12K3","$170,257,271.01","5,820"
"2011","1200","AGRICULTURE, DEPARTMENT OF","FARM SERVICE AGENCY","12D2","$1,436,441,131.43","2,722"
"2011","1200","AGRICULTURE, DEPARTMENT OF","FOOD AND NUTRITION SERVICE","12F2","$131,938,494.25","611"
"2011","1200","AGRICULTURE, DEPARTMENT OF","FOOD SAFETY AND INSPECTION SERVICE","12G2","$59,775,140.75","818"
"2011","1200","AGRICULTURE, DEPARTMENT OF","FOREST SERVICE","12C2","$1,303,024,287.98","41,145"
"2011","1200","AGRICULTURE, DEPARTMENT OF","NATURAL RESOURCES CONSERVATION SERVICE","12C3","$121,786,481.42","5,898"
"2011","1200","AGRICULTURE, DEPARTMENT OF","OFFICE OF INSPECTOR GENERAL","1204","$2,091,103.47","344"
"2011","1200","AGRICULTURE, DEPARTMENT OF","RISK MANAGEMENT AGENCY","12D4","-$625.59","1"
"2011","1200","AGRICULTURE, DEPARTMENT OF","RURAL HOUSING SERVICE","12E3","$53,987,505.92","7,721"
"2011","1200","AGRICULTURE, DEPARTMENT OF","USDA, OFFICE OF THE CHIEF FINANCIAL OFFICER","1205","$460,418,979.66","4,447"
"2011","1300","COMMERCE, DEPARTMENT OF","BUREAU OF THE CENSUS","1323","$392,656,772.16","2,146"
"2011","1300","COMMERCE, DEPARTMENT OF","NATIONAL INSTITUTE OF STANDARDS AND TECHNOLOGY","1341","$253,452,318.13","5,228"
"2011","1300","COMMERCE, DEPARTMENT OF","NATIONAL OCEANIC AND ATMOSPHERIC ADMINISTRATION","1330","$1,164,572,946.21","14,202"
"2011","1300","COMMERCE, DEPARTMENT OF","OFFICE OF THE SECRETARY","1301","$43,900,756.55","1,168"
"2011","1300","COMMERCE, DEPARTMENT OF","PATENT AND TRADEMARK OFFICE","1344","$522,175,226.53","1,850"
"2011","1400","INTERIOR, DEPARTMENT OF THE","BUREAU OF INDIAN AFFAIRS","1450","$292,581,676.96","9,874"
"2011","1400","INTERIOR, DEPARTMENT OF THE","BUREAU OF LAND MANAGEMENT","1422","$279,764,072.55","11,719"
"2011","1400","INTERIOR, DEPARTMENT OF THE","BUREAU OF OCEAN ENERGY MANAGEMENT","1435","$92,800,121.63","1,286"
"2011","1400","INTERIOR, DEPARTMENT OF THE","BUREAU OF RECLAMATION","1425","$465,457,393.39","8,190"
"2011","1400","INTERIOR, DEPARTMENT OF THE","GEOLOGICAL SURVEY","1434","$263,542,093.11","7,831"
"2011","1400","INTERIOR, DEPARTMENT OF THE","NATIONAL PARK SERVICE","1443","$682,094,563.07","19,907"
"2011","1400","INTERIOR, DEPARTMENT OF THE","OFFICE OF POLICY, BUDGET AND ADMINISTRATION","1406","$1,700,369,603.40","7,519"
"2011","1400","INTERIOR, DEPARTMENT OF THE","OFFICE OF POLICY, MANAGEMENT, AND BUDGET","1406","$1,587,190.14","23"
"2011","1400","INTERIOR, DEPARTMENT OF THE","OFFICE OF SURFACE MINING, RECLAMATION AND ENFORCEMENT","1438","$8,589,971.31","960"
"2011","1400","INTERIOR, DEPARTMENT OF THE","OFFICE OF THE INSPECTOR GENERAL","1404","$3,227,143.27","156"
"2011","1400","INTERIOR, DEPARTMENT OF THE","U.S. FISH AND WILDLIFE SERVICE","1448","$385,513,204.55","17,296"
"2011","1500","JUSTICE, DEPARTMENT OF","ATF ACQUISITION AND PROPERTY MGMT DIV","1560","$263,176,673.68","4,346"
"2011","1500","JUSTICE, DEPARTMENT OF","DRUG ENFORCEMENT ADMINISTRATION","1524","$584,818,168.94","31,277"
"2011","1500","JUSTICE, DEPARTMENT OF","FEDERAL BUREAU OF INVESTIGATION","1549","$1,349,962,094.45","3,562"
"2011","1500","JUSTICE, DEPARTMENT OF","FEDERAL PRISON SYSTEM","1540","$2,910,463,336.54","84,404"
"2011","1500","JUSTICE, DEPARTMENT OF","OFFICE OF JUSTICE PROGRAMS","1550","$116,955,326.96","674"
"2011","1500","JUSTICE, DEPARTMENT OF","OFFICES, BOARDS AND DIVISIONS","1501","$1,484,883,654.32","8,803"
"2011","1500","JUSTICE, DEPARTMENT OF","U.S. MARSHALS SERVICE","1544","$491,763,843.60","4,713"
"2011","1600","LABOR, DEPARTMENT OF","BUREAU OF LABOR STATISTICS","1625","$62,634,320.94","1,053"
"2011","1600","LABOR, DEPARTMENT OF","EMPLOYMENT AND TRAINING ADMINISTRATION","1630","$1,233,640,289.21","1,398"
"2011","1600","LABOR, DEPARTMENT OF","MINE SAFETY AND HEALTH ADMINISTRATION","1645","$27,744,673.60","1,841"
"2011","1600","LABOR, DEPARTMENT OF","OFFICE OF INSPECTOR GENERAL","1604","$8,690,266.05","249"
"2011","1600","LABOR, DEPARTMENT OF","OFFICE OF JOB CORPS","1631","$38,424,354.09","18"
"2011","1600","LABOR, DEPARTMENT OF","OFFICE OF THE ASSISTANT SECRETARY FOR ADMIN AND MANAGEMENT","1605","$591,088,840.09","5,524"
"2011","1665","PENSION BENEFIT GUARANTY CORPORATION","PENSION BENEFIT GUARANTY CORPORATION","1665","$272,645,727.04","1,356"
"2011","1900","STATE, DEPARTMENT OF","STATE, DEPARTMENT OF","1900","$9,158,783,479.56","78,619"
"2011","19BM","INTERNATIONAL BOUNDARY AND WATER COMMISSION: U.S.-MEXICO","INTERNATIONAL BOUNDARY AND WATER COMMISSION: U.S.-MEXICO","19BM","$65,158,996.48","754"
"2011","2000","TREASURY, DEPARTMENT OF THE","ALCOHOL AND TOBACCO TAX AND TRADE BUREAU","2022","$8,753,659.01","3"
"2011","2000","TREASURY, DEPARTMENT OF THE","BUREAU OF ENGRAVING AND PRINTING","2041","$300,944,672.37","2,385"
"2011","2000","TREASURY, DEPARTMENT OF THE","BUREAU OF THE PUBLIC DEBT","2036","$219,062,944.72","4,194"
"2011","2000","TREASURY, DEPARTMENT OF THE","DEPARTMENTAL OFFICES","2001","$188,692,642.54","1,353"
"2011","2000","TREASURY, DEPARTMENT OF THE","FINANCIAL CRIME ENFORCEMENT NETWORK","2026","$16,985,502.69","277"
"2011","2000","TREASURY, DEPARTMENT OF THE","FINANCIAL MANAGEMENT SERVICE","2033","$111,670,310.25","1,198"
"2011","2000","TREASURY, DEPARTMENT OF THE","INTERNAL REVENUE SERVICE","2050","$1,856,938,519.41","20,062"
"2011","2000","TREASURY, DEPARTMENT OF THE","OFFICE OF THE COMPTROLLER OF THE CURRENCY","2046","$168,822,403.96","1,424"
"2011","2000","TREASURY, DEPARTMENT OF THE","OFFICE OF THRIFT SUPERVISION","2047","$6,057,418.43","431"
"2011","2000","TREASURY, DEPARTMENT OF THE","UNITED STATES MINT","2044","$4,341,286,781.69","5,937"
"2011","2400","OFFICE OF PERSONNEL MANAGEMENT","OFFICE OF PERSONNEL MANAGEMENT","2400","$1,543,046,855.24","8,347"
"2011","2700","FEDERAL COMMUNICATIONS COMMISSION","FEDERAL COMMUNICATIONS COMMISSION","2700","$71,731,737.70","535"
"2011","2800","SOCIAL SECURITY ADMINISTRATION","SOCIAL SECURITY ADMINISTRATION","2800","$1,313,715,278.48","16,280"
"2011","2900","FEDERAL TRADE COMMISSION","FEDERAL TRADE COMMISSION","2900","$61,896,324.14","1,072"
"2011","3100","NUCLEAR REGULATORY COMMISSION","NUCLEAR REGULATORY COMMISSION","3100","$207,560,896.05","2,992"
"2011","3300","SMITHSONIAN INSTITUTION","SMITHSONIAN INSTITUTION","3300","$288,466,890.93","3,375"
"2011","3300","SMITHSONIAN INSTITUTION","WOODROW WILSON INTERNATIONAL CENTER FOR SCHOLARS","3358","$52,288.70","6"
"2011","3352","J. F. KENNEDY CENTER FOR THE PERFORMING ARTS","J. F. KENNEDY CENTER FOR THE PERFORMING ARTS","3352","$16,941,980.39","100"
"2011","3355","NATIONAL GALLERY OF ART","NATIONAL GALLERY OF ART","3355","$16,938,691.12","256"
"2011","3400","INTERNATIONAL TRADE COMMISSION","INTERNATIONAL TRADE COMMISSION","3400","$12,205,032.92","302"
"2011","3600","VETERANS AFFAIRS, DEPARTMENT OF","VETERANS AFFAIRS, DEPARTMENT OF","3600","$17,505,238,285.74","1,358,663"
"2011","4100","MERIT SYSTEMS PROTECTION BOARD","MERIT SYSTEMS PROTECTION BOARD","4100","$3,693,290.47","292"
"2011","4500","EQUAL EMPLOYMENT OPPORTUNITY COMMISSION","EQUAL EMPLOYMENT OPPORTUNITY COMMISSION","4500","$44,917,778.05","2,120"
"2011","4700","GENERAL SERVICES ADMINISTRATION","FEDERAL ACQUISITION SERVICE","4732","$5,953,865,140.81","607,264"
"2011","4700","GENERAL SERVICES ADMINISTRATION","OFFICE OF INSPECTOR GENERAL","4704","$4,935,598.23","91"
"2011","4700","GENERAL SERVICES ADMINISTRATION","OFFICE OF PUBLIC AFFAIRS","4708","$398,067.94","13"
"2011","4700","GENERAL SERVICES ADMINISTRATION","OFFICE OF THE ADMINISTRATOR(ACMD)","4705","$211,446,082.22","1,127"
"2011","4700","GENERAL SERVICES ADMINISTRATION","OFFICE OF THE CHIEF ACQUISITION OFFICER","4745","$51,561,940.12","128"
"2011","4700","GENERAL SERVICES ADMINISTRATION","PUBLIC BUILDINGS SERVICE","4740","$6,394,014,246.86","116,231"
"2011","4900","NATIONAL SCIENCE FOUNDATION","NATIONAL SCIENCE FOUNDATION","4900","$446,587,322.48","1,137"
"2011","5000","SECURITIES AND EXCHANGE COMMISSION","SECURITIES AND EXCHANGE COMMISSION","5000","$236,550,034.71","2,057"
"2011","5400","FEDERAL LABOR RELATIONS AUTHORITY","FEDERAL LABOR RELATIONS AUTHORITY","5400","$812,403.22","32"
"2011","5900","NATIONAL FOUNDATION ON THE ARTS AND THE HUMANITIES","THE INSTITUE OF MUSEUM AND LIBRARY SERVICES","5950","$1,459,398.28","55"
"2011","5920","NATIONAL ENDOWMENT FOR THE ARTS","NATIONAL ENDOWMENT FOR THE ARTS","5920","$2,730,376.96","71"
"2011","5940","NATIONAL ENDOWMENT FOR THE HUMANITIES","NATIONAL ENDOWMENT FOR THE HUMANITIES","5940","$6,053,810.00","189"
"2011","6000","RAILROAD RETIREMENT BOARD","RAILROAD RETIREMENT BOARD","6000","$13,310,007.14","480"
"2011","6100","CONSUMER PRODUCT SAFETY COMMISSION","CONSUMER PRODUCT SAFETY COMMISSION","6100","$30,078,364.43","1,121"
"2011","6300","NATIONAL LABOR RELATIONS BOARD","NATIONAL LABOR RELATIONS BOARD","6300","$18,790,132.08","680"
"2011","6500","FEDERAL MARITIME COMMISSION","FEDERAL MARITIME COMMISSION","6500","$840,198.05","19"
"2011","6800","ENVIRONMENTAL PROTECTION AGENCY","ENVIRONMENTAL PROTECTION AGENCY","6800","$1,863,936,508.90","26,964"
"2011","6800","ENVIRONMENTAL PROTECTION AGENCY","OFFICE OF THE INSPECTOR GENERAL","6804","$21,563.13","42"
"2011","6900","TRANSPORTATION, DEPARTMENT OF","FEDERAL AVIATION ADMINISTRATION","6920","$3,567,680,074.32","6,024"
"2011","6900","TRANSPORTATION, DEPARTMENT OF","FEDERAL HIGHWAY ADMINISTRATION","6925","$626,814,463.04","4,667"
"2011","6900","TRANSPORTATION, DEPARTMENT OF","FEDERAL MOTOR CARRIER SAFETY ADMINISTRATION","6959","$45,286,204.02","260"
"2011","6900","TRANSPORTATION, DEPARTMENT OF","FEDERAL RAILROAD ADMINISTRATION","6930","$66,796,029.71","1,009"
"2011","6900","TRANSPORTATION, DEPARTMENT OF","FEDERAL TRANSIT ADMINISTRATION","6955","$206,183,524.77","616"
"2011","6900","TRANSPORTATION, DEPARTMENT OF","IMMEDIATE OFFICE OF THE SECRETARY OF TRANSPORTATION","6901","$444,732,739.57","1,347"
"2011","6900","TRANSPORTATION, DEPARTMENT OF","MARITIME ADMINISTRATION","6938","$365,534,221.31","4,174"
"2011","6900","TRANSPORTATION, DEPARTMENT OF","NATIONAL HIGHWAY TRAFFIC SAFETY ADMINISTRATION","6940","$119,258,586.46","754"
"2011","6900","TRANSPORTATION, DEPARTMENT OF","PIPELINE AND HAZARDOUS MATERIALS SAFETY ADMINISTRATON","6957","$34,991,950.13","364"
"2011","6900","TRANSPORTATION, DEPARTMENT OF","RESEARCH AND INNOVATIVE TECHNOLOGY ADMINISTRATION","6943","$176,172,784.85","1,525"
"2011","6900","TRANSPORTATION, DEPARTMENT OF","SAINT LAWRENCE SEAWAY DEVELOPMENT CORPORATION","6947","$16,359,662.53","482"
"2011","7000","HOMELAND SECURITY, DEPARTMENT OF","FEDERAL EMERGENCY MANAGEMENT AGENCY","7022","$1,382,370,510.02","13,801"
"2011","7000","HOMELAND SECURITY, DEPARTMENT OF","FEDERAL LAW ENFORCEMENT TRAINING CENTER","7015","$220,983,985.08","4,087"
"2011","7000","HOMELAND SECURITY, DEPARTMENT OF","OFFICE OF PROCUREMENT OPERATIONS","7001","$2,813,761,884.67","9,493"
"2011","7000","HOMELAND SECURITY, DEPARTMENT OF","OFFICE OF THE INSPECTOR GENERAL","7004","$16,107,480.60","486"
"2011","7000","HOMELAND SECURITY, DEPARTMENT OF","TRANSPORTATION SECURITY ADMINISTRATION","7013","$1,863,853,667.91","3,606"
"2011","7000","HOMELAND SECURITY, DEPARTMENT OF","U.S. CITIZENSHIP AND IMMIGRATION SERVICES","7003","$716,528,834.23","3,137"
"2011","7000","HOMELAND SECURITY, DEPARTMENT OF","U.S. COAST GUARD","7008","$3,713,035,980.93","39,413"
"2011","7000","HOMELAND SECURITY, DEPARTMENT OF","U.S. CUSTOMS AND BORDER PROTECTION","7014","$1,978,288,621.81","10,322"
"2011","7000","HOMELAND SECURITY, DEPARTMENT OF","U.S. IMMIGRATION AND CUSTOMS ENFORCEMENT","7012","$1,308,555,360.41","6,564"
"2011","7000","HOMELAND SECURITY, DEPARTMENT OF","U.S. SECRET SERVICE","7009","$202,691,214.33","2,814"
"2011","7100","OVERSEAS PRIVATE INVESTMENT CORPORATION","OVERSEAS PRIVATE INVESTMENT CORPORATION","7100","$13,944,079.99","154"
"2011","7200","AGENCY FOR INTERNATIONAL DEVELOPMENT","AGENCY FOR INTERNATIONAL DEVELOPMENT","7200","$4,482,384,203.40","9,494"
"2011","7300","SMALL BUSINESS ADMINISTRATION","SMALL BUSINESS ADMINISTRATION","7300","$132,311,462.62","911"
"2011","7500","HEALTH AND HUMAN SERVICES, DEPARTMENT OF","AGENCY FOR HEALTH CARE POLICY AND RESEARCH","7528","$179,084,621.39","478"
"2011","7500","HEALTH AND HUMAN SERVICES, DEPARTMENT OF","CENTERS FOR DISEASE CONTROL","7523","$5,690,752,759.53","13,725"
"2011","7500","HEALTH AND HUMAN SERVICES, DEPARTMENT OF","CENTERS FOR MEDICARE AND MEDICAID SERVICES","7530","$4,616,955,487.12","3,024"
"2011","7500","HEALTH AND HUMAN SERVICES, DEPARTMENT OF","FOOD AND DRUG ADMINISTRATION","7524","$717,186,225.50","5,797"
"2011","7500","HEALTH AND HUMAN SERVICES, DEPARTMENT OF","HEALTH RESOURCES AND SERVICES ADMINISTRATION","7526","$223,940,928.29","3,087"
"2011","7500","HEALTH AND HUMAN SERVICES, DEPARTMENT OF","INDIAN HEALTH SERVICE","7527","$404,155,350.74","20,379"
"2011","7500","HEALTH AND HUMAN SERVICES, DEPARTMENT OF","NATIONAL INSTITUTES OF HEALTH","7529","$4,451,355,011.83","33,411"
"2011","7500","HEALTH AND HUMAN SERVICES, DEPARTMENT OF","OFFICE OF ASSISTANT SECRETARY FOR MANAGEMENT AND BUDGET","7505","$1,473,901,805.18","404"
"2011","7500","HEALTH AND HUMAN SERVICES, DEPARTMENT OF","OFFICE OF ASST SECRETARY FOR HEALTH EXCEPT NATIONAL CENTERS","7555","$1,398,183,523.09","7,821"
"2011","7500","HEALTH AND HUMAN SERVICES, DEPARTMENT OF","SUBSTANCE ABUSE AND MENTAL HEALTH SERVICES ADMINISTRATION","7522","$348,115,814.78","401"
"2011","8000","NATIONAL AERONAUTICS AND SPACE ADMINISTRATION","NATIONAL AERONAUTICS AND SPACE ADMINISTRATION","8000","$15,395,422,024.05","41,503"
"2011","8600","HOUSING AND URBAN DEVELOPMENT, DEPARTMENT OF","HOUSING AND URBAN DEVELOPMENT, DEPARTMENT OF","8600","$1,670,932,855.55","4,763"
"2011","8800","NATIONAL ARCHIVES AND RECORDS ADMINISTRATION","NATIONAL ARCHIVES AND RECORDS ADMINISTRATION","8800","$230,859,309.09","1,558"
"2011","8900","ENERGY, DEPARTMENT OF","ENERGY, DEPARTMENT OF","8900","$25,065,112,972.84","14,610"
"2011","8961","FEDERAL ENERGY REGULATORY COMMISSION","FEDERAL ENERGY REGULATORY COMMISSION","8961","$57,134,969.10","685"
"2011","9000","SELECTIVE SERVICE SYSTEM","SELECTIVE SERVICE SYSTEM","9000","$5,826,230.79","115"
"2011","9100","EDUCATION, DEPARTMENT OF","EDUCATION, DEPARTMENT OF","9100","$1,865,281,083.52","3,286"
"2011","9300","FEDERAL MEDIATION AND CONCILIATION SERVICE","FEDERAL MEDIATION AND CONCILIATION SERVICE","9300","$1,767,540.08","72"
"2011","9502","NATIONAL CAPITAL PLANNING COMMISSION","NATIONAL CAPITAL PLANNING COMMISSION","9502","$993,691.14","57"
"2011","9506","FEDERAL ELECTION COMMISSION","FEDERAL ELECTION COMMISSION","9506","$12,465,435.96","246"
"2011","9507","COMMODITY FUTURES TRADING COMMISSION","COMMODITY FUTURES TRADING COMMISSION","9507","$47,659,097.02","506"
"2011","9508","NATIONAL TRANSPORTATION SAFETY BOARD","NATIONAL TRANSPORTATION SAFETY BOARD","9508","$7,874,233.19","298"
"2011","9516","DEFENSE NUCLEAR FACILITIES SAFETY BOARD","DEFENSE NUCLEAR FACILITIES SAFETY BOARD","9516","$2,989,225.67","89"
"2011","9523","ELECTION ASSISTANCE COMMISSION","ELECTION ASSISTANCE COMMISSION","9523","$183,750.53","12"
"2011","9543","MILLENIUM CHALLENGE CORPORATION","MILLENNIUM CHALLENGE CORPORATION","9543","$68,201,871.15","881"
"2011","955F","CONSUMER FINANCIAL PROTECTION BUREAU","CONSUMER FINANCIAL PROTECTION BUREAU","955F","$6,136,105.20","19"
"2011","9561","RECOVERY ACCOUNTABILITY AND TRANSPARENCY BOARD","RECOVERY ACCOUNTABILITY AND TRANSPARENCY BOARD","9561","$60,000.00","2"
"2011","9568","BROADCASTING BOARD OF GOVERNORS","BROADCASTING BOARD OF GOVERNORS","9568","$73,473,662.83","7,855"
"2011","9577","CORPORATION FOR NATIONAL AND COMMUNITY SERVICE","CORPORATION FOR NATIONAL AND COMMUNITY SERVICE","9577","$70,299,749.99","721"
"2011","9594","COURT SERVICES AND OFFENDER SUPERVISION AGENCY","COURT SERVICES AND OFFENDER SUPERVISION AGENCY","9594","$15,671,451.24","352"
"2011","9594","COURT SERVICES AND OFFENDER SUPERVISION AGENCY","PRETRIAL SERVICES AGENCY","959P","$4,028,680.36","90"
"2011","9700","DEPT OF DEFENSE","BUSINESS TRANSFORMATION AGENCY","9777","$29,718,423.00","369"
"2011","9700","DEPT OF DEFENSE","DEFENSE ADVANCED RESEARCH PROJECTS AGENCY  (DARPA)","97AE","$1,160,715,487.26","1,094"
"2011","9700","DEPT OF DEFENSE","DEFENSE COMMISSARY AGENCY  (DECA)","97AZ","$6,290,563,598.23","1,926,537"
"2011","9700","DEPT OF DEFENSE","DEFENSE CONTRACT MANAGEMENT AGENCY (DCMA)","9763","-$38,477,255.89","16,702"
"2011","9700","DEPT OF DEFENSE","DEFENSE FINANCE AND ACCOUNTING SERVICE (DFAS)","97BZ","$232,250,469.51","1,474"
"2011","9700","DEPT OF DEFENSE","DEFENSE HUMAN RESOURCES ACTIVITY","9748","$62,484,004.61","367"
"2011","9700","DEPT OF DEFENSE","DEFENSE INFORMATION SYSTEMS AGENCY (DISA)","97AK","$5,405,050,892.28","54,628"
"2011","9700","DEPT OF DEFENSE","DEFENSE LOGISTICS AGENCY","97AS","$36,099,619,000.86","581,547"
"2011","9700","DEPT OF DEFENSE","DEFENSE MEDIA ACTIVITY (DMA)","97F1","$35,741,219.93","461"
"2011","9700","DEPT OF DEFENSE","DEFENSE MEDIA CENTER (DMC)","97F1","$120,585,688.28","868"
"2011","9700","DEPT OF DEFENSE","DEFENSE MICROELECTRONICS ACTIVITY (DMEA)","9771","$836,345,363.16","634"
"2011","9700","DEPT OF DEFENSE","DEFENSE SECURITY COOPERATION AGENCY","97AT","$60,256,365.13","1,644"
"2011","9700","DEPT OF DEFENSE","DEFENSE SECURITY SERVICE","97AV","$80,740,443.47","490"
"2011","9700","DEPT OF DEFENSE","DEFENSE THREAT REDUCTION AGENCY (DTRA)","9761","$985,122,059.63","2,249"
"2011","9700","DEPT OF DEFENSE","DEPT OF DEFENSE EDUCATION ACTIVITY (DODEA)","97F2","$313,004,445.66","3,920"
"2011","9700","DEPT OF DEFENSE","DEPT OF THE AIR FORCE","5700","$65,491,729,141.78","209,750"
"2011","9700","DEPT OF DEFENSE","DEPT OF THE ARMY","2100","$125,045,191,290.87","468,725"
"2011","9700","DEPT OF DEFENSE","DEPT OF THE NAVY","1700","$103,880,016,995.15","343,208"
"2011","9700","DEPT OF DEFENSE","MISSILE DEFENSE AGENCY (MDA)","97JC","$5,382,146,534.04","4,344"
"2011","9700","DEPT OF DEFENSE","TRICARE MANAGEMENT ACTIVITY (TMA)","9760","$11,776,985,932.78","1,926"
"2011","9700","DEPT OF DEFENSE","U.S. SPECIAL OPERATIONS COMMAND (USSOCOM)","97ZS","$2,641,129,952.29","11,069"
"2011","9700","DEPT OF DEFENSE","UNIFORMED SERVICES UNIVERSITY OF THE HEALTH SCIENCES  (USUHS)","97HW","$54,689,797.49","1,028"
"2011","9700","DEPT OF DEFENSE","USTRANSCOM","9776","$7,235,021,179.53","10,271,080"
"2011","9700","DEPT OF DEFENSE","WASHINGTON HEADQUARTERS SERVICES (WHS)","97F5","$755,279,813.24","2,617"
"2012","0300","LIBRARY OF CONGRESS","LIBRARY OF CONGRESS","0300","$0.00","10"
"2012","0500","GENERAL ACCOUNTING OFFICE","GAO, EXCEPT COMPTROLLER GENERAL","0559","$104,363,369.95","249"
"2012","1100","EXECUTIVE OFFICE OF THE PRESIDENT","EXECUTIVE OFFICE OF THE PRESIDENT","1100","$36,470,463.66","629"
"2012","1145","PEACE CORPS","PEACE CORPS","1145","$85,184,009.65","258"
"2012","1153","UNITED STATES TRADE AND DEVELOPMENT AGENCY","UNITED STATES TRADE AND DEVELOPMENT AGENCY","1153","$147,119.20","10"
"2012","1200","AGRICULTURE, DEPARTMENT OF","AGRICULTURAL MARKETING SERVICE","12K2","$909,152,862.47","1,317"
"2012","1200","AGRICULTURE, DEPARTMENT OF","AGRICULTURAL RESEARCH SERVICE","12H2","$97,501,941.35","4,451"
"2012","1200","AGRICULTURE, DEPARTMENT OF","ANIMAL AND PLANT HEALTH INSPECTION SERVICE","12K3","$106,132,019.51","4,234"
"2012","1200","AGRICULTURE, DEPARTMENT OF","FARM SERVICE AGENCY","12D2","$1,053,440,187.06","1,921"
"2012","1200","AGRICULTURE, DEPARTMENT OF","FOOD AND NUTRITION SERVICE","12F2","$55,153,506.96","384"
"2012","1200","AGRICULTURE, DEPARTMENT OF","FOOD SAFETY AND INSPECTION SERVICE","12G2","$33,121,229.13","537"
"2012","1200","AGRICULTURE, DEPARTMENT OF","FOREIGN AGRICULTURAL SERVICE","12D3","-$11,344.00","1"
"2012","1200","AGRICULTURE, DEPARTMENT OF","FOREST SERVICE","12C2","$662,279,578.18","26,734"
"2012","1200","AGRICULTURE, DEPARTMENT OF","NATURAL RESOURCES CONSERVATION SERVICE","12C3","$62,561,472.47","3,867"
"2012","1200","AGRICULTURE, DEPARTMENT OF","OFFICE OF INSPECTOR GENERAL","1204","$2,762,210.77","151"
"2012","1200","AGRICULTURE, DEPARTMENT OF","RURAL HOUSING SERVICE","12E3","$29,800,790.80","5,551"
"2012","1200","AGRICULTURE, DEPARTMENT OF","USDA, OFFICE OF THE CHIEF FINANCIAL OFFICER","1205","$387,472,218.30","2,945"
"2012","1300","COMMERCE, DEPARTMENT OF","BUREAU OF THE CENSUS","1323","$178,840,176.25","1,499"
"2012","1300","COMMERCE, DEPARTMENT OF","NATIONAL INSTITUTE OF STANDARDS AND TECHNOLOGY","1341","$170,563,050.37","4,236"
"2012","1300","COMMERCE, DEPARTMENT OF","NATIONAL OCEANIC AND ATMOSPHERIC ADMINISTRATION","1330","$985,756,466.76","10,802"
"2012","1300","COMMERCE, DEPARTMENT OF","OFFICE OF THE SECRETARY","1301","$52,633,495.20","709"
"2012","1300","COMMERCE, DEPARTMENT OF","PATENT AND TRADEMARK OFFICE","1344","$558,652,586.57","2,208"
"2012","1400","INTERIOR, DEPARTMENT OF THE","BUREAU OF INDIAN AFFAIRS","1450","$242,060,878.53","8,246"
"2012","1400","INTERIOR, DEPARTMENT OF THE","BUREAU OF LAND MANAGEMENT","1422","$199,023,322.11","11,310"
"2012","1400","INTERIOR, DEPARTMENT OF THE","BUREAU OF OCEAN ENERGY MANAGEMENT","1435","-$15,567,795.57","593"
"2012","1400","INTERIOR, DEPARTMENT OF THE","BUREAU OF RECLAMATION","1425","$225,940,629.79","6,520"
"2012","1400","INTERIOR, DEPARTMENT OF THE","BUREAU OF SAFETY AND ENVIRONMENTAL ENFORCEMENT","1436","$46,860,103.57","514"
"2012","1400","INTERIOR, DEPARTMENT OF THE","GEOLOGICAL SURVEY","1434","$216,385,947.28","6,426"
"2012","1400","INTERIOR, DEPARTMENT OF THE","NATIONAL PARK SERVICE","1443","$480,209,759.66","17,984"
"2012","1400","INTERIOR, DEPARTMENT OF THE","OFFICE OF POLICY, BUDGET AND ADMINISTRATION","1406","$1,028,858,087.35","7,318"
"2012","1400","INTERIOR, DEPARTMENT OF THE","OFFICE OF POLICY, MANAGEMENT, AND BUDGET","1406","$304,582,017.06","1,146"
"2012","1400","INTERIOR, DEPARTMENT OF THE","OFFICE OF SURFACE MINING, RECLAMATION AND ENFORCEMENT","1438","$5,414,939.95","532"
"2012","1400","INTERIOR, DEPARTMENT OF THE","OFFICE OF THE INSPECTOR GENERAL","1404","$1,787,965.20","134"
"2012","1400","INTERIOR, DEPARTMENT OF THE","U.S. FISH AND WILDLIFE SERVICE","1448","$170,962,570.14","9,590"
"2012","1500","JUSTICE, DEPARTMENT OF","ATF ACQUISITION AND PROPERTY MGMT DIV","1560","$222,268,341.10","3,105"
"2012","1500","JUSTICE, DEPARTMENT OF","DRUG ENFORCEMENT ADMINISTRATION","1524","$397,126,549.59","26,317"
"2012","1500","JUSTICE, DEPARTMENT OF","FEDERAL BUREAU OF INVESTIGATION","1549","$922,233,682.15","2,070"
"2012","1500","JUSTICE, DEPARTMENT OF","FEDERAL PRISON SYSTEM","1540","$1,673,402,749.08","70,249"
"2012","1500","JUSTICE, DEPARTMENT OF","OFFICE OF JUSTICE PROGRAMS","1550","$54,208,320.36","524"
"2012","1500","JUSTICE, DEPARTMENT OF","OFFICES, BOARDS AND DIVISIONS","1501","$985,317,200.37","5,577"
"2012","1500","JUSTICE, DEPARTMENT OF","U.S. MARSHALS SERVICE","1544","$428,695,626.29","5,673"
"2012","1600","LABOR, DEPARTMENT OF","BUREAU OF LABOR STATISTICS","1625","$43,233,734.93","722"
"2012","1600","LABOR, DEPARTMENT OF","EMPLOYMENT AND TRAINING ADMINISTRATION","1630","$1,249,912,432.13","1,427"
"2012","1600","LABOR, DEPARTMENT OF","EMPLOYMENT STANDARDS ADMINISTRATION","1635","$12,690.00","1"
"2012","1600","LABOR, DEPARTMENT OF","MINE SAFETY AND HEALTH ADMINISTRATION","1645","$22,009,813.54","1,196"
"2012","1600","LABOR, DEPARTMENT OF","OFFICE OF INSPECTOR GENERAL","1604","$5,123,260.87","202"
"2012","1600","LABOR, DEPARTMENT OF","OFFICE OF JOB CORPS","1631","$19,001,280.15","25"
"2012","1600","LABOR, DEPARTMENT OF","OFFICE OF THE ASSISTANT SECRETARY FOR ADMIN AND MANAGEMENT","1605","$343,097,246.41","3,659"
"2012","1665","PENSION BENEFIT GUARANTY CORPORATION","PENSION BENEFIT GUARANTY CORPORATION","1665","$208,781,093.82","1,084"
"2012","1900","STATE, DEPARTMENT OF","STATE, DEPARTMENT OF","1900","$4,170,505,978.99","56,227"
"2012","19BM","INTERNATIONAL BOUNDARY AND WATER COMMISSION: U.S.-MEXICO","INTERNATIONAL BOUNDARY AND WATER COMMISSION: U.S.-MEXICO","19BM","$17,288,134.22","606"
"2012","2000","TREASURY, DEPARTMENT OF THE","ALCOHOL AND TOBACCO TAX AND TRADE BUREAU","2022","$7,571,456.00","1"
"2012","2000","TREASURY, DEPARTMENT OF THE","BUREAU OF ENGRAVING AND PRINTING","2041","$381,162,063.16","2,125"
"2012","2000","TREASURY, DEPARTMENT OF THE","BUREAU OF THE PUBLIC DEBT","2036","$226,794,907.45","3,815"
"2012","2000","TREASURY, DEPARTMENT OF THE","DEPARTMENTAL OFFICES","2001","$130,260,476.30","1,367"
"2012","2000","TREASURY, DEPARTMENT OF THE","FINANCIAL CRIME ENFORCEMENT NETWORK","2026","$16,807,344.88","286"
"2012","2000","TREASURY, DEPARTMENT OF THE","FINANCIAL MANAGEMENT SERVICE","2033","$53,379,810.73","731"
"2012","2000","TREASURY, DEPARTMENT OF THE","INTERNAL REVENUE SERVICE","2050","$1,577,180,625.02","14,863"
"2012","2000","TREASURY, DEPARTMENT OF THE","OFFICE OF THE COMPTROLLER OF THE CURRENCY","2046","$94,031,016.73","1,338"
"2012","2000","TREASURY, DEPARTMENT OF THE","OFFICE OF THRIFT SUPERVISION","2047","$0.00","1"
"2012","2000","TREASURY, DEPARTMENT OF THE","UNITED STATES MINT","2044","$2,464,407,462.36","5,033"
"2012","2400","OFFICE OF PERSONNEL MANAGEMENT","OFFICE OF PERSONNEL MANAGEMENT","2400","$1,292,561,814.78","5,318"
"2012","2700","FEDERAL COMMUNICATIONS COMMISSION","FEDERAL COMMUNICATIONS COMMISSION","2700","$65,156,051.24","352"
"2012","2800","SOCIAL SECURITY ADMINISTRATION","SOCIAL SECURITY ADMINISTRATION","2800","$875,827,633.78","6,081"
"2012","2900","FEDERAL TRADE COMMISSION","FEDERAL TRADE COMMISSION","2900","$42,836,625.43","733"
"2012","3100","NUCLEAR REGULATORY COMMISSION","NUCLEAR REGULATORY COMMISSION","3100","$155,962,050.98","2,402"
"2012","3300","SMITHSONIAN INSTITUTION","SMITHSONIAN INSTITUTION","3300","$213,670,870.99","2,659"
"2012","3300","SMITHSONIAN INSTITUTION","WOODROW WILSON INTERNATIONAL CENTER FOR SCHOLARS","3358","$99,343.57","11"
"2012","3352","J. F. KENNEDY CENTER FOR THE PERFORMING ARTS","J. F. KENNEDY CENTER FOR THE PERFORMING ARTS","3352","$22,842,170.29","136"
"2012","3355","NATIONAL GALLERY OF ART","NATIONAL GALLERY OF ART","3355","$12,373,598.22","220"
"2012","3400","INTERNATIONAL TRADE COMMISSION","INTERNATIONAL TRADE COMMISSION","3400","$6,167,266.93","159"
"2012","3600","VETERANS AFFAIRS, DEPARTMENT OF","VETERANS AFFAIRS, DEPARTMENT OF","3600","$13,400,646,777.87","985,619"
"2012","4100","MERIT SYSTEMS PROTECTION BOARD","MERIT SYSTEMS PROTECTION BOARD","4100","$2,088,210.66","364"
"2012","4500","EQUAL EMPLOYMENT OPPORTUNITY COMMISSION","EQUAL EMPLOYMENT OPPORTUNITY COMMISSION","4500","$46,369,287.51","1,661"
"2012","4700","GENERAL SERVICES ADMINISTRATION","FEDERAL ACQUISITION SERVICE","4732","$4,236,955,850.41","546,759"
"2012","4700","GENERAL SERVICES ADMINISTRATION","OFFICE OF INSPECTOR GENERAL","4704","$530,133.72","13"
"2012","4700","GENERAL SERVICES ADMINISTRATION","OFFICE OF THE ADMINISTRATOR(ACMD)","4705","$109,622,776.66","607"
"2012","4700","GENERAL SERVICES ADMINISTRATION","OFFICE OF THE CHIEF ACQUISITION OFFICER","4745","$44,159,543.80","81"
"2012","4700","GENERAL SERVICES ADMINISTRATION","PUBLIC BUILDINGS SERVICE","4740","$2,285,652,977.85","38,096"
"2012","4900","NATIONAL SCIENCE FOUNDATION","NATIONAL SCIENCE FOUNDATION","4900","$305,967,813.85","742"
"2012","5000","SECURITIES AND EXCHANGE COMMISSION","SECURITIES AND EXCHANGE COMMISSION","5000","$160,778,151.95","2,424"
"2012","5400","FEDERAL LABOR RELATIONS AUTHORITY","FEDERAL LABOR RELATIONS AUTHORITY","5400","$590,967.10","18"
"2012","5900","NATIONAL FOUNDATION ON THE ARTS AND THE HUMANITIES","THE INSTITUE OF MUSEUM AND LIBRARY SERVICES","5950","$596,908.33","24"
"2012","5920","NATIONAL ENDOWMENT FOR THE ARTS","NATIONAL ENDOWMENT FOR THE ARTS","5920","$499,687.39","44"
"2012","5940","NATIONAL ENDOWMENT FOR THE HUMANITIES","NATIONAL ENDOWMENT FOR THE HUMANITIES","5940","$6,347,229.00","113"
"2012","6000","RAILROAD RETIREMENT BOARD","RAILROAD RETIREMENT BOARD","6000","$326,546.07","55"
"2012","6100","CONSUMER PRODUCT SAFETY COMMISSION","CONSUMER PRODUCT SAFETY COMMISSION","6100","$18,830,176.48","855"
"2012","6300","NATIONAL LABOR RELATIONS BOARD","NATIONAL LABOR RELATIONS BOARD","6300","$12,429,353.80","383"
"2012","6500","FEDERAL MARITIME COMMISSION","FEDERAL MARITIME COMMISSION","6500","$424,462.08","69"
"2012","6800","ENVIRONMENTAL PROTECTION AGENCY","ENVIRONMENTAL PROTECTION AGENCY","6800","$1,102,999,522.20","19,461"
"2012","6900","TRANSPORTATION, DEPARTMENT OF","FEDERAL AVIATION ADMINISTRATION","6920","$1,671,252,061.06","2,408"
"2012","6900","TRANSPORTATION, DEPARTMENT OF","FEDERAL HIGHWAY ADMINISTRATION","6925","$478,177,957.12","3,868"
"2012","6900","TRANSPORTATION, DEPARTMENT OF","FEDERAL MOTOR CARRIER SAFETY ADMINISTRATION","6959","$29,425,454.63","144"
"2012","6900","TRANSPORTATION, DEPARTMENT OF","FEDERAL RAILROAD ADMINISTRATION","6930","$53,553,517.00","756"
"2012","6900","TRANSPORTATION, DEPARTMENT OF","FEDERAL TRANSIT ADMINISTRATION","6955","$38,858,712.99","499"
"2012","6900","TRANSPORTATION, DEPARTMENT OF","IMMEDIATE OFFICE OF THE SECRETARY OF TRANSPORTATION","6901","$221,308,899.00","914"
"2012","6900","TRANSPORTATION, DEPARTMENT OF","MARITIME ADMINISTRATION","6938","$350,978,327.09","3,566"
"2012","6900","TRANSPORTATION, DEPARTMENT OF","NATIONAL HIGHWAY TRAFFIC SAFETY ADMINISTRATION","6940","$104,401,697.12","515"
"2012","6900","TRANSPORTATION, DEPARTMENT OF","PIPELINE AND HAZARDOUS MATERIALS SAFETY ADMINISTRATON","6957","$25,961,061.60","188"
"2012","6900","TRANSPORTATION, DEPARTMENT OF","RESEARCH AND INNOVATIVE TECHNOLOGY ADMINISTRATION","6943","$166,864,449.41","1,286"
"2012","6900","TRANSPORTATION, DEPARTMENT OF","SAINT LAWRENCE SEAWAY DEVELOPMENT CORPORATION","6947","$12,175,181.91","167"
"2012","7000","HOMELAND SECURITY, DEPARTMENT OF","FEDERAL EMERGENCY MANAGEMENT AGENCY","7022","$830,717,947.39","11,041"
"2012","7000","HOMELAND SECURITY, DEPARTMENT OF","FEDERAL LAW ENFORCEMENT TRAINING CENTER","7015","$128,148,586.98","2,781"
"2012","7000","HOMELAND SECURITY, DEPARTMENT OF","OFFICE OF PROCUREMENT OPERATIONS","7001","$2,037,986,243.76","6,825"
"2012","7000","HOMELAND SECURITY, DEPARTMENT OF","OFFICE OF THE INSPECTOR GENERAL","7004","$29,555,402.30","99"
"2012","7000","HOMELAND SECURITY, DEPARTMENT OF","TRANSPORTATION SECURITY ADMINISTRATION","7013","$1,420,905,736.46","3,104"
"2012","7000","HOMELAND SECURITY, DEPARTMENT OF","U.S. CITIZENSHIP AND IMMIGRATION SERVICES","7003","$671,958,227.15","2,742"
"2012","7000","HOMELAND SECURITY, DEPARTMENT OF","U.S. COAST GUARD","7008","$1,945,941,077.04","33,662"
"2012","7000","HOMELAND SECURITY, DEPARTMENT OF","U.S. CUSTOMS AND BORDER PROTECTION","7014","$1,367,711,939.98","7,127"
"2012","7000","HOMELAND SECURITY, DEPARTMENT OF","U.S. IMMIGRATION AND CUSTOMS ENFORCEMENT","7012","$1,031,684,706.23","5,406"
"2012","7000","HOMELAND SECURITY, DEPARTMENT OF","U.S. SECRET SERVICE","7009","$124,013,415.80","1,831"
"2012","7100","OVERSEAS PRIVATE INVESTMENT CORPORATION","OVERSEAS PRIVATE INVESTMENT CORPORATION","7100","$14,874,789.64","137"
"2012","7200","AGENCY FOR INTERNATIONAL DEVELOPMENT","AGENCY FOR INTERNATIONAL DEVELOPMENT","7200","$3,395,523,118.26","7,247"
"2012","7300","SMALL BUSINESS ADMINISTRATION","SMALL BUSINESS ADMINISTRATION","7300","$92,900,791.12","886"
"2012","7500","HEALTH AND HUMAN SERVICES, DEPARTMENT OF","AGENCY FOR HEALTH CARE POLICY AND RESEARCH","7528","$99,312,324.24","205"
"2012","7500","HEALTH AND HUMAN SERVICES, DEPARTMENT OF","CENTERS FOR DISEASE CONTROL","7523","$5,012,879,479.70","12,707"
"2012","7500","HEALTH AND HUMAN SERVICES, DEPARTMENT OF","CENTERS FOR MEDICARE AND MEDICAID SERVICES","7530","$3,276,293,570.64","2,228"
"2012","7500","HEALTH AND HUMAN SERVICES, DEPARTMENT OF","FOOD AND DRUG ADMINISTRATION","7524","$418,595,106.40","5,606"
"2012","7500","HEALTH AND HUMAN SERVICES, DEPARTMENT OF","HEALTH RESOURCES AND SERVICES ADMINISTRATION","7526","$89,234,188.27","1,781"
"2012","7500","HEALTH AND HUMAN SERVICES, DEPARTMENT OF","INDIAN HEALTH SERVICE","7527","$393,887,761.90","18,588"
"2012","7500","HEALTH AND HUMAN SERVICES, DEPARTMENT OF","NATIONAL INSTITUTES OF HEALTH","7529","$2,543,736,836.02","23,166"
"2012","7500","HEALTH AND HUMAN SERVICES, DEPARTMENT OF","OFFICE OF ASSISTANT SECRETARY FOR MANAGEMENT AND BUDGET","7505","$706,066,249.91","400"
"2012","7500","HEALTH AND HUMAN SERVICES, DEPARTMENT OF","OFFICE OF ASST SECRETARY FOR HEALTH EXCEPT NATIONAL CENTERS","7555","$970,455,005.19","4,696"
"2012","7500","HEALTH AND HUMAN SERVICES, DEPARTMENT OF","SUBSTANCE ABUSE AND MENTAL HEALTH SERVICES ADMINISTRATION","7522","$183,621,975.00","366"
"2012","8000","NATIONAL AERONAUTICS AND SPACE ADMINISTRATION","NATIONAL AERONAUTICS AND SPACE ADMINISTRATION","8000","$13,244,116,152.87","28,594"
"2012","8600","HOUSING AND URBAN DEVELOPMENT, DEPARTMENT OF","HOUSING AND URBAN DEVELOPMENT, DEPARTMENT OF","8600","$979,675,642.33","2,574"
"2012","8800","NATIONAL ARCHIVES AND RECORDS ADMINISTRATION","NATIONAL ARCHIVES AND RECORDS ADMINISTRATION","8800","$119,922,583.51","1,209"
"2012","8900","ENERGY, DEPARTMENT OF","ENERGY, DEPARTMENT OF","8900","$23,819,125,276.49","11,217"
"2012","8961","FEDERAL ENERGY REGULATORY COMMISSION","FEDERAL ENERGY REGULATORY COMMISSION","8961","$50,901,427.29","500"
"2012","9000","SELECTIVE SERVICE SYSTEM","SELECTIVE SERVICE SYSTEM","9000","$1,878,921.68","59"
"2012","9100","EDUCATION, DEPARTMENT OF","EDUCATION, DEPARTMENT OF","9100","$1,683,707,231.91","2,705"
"2012","9300","FEDERAL MEDIATION AND CONCILIATION SERVICE","FEDERAL MEDIATION AND CONCILIATION SERVICE","9300","$1,083,242.88","74"
"2012","9502","NATIONAL CAPITAL PLANNING COMMISSION","NATIONAL CAPITAL PLANNING COMMISSION","9502","$359,460.19","11"
"2012","9506","FEDERAL ELECTION COMMISSION","FEDERAL ELECTION COMMISSION","9506","$10,987,455.70","243"
"2012","9507","COMMODITY FUTURES TRADING COMMISSION","COMMODITY FUTURES TRADING COMMISSION","9507","$33,229,773.91","368"
"2012","9508","NATIONAL TRANSPORTATION SAFETY BOARD","NATIONAL TRANSPORTATION SAFETY BOARD","9508","$8,582,622.17","347"
"2012","9516","DEFENSE NUCLEAR FACILITIES SAFETY BOARD","DEFENSE NUCLEAR FACILITIES SAFETY BOARD","9516","$3,756,369.67","77"
"2012","9543","MILLENIUM CHALLENGE CORPORATION","MILLENNIUM CHALLENGE CORPORATION","9543","$52,328,630.50","573"
"2012","955F","CONSUMER FINANCIAL PROTECTION BUREAU","CONSUMER FINANCIAL PROTECTION BUREAU","955F","$14,127,444.93","128"
"2012","9565","CHEMICAL SAFETY AND HAZARD INVESTIGATION BOARD","CHEMICAL SAFETY AND HAZARD INVESTIGATION BOARD","9565","$175,234.42","32"
"2012","9568","BROADCASTING BOARD OF GOVERNORS","BROADCASTING BOARD OF GOVERNORS","9568","$76,528,717.11","6,280"
"2012","9577","CORPORATION FOR NATIONAL AND COMMUNITY SERVICE","CORPORATION FOR NATIONAL AND COMMUNITY SERVICE","9577","$34,265,651.76","551"
"2012","9594","COURT SERVICES AND OFFENDER SUPERVISION AGENCY","COURT SERVICES AND OFFENDER SUPERVISION AGENCY","9594","$6,053,686.33","279"
"2012","9594","COURT SERVICES AND OFFENDER SUPERVISION AGENCY","PRETRIAL SERVICES AGENCY","959P","$2,427,075.67","75"
"2012","9700","DEPT OF DEFENSE","DEFENSE ADVANCED RESEARCH PROJECTS AGENCY  (DARPA)","97AE","$447,500,240.07","709"
"2012","9700","DEPT OF DEFENSE","DEFENSE COMMISSARY AGENCY  (DECA)","97AZ","$3,424,588,056.65","958,396"
"2012","9700","DEPT OF DEFENSE","DEFENSE CONTRACT MANAGEMENT AGENCY (DCMA)","9763","$399,062,235.70","8,947"
"2012","9700","DEPT OF DEFENSE","DEFENSE FINANCE AND ACCOUNTING SERVICE (DFAS)","97BZ","$116,012,154.30","754"
"2012","9700","DEPT OF DEFENSE","DEFENSE HUMAN RESOURCES ACTIVITY","9748","$107,471,601.71","231"
"2012","9700","DEPT OF DEFENSE","DEFENSE INFORMATION SYSTEMS AGENCY (DISA)","97AK","$2,825,754,089.21","40,926"
"2012","9700","DEPT OF DEFENSE","DEFENSE LOGISTICS AGENCY","97AS","$25,183,653,724.12","343,590"
"2012","9700","DEPT OF DEFENSE","DEFENSE MEDIA ACTIVITY (DMA)","97F1","$79,017,730.77","701"
"2012","9700","DEPT OF DEFENSE","DEFENSE MICROELECTRONICS ACTIVITY (DMEA)","9771","$349,531,424.62","363"
"2012","9700","DEPT OF DEFENSE","DEFENSE SECURITY COOPERATION AGENCY","97AT","$35,435,354.18","941"
"2012","9700","DEPT OF DEFENSE","DEFENSE SECURITY SERVICE","97AV","$25,224,051.80","175"
"2012","9700","DEPT OF DEFENSE","DEFENSE THREAT REDUCTION AGENCY (DTRA)","9761","$489,665,355.71","1,076"
"2012","9700","DEPT OF DEFENSE","DEPT OF DEFENSE EDUCATION ACTIVITY (DODEA)","97F2","$141,332,187.09","1,558"
"2012","9700","DEPT OF DEFENSE","DEPT OF THE AIR FORCE","5700","$44,030,084,883.59","93,733"
"2012","9700","DEPT OF DEFENSE","DEPT OF THE ARMY","2100","$58,137,763,125.64","241,638"
"2012","9700","DEPT OF DEFENSE","DEPT OF THE NAVY","1700","$61,092,502,844.89","179,630"
"2012","9700","DEPT OF DEFENSE","JOINT IMPROVISED EXPLOSIVE DEVICE DEFEAT ORGANIZATION (JIEDDO) ","97F7","$12,147,434.87","12"
"2012","9700","DEPT OF DEFENSE","MISSILE DEFENSE AGENCY (MDA)","97JC","$3,925,720,235.90","2,805"
"2012","9700","DEPT OF DEFENSE","TRICARE MANAGEMENT ACTIVITY (TMA)","9760","$10,237,967,168.79","2,042"
"2012","9700","DEPT OF DEFENSE","U.S. SPECIAL OPERATIONS COMMAND (USSOCOM)","97ZS","$1,622,926,105.23","5,156"
"2012","9700","DEPT OF DEFENSE","USTRANSCOM","9776","$5,963,958,449.74","5,433,145"
"2012","9700","DEPT OF DEFENSE","WASHINGTON HEADQUARTERS SERVICES (WHS)","97F5","$620,036,697.20","4,190"


