award_id_piid,parent_award_id_piid,ccidcauCCID,PIIDCCID,IsParentCSIScontractID,,,,,,,,,,,,,,,,,,,,,,,,,,,,,,,,,,,,,,,
MDA90898A2025,,26823636,85984893,1,,,,,,,,,,,,,,,,,,,,,,,,,,,,,,,,,,,,,,,
DSWA0198D0076,,26698038,80920402,1,,,,,,,,,,,,,,,,,,,,,,,,,,,,,,,,,,,,,,,
MDA90898A2026,,26823637,80920417,1,,,,,,,,,,,,,,,,,,,,,,,,,,,,,,,,,,,,,,,
N0017895D2015,NULL,26848912,85947618,1,,,,,,,,,,,,,,,,,,,,,,,,,,,,,,,,,,,,,,,
MDA22098D3001,,26821182,85984892,1,,,,,,,,,,,,,,,,,,,,,,,,,,,,,,,,,,,,,,,
MDA21099A0001,NULL,26832608,85984891,1,,,,,,,,,,,,,,,,,,,,,,,,,,,,,,,,,,,,,,,
F6550183D0029,,26786649,80920408,1,,,,,,,,,,,,,,,,,,,,,,,,,,,,,,,,,,,,,,,
,,,,,,,,,,,,,,,,,,,,,,,,,,,,,,,,,,,,,,,,,,,
,,,,,,,,,,,,,,,,,,,,,,,,,,,,,,,,,,,,,,,,,,,
,,,,,,,,,,,,,,,,,,,,,,,,,,,,,,,,,,,,,,,,,,,
contract_award_unique_key,Error,AgencyID,awarding_agency_code,award_id_piid,parent_award_id_piid,parent_award_agency_id,award_or_idv_flag,CSIScontractID,CSISidvpiidID,parent_contract_award_unique_key,manual_parent_contract_award_unique_key,manual_award_or_idv_flag,IsParentCSIScontractID,,,,,,,,,,,,,,,,,,,,,,,,,,,,,,
CONT_AWD_222952010_7524_-NONE-_-NONE-,award_or_idv_flag=AWARD but IsParentCSIScontractID=1,7524,NULL,222952010,,,AWARD,100481015,38035623,NULL,NULL,NULL,1,,,,,,,,,,,,,,,,,,,,,,,,,,,,,,
CONT_AWD_240940035_7526_-NONE-_-NONE-,award_or_idv_flag=AWARD but IsParentCSIScontractID=1,7526,NULL,240940035,,,AWARD,100481053,38035623,NULL,NULL,NULL,1,,,,,,,,,,,,,,,,,,,,,,,,,,,,,,
CONT_AWD_240940036_7526_-NONE-_-NONE-,award_or_idv_flag=AWARD but IsParentCSIScontractID=1,7526,NULL,240940036,,,AWARD,104958174,38035623,NULL,NULL,NULL,1,,,,,,,,,,,,,,,,,,,,,,,,,,,,,,
CONT_AWD_500960003_7530_-NONE-_-NONE-,award_or_idv_flag=AWARD but IsParentCSIScontractID=1,7530,NULL,500960003,,,AWARD,91400810,38035623,NULL,NULL,NULL,1,,,,,,,,,,,,,,,,,,,,,,,,,,,,,,
CONT_AWD_500960006_7530_-NONE-_-NONE-,award_or_idv_flag=AWARD but IsParentCSIScontractID=1,7530,NULL,500960006,,,AWARD,91400813,38035623,NULL,NULL,NULL,1,,,,,,,,,,,,,,,,,,,,,,,,,,,,,,
CONT_AWD_500960016_7530_-NONE-_-NONE-,award_or_idv_flag=AWARD but IsParentCSIScontractID=1,7530,NULL,500960016,,,AWARD,91400817,38035623,NULL,NULL,NULL,1,,,,,,,,,,,,,,,,,,,,,,,,,,,,,,
CONT_AWD_50ABNE700002_1330_-NONE-_-NONE-,award_or_idv_flag=AWARD but IsParentCSIScontractID=1,1330,NULL,50ABNE700002,,,AWARD,118540,38035623,NULL,NULL,NULL,1,,,,,,,,,,,,,,,,,,,,,,,,,,,,,,
CONT_AWD_72061321S00001_7200_-NONE-_-NONE-,award_or_idv_flag=AWARD but IsParentCSIScontractID=1,7200,NULL,72061321S00001,,,AWARD,87592458,38035623,NULL,NULL,NULL,1,,,,,,,,,,,,,,,,,,,,,,,,,,,,,,
CONT_AWD_72061321S00002_7200_-NONE-_-NONE-,award_or_idv_flag=AWARD but IsParentCSIScontractID=1,7200,72,72061321S00002,,,AWARD,87592459,38035623,NULL,NULL,NULL,1,,,,,,,,,,,,,,,,,,,,,,,,,,,,,,
CONT_AWD_72061321S00003_7200_-NONE-_-NONE-,award_or_idv_flag=AWARD but IsParentCSIScontractID=1,7200,NULL,72061321S00003,,,AWARD,87592460,38035623,NULL,NULL,NULL,1,,,,,,,,,,,,,,,,,,,,,,,,,,,,,,
CONT_AWD_72061323S00001_7200_-NONE-_-NONE-,award_or_idv_flag=AWARD but IsParentCSIScontractID=1,7200,NULL,72061323S00001,,,AWARD,98954284,38035623,NULL,NULL,NULL,1,,,,,,,,,,,,,,,,,,,,,,,,,,,,,,
CONT_AWD_72063321S00001_7200_-NONE-_-NONE-,award_or_idv_flag=AWARD but IsParentCSIScontractID=1,7200,NULL,72063321S00001,,,AWARD,87592679,38035623,NULL,NULL,NULL,1,,,,,,,,,,,,,,,,,,,,,,,,,,,,,,
CONT_AWD_72011521S00005_7200_-NONE-_-NONE-,award_or_idv_flag=AWARD but IsParentCSIScontractID=1,7200,72,72011521S00005,,,AWARD,87591920,38035623,NULL,NULL,NULL,1,,,,,,,,,,,,,,,,,,,,,,,,,,,,,,
CONT_AWD_72026724S00001_7200_-NONE-_-NONE-,award_or_idv_flag=AWARD but IsParentCSIScontractID=1,7200,NULL,72026724S00001,,,AWARD,103857897,38035623,NULL,NULL,NULL,1,,,,,,,,,,,,,,,,,,,,,,,,,,,,,,
CONT_AWD_72026722S00002_7200_-NONE-_-NONE-,award_or_idv_flag=AWARD but IsParentCSIScontractID=1,7200,NULL,72026722S00002,,,AWARD,92999196,38035623,NULL,NULL,NULL,1,,,,,,,,,,,,,,,,,,,,,,,,,,,,,,
CONT_AWD_72026722S00003_7200_-NONE-_-NONE-,award_or_idv_flag=AWARD but IsParentCSIScontractID=1,7200,72,72026722S00003,,,AWARD,92999197,38035623,NULL,NULL,NULL,1,,,,,,,,,,,,,,,,,,,,,,,,,,,,,,
CONT_AWD_72026722S00004_7200_-NONE-_-NONE-,award_or_idv_flag=AWARD but IsParentCSIScontractID=1,7200,72,72026722S00004,,,AWARD,92999198,38035623,NULL,NULL,NULL,1,,,,,,,,,,,,,,,,,,,,,,,,,,,,,,
CONT_AWD_72026723S00003_7200_-NONE-_-NONE-,award_or_idv_flag=AWARD but IsParentCSIScontractID=1,7200,NULL,72026723S00003,,,AWARD,97519767,38035623,NULL,NULL,NULL,1,,,,,,,,,,,,,,,,,,,,,,,,,,,,,,
CONT_AWD_AIDCIOO1000052_7200_-NONE-_-NONE-,award_or_idv_flag=AWARD but IsParentCSIScontractID=1,7200,NULL,AIDCIOO1000052,,,AWARD,409422,38035623,NULL,NULL,NULL,1,,,,,,,,,,,,,,,,,,,,,,,,,,,,,,
CONT_AWD_AIDOTIS1100008_7200_-NONE-_-NONE-,award_or_idv_flag=AWARD but IsParentCSIScontractID=1,7200,NULL,AIDOTIS1100008,,,AWARD,413300,38035623,NULL,NULL,NULL,1,,,,,,,,,,,,,,,,,,,,,,,,,,,,,,
CONT_AWD_DAAG4776C0090_9700_-NONE-_-NONE-,award_or_idv_flag=AWARD but IsParentCSIScontractID=1,9700,97,DAAG4776C0090,,,AWARD,492055,38035623,NULL,NULL,NULL,1,,,,,,,,,,,,,,,,,,,,,,,,,,,,,,
CONT_AWD_DACA5102C0028_9700_-NONE-_-NONE-,award_or_idv_flag=AWARD but IsParentCSIScontractID=1,9700,97,DACA5102C0028,,,AWARD,544255,38035623,NULL,NULL,NULL,1,,,,,,,,,,,,,,,,,,,,,,,,,,,,,,
CONT_AWD_DACW4385H0040_9700_-NONE-_-NONE-,award_or_idv_flag=AWARD but IsParentCSIScontractID=1,9700,97,DACW4385H0040,,,AWARD,563030,38035623,NULL,NULL,NULL,1,,,,,,,,,,,,,,,,,,,,,,,,,,,,,,
CONT_AWD_DCA20097H0002_9700_-NONE-_-NONE-,award_or_idv_flag=AWARD but IsParentCSIScontractID=1,9700,97,DCA20097H0002,,,AWARD,626107,38035623,NULL,NULL,NULL,1,,,,,,,,,,,,,,,,,,,,,,,,,,,,,,
CONT_AWD_DEAM6597WG29899_8900_-NONE-_-NONE-,award_or_idv_flag=AWARD but IsParentCSIScontractID=1,8900,NULL,DEAM6597WG29899,,,AWARD,633935,38035623,NULL,NULL,NULL,1,,,,,,,,,,,,,,,,,,,,,,,,,,,,,,
CONT_AWD_DTCG2300DADW139_6950_-NONE-_-NONE-,award_or_idv_flag=AWARD but IsParentCSIScontractID=1,6950,NULL,DTCG2300DADW139,,,AWARD,1028771,38035623,NULL,NULL,NULL,1,,,,,,,,,,,,,,,,,,,,,,,,,,,,,,
CONT_AWD_DTCG2300DDNJ001_6950_-NONE-_-NONE-,award_or_idv_flag=AWARD but IsParentCSIScontractID=1,6950,NULL,DTCG2300DDNJ001,,,AWARD,1028776,38035623,NULL,NULL,NULL,1,,,,,,,,,,,,,,,,,,,,,,,,,,,,,,
CONT_AWD_DTCG2300DH88041_6950_-NONE-_-NONE-,award_or_idv_flag=AWARD but IsParentCSIScontractID=1,6950,NULL,DTCG2300DH88041,,,AWARD,1028778,38035623,NULL,NULL,NULL,1,,,,,,,,,,,,,,,,,,,,,,,,,,,,,,
CONT_AWD_DTCG2300DMM3A01_6950_-NONE-_-NONE-,award_or_idv_flag=AWARD but IsParentCSIScontractID=1,6950,NULL,DTCG2300DMM3A01,,,AWARD,1028779,38035623,NULL,NULL,NULL,1,,,,,,,,,,,,,,,,,,,,,,,,,,,,,,
CONT_AWD_DTCG2300DPPA209_6950_-NONE-_-NONE-,award_or_idv_flag=AWARD but IsParentCSIScontractID=1,6950,NULL,DTCG2300DPPA209,,,AWARD,1028780,38035623,NULL,NULL,NULL,1,,,,,,,,,,,,,,,,,,,,,,,,,,,,,,
CONT_AWD_DTCG2300DTE4001_6950_-NONE-_-NONE-,award_or_idv_flag=AWARD but IsParentCSIScontractID=1,6950,NULL,DTCG2300DTE4001,,,AWARD,1028783,38035623,NULL,NULL,NULL,1,,,,,,,,,,,,,,,,,,,,,,,,,,,,,,
CONT_AWD_DTCG2395DQMAA01_6950_-NONE-_-NONE-,award_or_idv_flag=AWARD but IsParentCSIScontractID=1,6950,NULL,DTCG2395DQMAA01,,,AWARD,1029113,38035623,NULL,NULL,NULL,1,,,,,,,,,,,,,,,,,,,,,,,,,,,,,,
CONT_AWD_DTCG2396CASR009_6950_-NONE-_-NONE-,award_or_idv_flag=AWARD but IsParentCSIScontractID=1,6950,NULL,DTCG2396CASR009,,,AWARD,1029114,38035623,NULL,NULL,NULL,1,,,,,,,,,,,,,,,,,,,,,,,,,,,,,,
CONT_AWD_DTCG2398CADW001_6950_-NONE-_-NONE-,award_or_idv_flag=AWARD but IsParentCSIScontractID=1,6950,NULL,DTCG2398CADW001,,,AWARD,1029128,38035623,NULL,NULL,NULL,1,,,,,,,,,,,,,,,,,,,,,,,,,,,,,,
CONT_AWD_DTCG2398CADW002_6950_-NONE-_-NONE-,award_or_idv_flag=AWARD but IsParentCSIScontractID=1,6950,NULL,DTCG2398CADW002,,,AWARD,1029129,38035623,NULL,NULL,NULL,1,,,,,,,,,,,,,,,,,,,,,,,,,,,,,,
CONT_AWD_DTCG2398CADW003_6950_-NONE-_-NONE-,award_or_idv_flag=AWARD but IsParentCSIScontractID=1,6950,NULL,DTCG2398CADW003,,,AWARD,1029130,38035623,NULL,NULL,NULL,1,,,,,,,,,,,,,,,,,,,,,,,,,,,,,,
CONT_AWD_DTCG2399DPPH009_6950_-NONE-_-NONE-,award_or_idv_flag=AWARD but IsParentCSIScontractID=1,6950,NULL,DTCG2399DPPH009,,,AWARD,1029151,38035623,NULL,NULL,NULL,1,,,,,,,,,,,,,,,,,,,,,,,,,,,,,,
CONT_AWD_DTCG2300XADW225_6950_-NONE-_-NONE-,award_or_idv_flag=AWARD but IsParentCSIScontractID=1,6950,NULL,DTCG2300XADW225,,,AWARD,1028795,38035623,NULL,NULL,NULL,1,,,,,,,,,,,,,,,,,,,,,,,,,,,,,,
CONT_AWD_DTCG8000C3FCA59_6950_-NONE-_-NONE-,award_or_idv_flag=AWARD but IsParentCSIScontractID=1,6950,NULL,DTCG8000C3FCA59,,,AWARD,1032021,38035623,NULL,NULL,NULL,1,,,,,,,,,,,,,,,,,,,,,,,,,,,,,,
CONT_AWD_DTCG4500N6K3028_6950_-NONE-_-NONE-,award_or_idv_flag=AWARD but IsParentCSIScontractID=1,6950,NULL,DTCG4500N6K3028,,,AWARD,1031564,38035623,NULL,NULL,NULL,1,,,,,,,,,,,,,,,,,,,,,,,,,,,,,,
CONT_AWD_DTCG4500N6WK075_6950_-NONE-_-NONE-,award_or_idv_flag=AWARD but IsParentCSIScontractID=1,6950,NULL,DTCG4500N6WK075,,,AWARD,1031573,38035623,NULL,NULL,NULL,1,,,,,,,,,,,,,,,,,,,,,,,,,,,,,,
CONT_AWD_DTCG4798C3EFK15_6950_-NONE-_-NONE-,award_or_idv_flag=AWARD but IsParentCSIScontractID=1,6950,NULL,DTCG4798C3EFK15,,,AWARD,1031859,38035623,NULL,NULL,NULL,1,,,,,,,,,,,,,,,,,,,,,,,,,,,,,,
CONT_AWD_DTCG5099D643NG0_6950_-NONE-_-NONE-,award_or_idv_flag=AWARD but IsParentCSIScontractID=1,6950,NULL,DTCG5099D643NG0,,,AWARD,1031978,38035623,NULL,NULL,NULL,1,,,,,,,,,,,,,,,,,,,,,,,,,,,,,,
CONT_AWD_DTCG8000C3FC704_6950_-NONE-_-NONE-,award_or_idv_flag=AWARD but IsParentCSIScontractID=1,6950,NULL,DTCG8000C3FC704,,,AWARD,1032005,38035623,NULL,NULL,NULL,1,,,,,,,,,,,,,,,,,,,,,,,,,,,,,,
CONT_AWD_DTCG4700D3EFK05_6950_-NONE-_-NONE-,award_or_idv_flag=AWARD but IsParentCSIScontractID=1,6950,NULL,DTCG4700D3EFK05,,,AWARD,1031713,38035623,NULL,NULL,NULL,1,,,,,,,,,,,,,,,,,,,,,,,,,,,,,,
CONT_AWD_DTCG4797D3EFK03_6950_-NONE-_-NONE-,award_or_idv_flag=AWARD but IsParentCSIScontractID=1,6950,NULL,DTCG4797D3EFK03,,,AWARD,1031854,38035623,NULL,NULL,NULL,1,,,,,,,,,,,,,,,,,,,,,,,,,,,,,,
CONT_AWD_DTCG4799D3EFK16_6950_-NONE-_-NONE-,award_or_idv_flag=AWARD but IsParentCSIScontractID=1,6950,NULL,DTCG4799D3EFK16,,,AWARD,1031872,38035623,NULL,NULL,NULL,1,,,,,,,,,,,,,,,,,,,,,,,,,,,,,,
CONT_AWD_DTCG5000D643PK7_6950_-NONE-_-NONE-,award_or_idv_flag=AWARD but IsParentCSIScontractID=1,6950,NULL,DTCG5000D643PK7,,,AWARD,1031906,38035623,NULL,NULL,NULL,1,,,,,,,,,,,,,,,,,,,,,,,,,,,,,,
CONT_AWD_DTCG5000D643RV3_6950_-NONE-_-NONE-,award_or_idv_flag=AWARD but IsParentCSIScontractID=1,6950,NULL,DTCG5000D643RV3,,,AWARD,1031907,38035623,NULL,NULL,NULL,1,,,,,,,,,,,,,,,,,,,,,,,,,,,,,,
CONT_AWD_DTCG5000D643TE4_6950_-NONE-_-NONE-,award_or_idv_flag=AWARD but IsParentCSIScontractID=1,6950,NULL,DTCG5000D643TE4,,,AWARD,1031908,38035623,NULL,NULL,NULL,1,,,,,,,,,,,,,,,,,,,,,,,,,,,,,,
CONT_AWD_DTCG3800P100122_6950_-NONE-_-NONE-,award_or_idv_flag=AWARD but IsParentCSIScontractID=1,6950,NULL,DTCG3800P100122,,,AWARD,1029831,38035623,NULL,NULL,NULL,1,,,,,,,,,,,,,,,,,,,,,,,,,,,,,,
CONT_AWD_DTCG3800P100416_6950_-NONE-_-NONE-,award_or_idv_flag=AWARD but IsParentCSIScontractID=1,6950,NULL,DTCG3800P100416,,,AWARD,1029866,38035623,NULL,NULL,NULL,1,,,,,,,,,,,,,,,,,,,,,,,,,,,,,,
CONT_AWD_DTCG3800P201526_6950_-NONE-_-NONE-,award_or_idv_flag=AWARD but IsParentCSIScontractID=1,6950,NULL,DTCG3800P201526,,,AWARD,1029926,38035623,NULL,NULL,NULL,1,,,,,,,,,,,,,,,,,,,,,,,,,,,,,,
CONT_AWD_DTCG3800P201573_6950_-NONE-_-NONE-,award_or_idv_flag=AWARD but IsParentCSIScontractID=1,6950,NULL,DTCG3800P201573,,,AWARD,1029927,38035623,NULL,NULL,NULL,1,,,,,,,,,,,,,,,,,,,,,,,,,,,,,,
CONT_AWD_DTCG3800P201602_6950_-NONE-_-NONE-,award_or_idv_flag=AWARD but IsParentCSIScontractID=1,6950,NULL,DTCG3800P201602,,,AWARD,1029928,38035623,NULL,NULL,NULL,1,,,,,,,,,,,,,,,,,,,,,,,,,,,,,,
CONT_AWD_DTCG3800P202014_6950_-NONE-_-NONE-,award_or_idv_flag=AWARD but IsParentCSIScontractID=1,6950,NULL,DTCG3800P202014,,,AWARD,1029946,38035623,NULL,NULL,NULL,1,,,,,,,,,,,,,,,,,,,,,,,,,,,,,,
CONT_AWD_DTCG4401PTED179_7008_-NONE-_-NONE-,award_or_idv_flag=AWARD but IsParentCSIScontractID=1,7008,70,DTCG4401PTED179,,,AWARD,1031495,38035623,NULL,NULL,NULL,1,,,,,,,,,,,,,,,,,,,,,,,,,,,,,,
CONT_AWD_DTCG4500F6SKCAE_6950_-NONE-_-NONE-,award_or_idv_flag=AWARD but IsParentCSIScontractID=1,6950,NULL,DTCG4500F6SKCAE,,,AWARD,1031551,38035623,NULL,NULL,NULL,1,,,,,,,,,,,,,,,,,,,,,,,,,,,,,,
CONT_AWD_DTCG4500F6WK021_6950_-NONE-_-NONE-,award_or_idv_flag=AWARD but IsParentCSIScontractID=1,6950,NULL,DTCG4500F6WK021,,,AWARD,1031553,38035623,NULL,NULL,NULL,1,,,,,,,,,,,,,,,,,,,,,,,,,,,,,,
CONT_AWD_DTCG4500P6K3005_6950_-NONE-_-NONE-,award_or_idv_flag=AWARD but IsParentCSIScontractID=1,6950,NULL,DTCG4500P6K3005,,,AWARD,1031580,38035623,NULL,NULL,NULL,1,,,,,,,,,,,,,,,,,,,,,,,,,,,,,,
CONT_AWD_DTCG8000D3FCB97_6950_-NONE-_-NONE-,award_or_idv_flag=AWARD but IsParentCSIScontractID=1,6950,NULL,DTCG8000D3FCB97,,,AWARD,1032043,38035623,NULL,NULL,NULL,1,,,,,,,,,,,,,,,,,,,,,,,,,,,,,,
CONT_AWD_DTCG8000D3N6076_6950_-NONE-_-NONE-,award_or_idv_flag=AWARD but IsParentCSIScontractID=1,6950,NULL,DTCG8000D3N6076,,,AWARD,1032044,38035623,NULL,NULL,NULL,1,,,,,,,,,,,,,,,,,,,,,,,,,,,,,,
CONT_AWD_DTCG8200D3WCA05_6950_-NONE-_-NONE-,award_or_idv_flag=AWARD but IsParentCSIScontractID=1,6950,NULL,DTCG8200D3WCA05,,,AWARD,1032663,38035623,NULL,NULL,NULL,1,,,,,,,,,,,,,,,,,,,,,,,,,,,,,,
CONT_AWD_DTCG8099D3FC706_6950_-NONE-_-NONE-,award_or_idv_flag=AWARD but IsParentCSIScontractID=1,6950,NULL,DTCG8099D3FC706,,,AWARD,1032537,38035623,NULL,NULL,NULL,1,,,,,,,,,,,,,,,,,,,,,,,,,,,,,,
CONT_AWD_DTCG8300C3AC114_6950_-NONE-_-NONE-,award_or_idv_flag=AWARD but IsParentCSIScontractID=1,6950,NULL,DTCG8300C3AC114,,,AWARD,1033154,38035623,NULL,NULL,NULL,1,,,,,,,,,,,,,,,,,,,,,,,,,,,,,,
CONT_AWD_DTCG8300N3WF040_6950_-NONE-_-NONE-,award_or_idv_flag=AWARD but IsParentCSIScontractID=1,6950,NULL,DTCG8300N3WF040,,,AWARD,1033219,38035623,NULL,NULL,NULL,1,,,,,,,,,,,,,,,,,,,,,,,,,,,,,,
CONT_AWD_DTCG3803P100001_7008_-NONE-_-NONE-,award_or_idv_flag=AWARD but IsParentCSIScontractID=1,7008,70,DTCG3803P100001,,,AWARD,1030503,38035623,NULL,NULL,NULL,1,,,,,,,,,,,,,,,,,,,,,,,,,,,,,,
CONT_AWD_DTCG8402A900050_6950_-NONE-_-NONE-,award_or_idv_flag=AWARD but IsParentCSIScontractID=1,6950,69,DTCG8402A900050,,,AWARD,1033921,38035623,NULL,NULL,NULL,1,,,,,,,,,,,,,,,,,,,,,,,,,,,,,,
CONT_AWD_DTCG8402A700081_6950_-NONE-_-NONE-,award_or_idv_flag=AWARD but IsParentCSIScontractID=1,6950,69,DTCG8402A700081,,,AWARD,1033907,38035623,NULL,NULL,NULL,1,,,,,,,,,,,,,,,,,,,,,,,,,,,,,,
CONT_AWD_DTCG8497D3TM041_6950_-NONE-_-NONE-,award_or_idv_flag=AWARD but IsParentCSIScontractID=1,6950,NULL,DTCG8497D3TM041,,,AWARD,1034098,38035623,NULL,NULL,NULL,1,,,,,,,,,,,,,,,,,,,,,,,,,,,,,,
CONT_AWD_DTCG8700N643080_6950_-NONE-_-NONE-,award_or_idv_flag=AWARD but IsParentCSIScontractID=1,6950,NULL,DTCG8700N643080,,,AWARD,1034885,38035623,NULL,NULL,NULL,1,,,,,,,,,,,,,,,,,,,,,,,,,,,,,,
CONT_AWD_DTCG8799D643012_6950_-NONE-_-NONE-,award_or_idv_flag=AWARD but IsParentCSIScontractID=1,6950,NULL,DTCG8799D643012,,,AWARD,1035041,38035623,NULL,NULL,NULL,1,,,,,,,,,,,,,,,,,,,,,,,,,,,,,,
CONT_AWD_DTCG8800D623073_6950_-NONE-_-NONE-,award_or_idv_flag=AWARD but IsParentCSIScontractID=1,6950,NULL,DTCG8800D623073,,,AWARD,1035075,38035623,NULL,NULL,NULL,1,,,,,,,,,,,,,,,,,,,,,,,,,,,,,,
CONT_AWD_DTCG8800D623086_6950_-NONE-_-NONE-,award_or_idv_flag=AWARD but IsParentCSIScontractID=1,6950,NULL,DTCG8800D623086,,,AWARD,1035076,38035623,NULL,NULL,NULL,1,,,,,,,,,,,,,,,,,,,,,,,,,,,,,,
CONT_AWD_DTCG8903D60121_6950_-NONE-_-NONE-,award_or_idv_flag=AWARD but IsParentCSIScontractID=1,6950,69,DTCG8903D60121,,,AWARD,1035637,38035623,NULL,NULL,NULL,1,,,,,,,,,,,,,,,,,,,,,,,,,,,,,,
CONT_AWD_DTCG3898D200003_6950_-NONE-_-NONE-,award_or_idv_flag=AWARD but IsParentCSIScontractID=1,6950,NULL,DTCG3898D200003,,,AWARD,1030697,38035623,NULL,NULL,NULL,1,,,,,,,,,,,,,,,,,,,,,,,,,,,,,,
CONT_AWD_DTCG3900DA00012_6950_-NONE-_-NONE-,award_or_idv_flag=AWARD but IsParentCSIScontractID=1,6950,NULL,DTCG3900DA00012,,,AWARD,1030755,38035623,NULL,NULL,NULL,1,,,,,,,,,,,,,,,,,,,,,,,,,,,,,,
CONT_AWD_DTCG3999DQAD053_6950_-NONE-_-NONE-,award_or_idv_flag=AWARD but IsParentCSIScontractID=1,6950,NULL,DTCG3999DQAD053,,,AWARD,1030807,38035623,NULL,NULL,NULL,1,,,,,,,,,,,,,,,,,,,,,,,,,,,,,,
CONT_AWD_DTCGG100D3WK077_6950_-NONE-_-NONE-,award_or_idv_flag=AWARD but IsParentCSIScontractID=1,6950,NULL,DTCGG100D3WK077,,,AWARD,1035885,38035623,NULL,NULL,NULL,1,,,,,,,,,,,,,,,,,,,,,,,,,,,,,,
CONT_AWD_DTCG4003D50006_6950_-NONE-_-NONE-,award_or_idv_flag=AWARD but IsParentCSIScontractID=1,6950,69,DTCG4003D50006,,,AWARD,1031305,38035623,NULL,NULL,NULL,1,,,,,,,,,,,,,,,,,,,,,,,,,,,,,,
CONT_AWD_EMT2002CO0050_7022_-NONE-_-NONE-,award_or_idv_flag=AWARD but IsParentCSIScontractID=1,7022,70,EMT2002CO0050,,,AWARD,1099092,38035623,NULL,NULL,NULL,1,,,,,,,,,,,,,,,,,,,,,,,,,,,,,,
CONT_AWD_GS00F0003M_7008_-NONE-_-NONE-,award_or_idv_flag=AWARD but IsParentCSIScontractID=1,7008,70,GS00F0003M,,,AWARD,1458336,38035623,NULL,NULL,NULL,1,,,,,,,,,,,,,,,,,,,,,,,,,,,,,,
CONT_AWD_GS01P98BWC0093_4740_-NONE-_-NONE-,award_or_idv_flag=AWARD but IsParentCSIScontractID=1,4740,NULL,GS01P98BWC0093,,,AWARD,1466177,38035623,NULL,NULL,NULL,1,,,,,,,,,,,,,,,,,,,,,,,,,,,,,,
CONT_AWD_GS05P00GAC0243_4740_-NONE-_-NONE-,award_or_idv_flag=AWARD but IsParentCSIScontractID=1,4740,NULL,GS05P00GAC0243,,,AWARD,1500861,38035623,NULL,NULL,NULL,1,,,,,,,,,,,,,,,,,,,,,,,,,,,,,,
CONT_AWD_GS05P99GAC0299_4740_-NONE-_-NONE-,award_or_idv_flag=AWARD but IsParentCSIScontractID=1,4740,NULL,GS05P99GAC0299,,,AWARD,1507311,38035623,NULL,NULL,NULL,1,,,,,,,,,,,,,,,,,,,,,,,,,,,,,,
CONT_AWD_GS07P97HXC0034_4740_-NONE-_-NONE-,award_or_idv_flag=AWARD but IsParentCSIScontractID=1,4740,NULL,GS07P97HXC0034,,,AWARD,1538577,38035623,NULL,NULL,NULL,1,,,,,,,,,,,,,,,,,,,,,,,,,,,,,,
CONT_AWD_INF11PC00061_1448_-NONE-_-NONE-,award_or_idv_flag=AWARD but IsParentCSIScontractID=1,1448,NULL,INF11PC00061,,,AWARD,2610898,38035623,NULL,NULL,NULL,1,,,,,,,,,,,,,,,,,,,,,,,,,,,,,,
CONT_AWD_N0038307G002P_9700_-NONE-_-NONE-,award_or_idv_flag=AWARD but IsParentCSIScontractID=1,9700,NULL,N0038307G002P,,,AWARD,3252065,38035623,NULL,NULL,NULL,1,,,,,,,,,,,,,,,,,,,,,,,,,,,,,,
CONT_AWD_N6847001M2836_9700_-NONE-_-NONE-,award_or_idv_flag=AWARD but IsParentCSIScontractID=1,9700,97,N6847001M2836,,,AWARD,3584064,38035623,NULL,NULL,NULL,1,,,,,,,,,,,,,,,,,,,,,,,,,,,,,,
CONT_AWD_NMA30103C0001_9700_-NONE-_-NONE-,award_or_idv_flag=AWARD but IsParentCSIScontractID=1,9700,97,NMA30103C0001,,,AWARD,3642693,38035623,NULL,NULL,NULL,1,,,,,,,,,,,,,,,,,,,,,,,,,,,,,,
CONT_AWD_V512BR009_3600_-NONE-_-NONE-,award_or_idv_flag=AWARD but IsParentCSIScontractID=1,3600,NULL,V512BR009,,,AWARD,5658965,38035623,NULL,NULL,NULL,1,,,,,,,,,,,,,,,,,,,,,,,,,,,,,,
CONT_AWD_VA101F14D0013_3600_-NONE-_-NONE-,award_or_idv_flag=AWARD but IsParentCSIScontractID=1,3600,NULL,VA101F14D0013,,,AWARD,27466808,38035623,NULL,NULL,NULL,1,,,,,,,,,,,,,,,,,,,,,,,,,,,,,,
CONT_AWD_V797P4141A_3600_-NONE-_-NONE-,award_or_idv_flag=AWARD but IsParentCSIScontractID=1,3600,NULL,V797P4141A,,,AWARD,7622129,38035623,NULL,NULL,NULL,1,,,,,,,,,,,,,,,,,,,,,,,,,,,,,,
CONT_AWD_V797P4087A_3600_-NONE-_-NONE-,award_or_idv_flag=AWARD but IsParentCSIScontractID=1,3600,NULL,V797P4087A,,,AWARD,7622025,38035623,NULL,NULL,NULL,1,,,,,,,,,,,,,,,,,,,,,,,,,,,,,,
CONT_IDV_DCA20097H0052_9700,award_or_idv_flag=IDV but IsParentCSIScontractID=0,9700,97,DCA20097H0052,,,IDV,626120,37485558,NULL,NULL,NULL,0,,,,,,,,,,,,,,,,,,,,,,,,,,,,,,
CONT_IDV_DCA20097H0053_9700,award_or_idv_flag=IDV but IsParentCSIScontractID=0,9700,97,DCA20097H0053,,,IDV,626121,37476977,NULL,NULL,NULL,0,,,,,,,,,,,,,,,,,,,,,,,,,,,,,,
CONT_IDV_DCA20097H0054_9700,award_or_idv_flag=IDV but IsParentCSIScontractID=0,9700,97,DCA20097H0054,,,IDV,626122,37838457,NULL,NULL,NULL,0,,,,,,,,,,,,,,,,,,,,,,,,,,,,,,
CONT_IDV_DCA20097H0055_9700,award_or_idv_flag=IDV but IsParentCSIScontractID=0,9700,97,DCA20097H0055,,,IDV,626123,37900051,NULL,NULL,NULL,0,,,,,,,,,,,,,,,,,,,,,,,,,,,,,,
CONT_IDV_DCA20097H0059_9700,award_or_idv_flag=IDV but IsParentCSIScontractID=0,9700,97,DCA20097H0059,,,IDV,626126,37985826,NULL,NULL,NULL,0,,,,,,,,,,,,,,,,,,,,,,,,,,,,,,
CONT_IDV_DCA40087H0022_9700,award_or_idv_flag=IDV but IsParentCSIScontractID=0,9700,NULL,DCA40087H0022,,,IDV,626316,37935438,NULL,NULL,NULL,0,,,,,,,,,,,,,,,,,,,,,,,,,,,,,,
CONT_IDV_DCA20096H0051_9700,award_or_idv_flag=IDV but IsParentCSIScontractID=0,9700,97,DCA20096H0051,,,IDV,626070,37303798,NULL,NULL,NULL,0,,,,,,,,,,,,,,,,,,,,,,,,,,,,,,
CONT_IDV_DCA20096H0065_9700,award_or_idv_flag=IDV but IsParentCSIScontractID=0,9700,97,DCA20096H0065,,,IDV,626077,37303658,NULL,NULL,NULL,0,,,,,,,,,,,,,,,,,,,,,,,,,,,,,,
CONT_IDV_DCA20097H0047_9700,award_or_idv_flag=IDV but IsParentCSIScontractID=0,9700,97,DCA20097H0047,,,IDV,626116,37405500,NULL,NULL,NULL,0,,,,,,,,,,,,,,,,,,,,,,,,,,,,,,
CONT_IDV_DCA20097H0050_9700,award_or_idv_flag=IDV but IsParentCSIScontractID=0,9700,97,DCA20097H0050,,,IDV,626118,37297254,NULL,NULL,NULL,0,,,,,,,,,,,,,,,,,,,,,,,,,,,,,,
CONT_IDV_DCA20097H0074_9700,award_or_idv_flag=IDV but IsParentCSIScontractID=0,9700,NULL,DCA20097H0074,,,IDV,26633701,37607637,NULL,NULL,NULL,0,,,,,,,,,,,,,,,,,,,,,,,,,,,,,,
CONT_IDV_DTCG8498C3KB06B_6950,award_or_idv_flag=IDV but IsParentCSIScontractID=0,6950,NULL,DTCG8498C3KB06B,,,IDV,1034116,37367598,NULL,NULL,NULL,0,,,,,,,,,,,,,,,,,,,,,,,,,,,,,,
CONT_IDV_DTCG8901C68A009_6950,award_or_idv_flag=IDV but IsParentCSIScontractID=0,6950,NULL,DTCG8901C68A009,,,IDV,1035442,38002743,NULL,NULL,NULL,0,,,,,,,,,,,,,,,,,,,,,,,,,,,,,,
CONT_IDV_DTCG8099D3FC704_6950,award_or_idv_flag=IDV but IsParentCSIScontractID=0,6950,70,DTCG8099D3FC704,,,IDV,1032536,37636130,NULL,NULL,NULL,0,,,,,,,,,,,,,,,,,,,,,,,,,,,,,,
CONT_IDV_DTCG8300C3WF052_6950,award_or_idv_flag=IDV but IsParentCSIScontractID=0,6950,NULL,DTCG8300C3WF052,,,IDV,1033168,37569080,NULL,NULL,NULL,0,,,,,,,,,,,,,,,,,,,,,,,,,,,,,,
CONT_IDV_DTFAWN14C00187_6920,award_or_idv_flag=IDV but IsParentCSIScontractID=0,6920,NULL,DTFAWN14C00187,,,IDV,27018290,37941069,NULL,NULL,NULL,0,,,,,,,,,,,,,,,,,,,,,,,,,,,,,,
CONT_IDV_GS01P11BWD0112_4740,award_or_idv_flag=IDV but IsParentCSIScontractID=0,4740,NULL,GS01P11BWD0112,,,IDV,1465596,38161811,NULL,NULL,NULL,0,,,,,,,,,,,,,,,,,,,,,,,,,,,,,,
CONT_IDV_HHSF223200640050C_7524,award_or_idv_flag=IDV but IsParentCSIScontractID=0,7524,75,HHSF223200640050C,,,IDV,2208254,37281286,NULL,NULL,NULL,0,,,,,,,,,,,,,,,,,,,,,,,,,,,,,,
CONT_IDV_N4740899P6033_4735,award_or_idv_flag=IDV but IsParentCSIScontractID=0,4735,NULL,N4740899P6033,,,IDV,3407102,37980569,NULL,NULL,NULL,0,,,,,,,,,,,,,,,,,,,,,,,,,,,,,,
CONT_IDV_V797P3299K_3600,award_or_idv_flag=IDV but IsParentCSIScontractID=0,3600,NULL,V797P3299K,,,IDV,7621352,37511734,NULL,NULL,NULL,0,,,,,,,,,,,,,,,,,,,,,,,,,,,,,,
CONT_IDV_VA79117D0009_3600,award_or_idv_flag=IDV but IsParentCSIScontractID=0,3600,36,VA79117D0009,,,IDV,70706818,37584457,NULL,NULL,NULL,0,,,,,,,,,,,,,,,,,,,,,,,,,,,,,,
CONT_AWD_00001200011C011NYRENTNA_9507_-NONE-_9507,Manual contract_award_unique_key match despite blank parent_award_id_piid,9507,339,00001200011C011NYRENTNA,,9507,AWARD,91389671,38035623,NULL,CONT_IDV_-NONE-_9507,IDV,0,,,,,,,,,,,,,,,,,,,,,,,,,,,,,,
CONT_AWD_00001200104A101811M322NA_1448_-NONE-_9507,Manual contract_award_unique_key match despite blank parent_award_id_piid,1448,14,00001200104A101811M322NA,,9507,AWARD,91389673,38035623,NULL,CONT_IDV_-NONE-_9507,IDV,0,,,,,,,,,,,,,,,,,,,,,,,,,,,,,,
CONT_AWD_19400200303AP1940030230NA_1443_-NONE-_9507,Manual contract_award_unique_key match despite blank parent_award_id_piid,1443,14,19400200303AP1940030230NA,,9507,AWARD,91396725,38035623,NULL,CONT_IDV_-NONE-_9507,IDV,0,,,,,,,,,,,,,,,,,,,,,,,,,,,,,,
CONT_AWD_60000200103AP154001009NA_1443_-NONE-_9507,Manual contract_award_unique_key match despite blank parent_award_id_piid,1443,14,60000200103AP154001009NA,,9507,AWARD,91401204,38035623,NULL,CONT_IDV_-NONE-_9507,IDV,0,,,,,,,,,,,,,,,,,,,,,,,,,,,,,,
CONT_AWD_CE200200107ASOCE20001M0527NA_1900_-NONE-_9507,Manual contract_award_unique_key match despite blank parent_award_id_piid,1900,19,CE200200107ASOCE20001M0527NA,,9507,AWARD,91402128,38035623,NULL,CONT_IDV_-NONE-_9507,IDV,0,,,,,,,,,,,,,,,,,,,,,,,,,,,,,,
CONT_AWD_CE200200107ASOCE20001M0550NA_1900_-NONE-_9507,Manual contract_award_unique_key match despite blank parent_award_id_piid,1900,19,CE200200107ASOCE20001M0550NA,,9507,AWARD,91402129,38035623,NULL,CONT_IDV_-NONE-_9507,IDV,0,,,,,,,,,,,,,,,,,,,,,,,,,,,,,,
CONT_AWD_CE200200108ASOCE20001M0634NA_1900_-NONE-_9507,Manual contract_award_unique_key match despite blank parent_award_id_piid,1900,19,CE200200108ASOCE20001M0634NA,,9507,AWARD,91402130,38035623,NULL,CONT_IDV_-NONE-_9507,IDV,0,,,,,,,,,,,,,,,,,,,,,,,,,,,,,,
CONT_AWD_CE200200108ASOCE20001M0661NA_1900_-NONE-_9507,Manual contract_award_unique_key match despite blank parent_award_id_piid,1900,19,CE200200108ASOCE20001M0661NA,,9507,AWARD,91402131,38035623,NULL,CONT_IDV_-NONE-_9507,IDV,0,,,,,,,,,,,,,,,,,,,,,,,,,,,,,,
CONT_AWD_CE200200108ASOCE20001M0678NA_1900_-NONE-_9507,Manual contract_award_unique_key match despite blank parent_award_id_piid,1900,19,CE200200108ASOCE20001M0678NA,,9507,AWARD,91402132,38035623,NULL,CONT_IDV_-NONE-_9507,IDV,0,,,,,,,,,,,,,,,,,,,,,,,,,,,,,,
CONT_AWD_CE200200202ASOCE20002M0186NA_1900_-NONE-_9507,Manual contract_award_unique_key match despite blank parent_award_id_piid,1900,19,CE200200202ASOCE20002M0186NA,,9507,AWARD,91402133,38035623,NULL,CONT_IDV_-NONE-_9507,IDV,0,,,,,,,,,,,,,,,,,,,,,,,,,,,,,,
CONT_AWD_CE200200202ASOCE20002M0204NA_1900_-NONE-_9507,Manual contract_award_unique_key match despite blank parent_award_id_piid,1900,19,CE200200202ASOCE20002M0204NA,,9507,AWARD,91402134,38035623,NULL,CONT_IDV_-NONE-_9507,IDV,0,,,,,,,,,,,,,,,,,,,,,,,,,,,,,,
CONT_AWD_CE200200202ASOCE20002M0205NA_1900_-NONE-_9507,Manual contract_award_unique_key match despite blank parent_award_id_piid,1900,19,CE200200202ASOCE20002M0205NA,,9507,AWARD,91402135,38035623,NULL,CONT_IDV_-NONE-_9507,IDV,0,,,,,,,,,,,,,,,,,,,,,,,,,,,,,,
CONT_AWD_HSBP1008F19376_7014_-NONE-_9507,Manual contract_award_unique_key match despite blank parent_award_id_piid,7014,70,HSBP1008F19376,,9507,AWARD,91422860,38035623,NULL,CONT_IDV_-NONE-_9507,IDV,0,,,,,,,,,,,,,,,,,,,,,,,,,,,,,,
CONT_AWD_TIRNO10T00024_2050_-NONE-_9507,Manual contract_award_unique_key match despite blank parent_award_id_piid,2050,NULL,TIRNO10T00024,,9507,AWARD,103326543,38035623,NULL,CONT_IDV_-NONE-_9507,IDV,0,,,,,,,,,,,,,,,,,,,,,,,,,,,,,,
CONT_AWD_TX100200207CSTX10002M0120NA_1900_-NONE-_9507,Manual contract_award_unique_key match despite blank parent_award_id_piid,1900,19,TX100200207CSTX10002M0120NA,,9507,AWARD,91428781,38035623,NULL,CONT_IDV_-NONE-_9507,IDV,0,,,,,,,,,,,,,,,,,,,,,,,,,,,,,,
CONT_AWD_V640PROSFY08NA_3600_-NONE-_9507,Manual contract_award_unique_key match despite blank parent_award_id_piid,3600,36,V640PROSFY08NA,,9507,AWARD,91429667,38035623,NULL,CONT_IDV_-NONE-_9507,IDV,0,,,,,,,,,,,,,,,,,,,,,,,,,,,,,,
CONT_IDV_INP09PD76753_1443,award_or_idv_flag=IDV but IsParentCSIScontractID=0,1443,NULL,INP09PD76753,GS10F0274T,4730,IDV,15494256,37364475,CONT_IDV_GS10F0274T_4730,CONT_IDV_GS10F0274T_4730,IDV,0,,,,,,,,,,,,,,,,,,,,,,,,,,,,,,
CONT_IDV_DAAG4970C0092_2100,award_or_idv_flag=IDV but IsParentCSIScontractID=0,2100,NULL,DAAG4970C0092,NULL,NULL,IDV,492058,271232,NULL,NULL,NULL,0,,,,,,,,,,,,,,,,,,,,,,,,,,,,,,
CONT_IDV_DABT1991H0007_2100,award_or_idv_flag=IDV but IsParentCSIScontractID=0,2100,NULL,DABT1991H0007,NULL,NULL,IDV,531618,282310,NULL,NULL,NULL,0,,,,,,,,,,,,,,,,,,,,,,,,,,,,,,
CONT_IDV_DABT2369C0589_2100,award_or_idv_flag=IDV but IsParentCSIScontractID=0,2100,NULL,DABT2369C0589,NULL,NULL,IDV,533030,34657,NULL,NULL,NULL,0,,,,,,,,,,,,,,,,,,,,,,,,,,,,,,
CONT_IDV_DABT4787C9575_2100,award_or_idv_flag=IDV but IsParentCSIScontractID=0,2100,NULL,DABT4787C9575,NULL,NULL,IDV,533967,390541,NULL,NULL,NULL,0,,,,,,,,,,,,,,,,,,,,,,,,,,,,,,
CONT_IDV_DCA20087H0024_9700,award_or_idv_flag=IDV but IsParentCSIScontractID=0,9700,NULL,DCA20087H0024,NULL,NULL,IDV,625988,260823,NULL,NULL,NULL,0,,,,,,,,,,,,,,,,,,,,,,,,,,,,,,
CONT_IDV_DACA8792C0128_2100,award_or_idv_flag=IDV but IsParentCSIScontractID=0,2100,NULL,DACA8792C0128,NULL,NULL,IDV,548703,180976,NULL,NULL,NULL,0,,,,,,,,,,,,,,,,,,,,,,,,,,,,,,
CONT_IDV_DCA20092H0077_9700,award_or_idv_flag=IDV but IsParentCSIScontractID=0,9700,NULL,DCA20092H0077,NULL,NULL,IDV,626019,37854,NULL,NULL,NULL,0,,,,,,,,,,,,,,,,,,,,,,,,,,,,,,
CONT_IDV_DCA20092H0022_9700,award_or_idv_flag=IDV but IsParentCSIScontractID=0,9700,NULL,DCA20092H0022,NULL,NULL,IDV,26607651,106733,NULL,NULL,NULL,0,,,,,,,,,,,,,,,,,,,,,,,,,,,,,,
CONT_IDV_DCA20092H0059_9700,award_or_idv_flag=IDV but IsParentCSIScontractID=0,9700,NULL,DCA20092H0059,NULL,NULL,IDV,26605594,420228,NULL,NULL,NULL,0,,,,,,,,,,,,,,,,,,,,,,,,,,,,,,
CONT_IDV_DCA20088H0004_9700,award_or_idv_flag=IDV but IsParentCSIScontractID=0,9700,NULL,DCA20088H0004,NULL,NULL,IDV,26588533,86073,NULL,NULL,NULL,0,,,,,,,,,,,,,,,,,,,,,,,,,,,,,,
CONT_IDV_DCA20091H0003_9700,award_or_idv_flag=IDV but IsParentCSIScontractID=0,9700,NULL,DCA20091H0003,NULL,NULL,IDV,28312901,374231,NULL,NULL,NULL,0,,,,,,,,,,,,,,,,,,,,,,,,,,,,,,
CONT_IDV_DTCG8495D8F6002_6950,award_or_idv_flag=IDV but IsParentCSIScontractID=0,6950,NULL,DTCG8495D8F6002,NULL,NULL,IDV,1034046,108466,NULL,NULL,NULL,0,,,,,,,,,,,,,,,,,,,,,,,,,,,,,,
CONT_IDV_DTCG8497C1GA062_6950,award_or_idv_flag=IDV but IsParentCSIScontractID=0,6950,NULL,DTCG8497C1GA062,NULL,NULL,IDV,1034067,214683,NULL,NULL,NULL,0,,,,,,,,,,,,,,,,,,,,,,,,,,,,,,
CONT_IDV_DTCG8801D623309_7008,award_or_idv_flag=IDV but IsParentCSIScontractID=0,7008,NULL,DTCG8801D623309,NULL,NULL,IDV,1035142,112179,NULL,NULL,NULL,0,,,,,,,,,,,,,,,,,,,,,,,,,,,,,,
CONT_IDV_GS00P89BSD0017_4740,award_or_idv_flag=IDV but IsParentCSIScontractID=0,4740,NULL,GS00P89BSD0017,NULL,NULL,IDV,1461614,112629,NULL,NULL,NULL,0,,,,,,,,,,,,,,,,,,,,,,,,,,,,,,
CONT_IDV_N0001495C2152_1700,award_or_idv_flag=IDV but IsParentCSIScontractID=0,1700,NULL,N0001495C2152,NULL,NULL,IDV,2958542,79602,NULL,NULL,NULL,0,,,,,,,,,,,,,,,,,,,,,,,,,,,,,,
CONT_IDV_MDA97296C0005_9700,award_or_idv_flag=IDV but IsParentCSIScontractID=0,9700,NULL,MDA97296C0005,NULL,NULL,IDV,26803170,343866,NULL,NULL,NULL,0,,,,,,,,,,,,,,,,,,,,,,,,,,,,,,
CONT_IDV_N0002467F5110_1700,award_or_idv_flag=IDV but IsParentCSIScontractID=0,1700,NULL,N0002467F5110,NULL,NULL,IDV,2965510,262975,NULL,NULL,NULL,0,,,,,,,,,,,,,,,,,,,,,,,,,,,,,,
CONT_IDV_N0002492H8045_1700,award_or_idv_flag=IDV but IsParentCSIScontractID=0,1700,NULL,N0002492H8045,NULL,NULL,IDV,2965615,184705,NULL,NULL,NULL,0,,,,,,,,,,,,,,,,,,,,,,,,,,,,,,
CONT_IDV_N0002492H8651_1700,award_or_idv_flag=IDV but IsParentCSIScontractID=0,1700,NULL,N0002492H8651,NULL,NULL,IDV,2965648,94016,NULL,NULL,NULL,0,,,,,,,,,,,,,,,,,,,,,,,,,,,,,,
CONT_IDV_N0002492H8652_1700,award_or_idv_flag=IDV but IsParentCSIScontractID=0,1700,NULL,N0002492H8652,NULL,NULL,IDV,2965649,399120,NULL,NULL,NULL,0,,,,,,,,,,,,,,,,,,,,,,,,,,,,,,
CONT_IDV_MDA97296C0005_9700,award_or_idv_flag=IDV but IsParentCSIScontractID=0,9700,NULL,MDA97296C0005,NULL,NULL,IDV,26803170,343866,NULL,NULL,NULL,0,,,,,,,,,,,,,,,,,,,,,,,,,,,,,,
,,,,,,,,,,,,,,,,,,,,,,,,,,,,,,,,,,,,,,,,,,,
,,,,,,,,,,,,,,,,,,,,,,,,,,,,,,,,,,,,,,,,,,,
(No column name),,,,,,,,,,,,,,,,,,,,,,,,,,,,,,,,,,,,,,,,,,,
0,,,,,,,,,,,,,,,,,,,,,,,,,,,,,,,,,,,,,,,,,,,
,,,,,,,,,,,,,,,,,,,,,,,,,,,,,,,,,,,,,,,,,,,
fiscal_year,award_or_idv_flag,totalcount,nullctuctid,nullpostgres,,,,,,,,,,,,,,,,,,,,,,,,,,,,,,,,,,,,,,,
NULL,NULL," 25,636,758.00 ", -   ," 25,636,758.00 ",,,,,,,,,,,,,,,,,,,,,,,,,,,,,,,,,,,,,,,
1962,NULL, 1.00 , -   , 1.00 ,,,,,,,,,,,,,,,,,,,,,,,,,,,,,,,,,,,,,,,
1966,NULL, 3.00 , -   , 3.00 ,,,,,,,,,,,,,,,,,,,,,,,,,,,,,,,,,,,,,,,
1967,NULL, 1.00 , -   , 1.00 ,,,,,,,,,,,,,,,,,,,,,,,,,,,,,,,,,,,,,,,
1970,NULL, 2.00 , -   , 2.00 ,,,,,,,,,,,,,,,,,,,,,,,,,,,,,,,,,,,,,,,
1973,NULL, 1.00 , -   , 1.00 ,,,,,,,,,,,,,,,,,,,,,,,,,,,,,,,,,,,,,,,
1974,NULL, 3.00 , -   , 3.00 ,,,,,,,,,,,,,,,,,,,,,,,,,,,,,,,,,,,,,,,
1977,NULL, 1.00 , -   , 1.00 ,,,,,,,,,,,,,,,,,,,,,,,,,,,,,,,,,,,,,,,
1978,NULL, 1.00 , -   , 1.00 ,,,,,,,,,,,,,,,,,,,,,,,,,,,,,,,,,,,,,,,
1979,NULL, 915.00 , -   , 915.00 ,,,,,,,,,,,,,,,,,,,,,,,,,,,,,,,,,,,,,,,
1980,NULL," 1,224.00 ", -   ," 1,224.00 ",,,,,,,,,,,,,,,,,,,,,,,,,,,,,,,,,,,,,,,
1981,NULL," 1,818.00 ", -   ," 1,818.00 ",,,,,,,,,,,,,,,,,,,,,,,,,,,,,,,,,,,,,,,
1982,NULL," 1,861.00 ", -   ," 1,861.00 ",,,,,,,,,,,,,,,,,,,,,,,,,,,,,,,,,,,,,,,
1983,NULL," 1,660.00 ", -   ," 1,660.00 ",,,,,,,,,,,,,,,,,,,,,,,,,,,,,,,,,,,,,,,
1984,NULL," 1,940.00 ", -   ," 1,940.00 ",,,,,,,,,,,,,,,,,,,,,,,,,,,,,,,,,,,,,,,
1985,NULL," 1,820.00 ", -   ," 1,820.00 ",,,,,,,,,,,,,,,,,,,,,,,,,,,,,,,,,,,,,,,
1986,NULL," 1,856.00 ", -   ," 1,856.00 ",,,,,,,,,,,,,,,,,,,,,,,,,,,,,,,,,,,,,,,
1987,NULL," 2,577.00 ", -   ," 2,577.00 ",,,,,,,,,,,,,,,,,,,,,,,,,,,,,,,,,,,,,,,
1988,NULL," 1,894.00 ", -   ," 1,894.00 ",,,,,,,,,,,,,,,,,,,,,,,,,,,,,,,,,,,,,,,
1989,NULL," 1,552.00 ", -   ," 1,552.00 ",,,,,,,,,,,,,,,,,,,,,,,,,,,,,,,,,,,,,,,
1990,NULL," 1,756.00 ", -   ," 1,756.00 ",,,,,,,,,,,,,,,,,,,,,,,,,,,,,,,,,,,,,,,
1991,NULL," 2,015.00 ", -   ," 2,015.00 ",,,,,,,,,,,,,,,,,,,,,,,,,,,,,,,,,,,,,,,
1992,NULL," 2,464.00 ", -   ," 2,464.00 ",,,,,,,,,,,,,,,,,,,,,,,,,,,,,,,,,,,,,,,
1993,NULL," 2,780.00 ", -   ," 2,780.00 ",,,,,,,,,,,,,,,,,,,,,,,,,,,,,,,,,,,,,,,
1994,NULL," 3,068.00 ", -   ," 3,068.00 ",,,,,,,,,,,,,,,,,,,,,,,,,,,,,,,,,,,,,,,
1995,NULL," 4,801.00 ", -   ," 4,801.00 ",,,,,,,,,,,,,,,,,,,,,,,,,,,,,,,,,,,,,,,
1996,NULL," 8,950.00 ", -   ," 8,950.00 ",,,,,,,,,,,,,,,,,,,,,,,,,,,,,,,,,,,,,,,
1997,NULL," 33,428.00 ", -   ," 33,428.00 ",,,,,,,,,,,,,,,,,,,,,,,,,,,,,,,,,,,,,,,
1998,NULL," 57,596.00 ", -   ," 57,596.00 ",,,,,,,,,,,,,,,,,,,,,,,,,,,,,,,,,,,,,,,
1999,NULL," 90,395.00 ", -   ," 90,395.00 ",,,,,,,,,,,,,,,,,,,,,,,,,,,,,,,,,,,,,,,
2000,NULL," 594,623.00 ", -   ," 594,623.00 ",,,,,,,,,,,,,,,,,,,,,,,,,,,,,,,,,,,,,,,
2001,NULL," 638,461.00 ", -   ," 638,461.00 ",,,,,,,,,,,,,,,,,,,,,,,,,,,,,,,,,,,,,,,
2002,NULL," 824,511.00 ", -   ," 824,511.00 ",,,,,,,,,,,,,,,,,,,,,,,,,,,,,,,,,,,,,,,
2003,NULL," 1,173,552.00 ", -   ," 1,173,552.00 ",,,,,,,,,,,,,,,,,,,,,,,,,,,,,,,,,,,,,,,
2004,NULL," 1,981,155.00 ", -   ," 1,981,155.00 ",,,,,,,,,,,,,,,,,,,,,,,,,,,,,,,,,,,,,,,
2005,NULL," 2,899,583.00 ", -   ," 2,899,583.00 ",,,,,,,,,,,,,,,,,,,,,,,,,,,,,,,,,,,,,,,
2006,NULL," 3,776,700.00 ", -   ," 3,776,700.00 ",,,,,,,,,,,,,,,,,,,,,,,,,,,,,,,,,,,,,,,
2007,NULL," 4,090,531.00 ", -   ," 4,090,531.00 ",,,,,,,,,,,,,,,,,,,,,,,,,,,,,,,,,,,,,,,
2008,NULL," 4,481,845.00 ", -   ," 4,481,845.00 ",,,,,,,,,,,,,,,,,,,,,,,,,,,,,,,,,,,,,,,
2009,NULL," 3,459,197.00 ", -   ," 3,459,197.00 ",,,,,,,,,,,,,,,,,,,,,,,,,,,,,,,,,,,,,,,
2010,NULL," 3,350,174.00 ", -   ," 3,350,174.00 ",,,,,,,,,,,,,,,,,,,,,,,,,,,,,,,,,,,,,,,
2011,NULL," 3,205,578.00 ", -   ," 3,205,578.00 ",,,,,,,,,,,,,,,,,,,,,,,,,,,,,,,,,,,,,,,
2012,NULL," 2,927,794.00 ", -   ," 2,927,794.00 ",,,,,,,,,,,,,,,,,,,,,,,,,,,,,,,,,,,,,,,
2013,NULL," 2,276,944.00 ", -   ," 2,276,944.00 ",,,,,,,,,,,,,,,,,,,,,,,,,,,,,,,,,,,,,,,
2014,NULL," 2,311,991.00 ", -   ," 2,311,991.00 ",,,,,,,,,,,,,,,,,,,,,,,,,,,,,,,,,,,,,,,
2015,NULL," 1,518,755.00 ", -   ," 1,518,755.00 ",,,,,,,,,,,,,,,,,,,,,,,,,,,,,,,,,,,,,,,
2016,NULL," 2,059,778.00 ", -   ," 2,059,778.00 ",,,,,,,,,,,,,,,,,,,,,,,,,,,,,,,,,,,,,,,
2017,NULL," 4,185,761.00 ", -   ," 4,185,761.00 ",,,,,,,,,,,,,,,,,,,,,,,,,,,,,,,,,,,,,,,
2018,NULL," 5,290,517.00 ", -   ," 5,290,517.00 ",,,,,,,,,,,,,,,,,,,,,,,,,,,,,,,,,,,,,,,
2019,NULL," 6,480,793.00 ", -   ," 6,480,793.00 ",,,,,,,,,,,,,,,,,,,,,,,,,,,,,,,,,,,,,,,
2020,NULL," 6,175,445.00 ", -   ," 6,175,445.00 ",,,,,,,,,,,,,,,,,,,,,,,,,,,,,,,,,,,,,,,
2021,NULL," 277,306.00 ", -   ," 277,306.00 ",,,,,,,,,,,,,,,,,,,,,,,,,,,,,,,,,,,,,,,
2022,NULL," 1,212,261.00 ", -   ," 1,212,261.00 ",,,,,,,,,,,,,,,,,,,,,,,,,,,,,,,,,,,,,,,
2023,NULL," 1,214,742.00 ", -   ," 1,214,742.00 ",,,,,,,,,,,,,,,,,,,,,,,,,,,,,,,,,,,,,,,
2024,NULL," 6,677,187.00 ", -   ," 6,677,187.00 ",,,,,,,,,,,,,,,,,,,,,,,,,,,,,,,,,,,,,,,
2025,NULL," 2,609,793.00 ", -   ," 2,609,793.00 ",,,,,,,,,,,,,,,,,,,,,,,,,,,,,,,,,,,,,,,
,,,,,,,,,,,,,,,,,,,,,,,,,,,,,,,,,,,,,,,,,,,
fiscal_year,nullctu,nulluei,nullpuei,(No column name),,,,,,,,,,,,,,,,,,,,,,,,,,,,,,,,,,,,,,,
1962,0,0,0,1,,,,,,,,,,,,,,,,,,,,,,,,,,,,,,,,,,,,,,,
1966,0,0,0,3,,,,,,,,,,,,,,,,,,,,,,,,,,,,,,,,,,,,,,,
1967,0,0,1,1,,,,,,,,,,,,,,,,,,,,,,,,,,,,,,,,,,,,,,,
1970,0,0,0,2,,,,,,,,,,,,,,,,,,,,,,,,,,,,,,,,,,,,,,,
1973,0,0,0,1,,,,,,,,,,,,,,,,,,,,,,,,,,,,,,,,,,,,,,,
1974,0,0,0,3,,,,,,,,,,,,,,,,,,,,,,,,,,,,,,,,,,,,,,,
1977,0,0,0,1,,,,,,,,,,,,,,,,,,,,,,,,,,,,,,,,,,,,,,,
1978,0,0,0,1,,,,,,,,,,,,,,,,,,,,,,,,,,,,,,,,,,,,,,,
1979,0,0,1,915,,,,,,,,,,,,,,,,,,,,,,,,,,,,,,,,,,,,,,,
1980,0,0,0,1224,,,,,,,,,,,,,,,,,,,,,,,,,,,,,,,,,,,,,,,
1981,0,0,0,1818,,,,,,,,,,,,,,,,,,,,,,,,,,,,,,,,,,,,,,,
1982,0,0,0,1861,,,,,,,,,,,,,,,,,,,,,,,,,,,,,,,,,,,,,,,
1983,0,0,0,1660,,,,,,,,,,,,,,,,,,,,,,,,,,,,,,,,,,,,,,,
1984,0,0,0,1940,,,,,,,,,,,,,,,,,,,,,,,,,,,,,,,,,,,,,,,
1985,0,0,0,1820,,,,,,,,,,,,,,,,,,,,,,,,,,,,,,,,,,,,,,,
1986,0,0,0,1856,,,,,,,,,,,,,,,,,,,,,,,,,,,,,,,,,,,,,,,
1987,2,2,2,2579,,,,,,,,,,,,,,,,,,,,,,,,,,,,,,,,,,,,,,,
1988,57,57,57,1951,,,,,,,,,,,,,,,,,,,,,,,,,,,,,,,,,,,,,,,
1989,2813,2813,2813,4365,,,,,,,,,,,,,,,,,,,,,,,,,,,,,,,,,,,,,,,
1990,217182,217182,217182,218938,,,,,,,,,,,,,,,,,,,,,,,,,,,,,,,,,,,,,,,
1991,249091,249091,249091,251106,,,,,,,,,,,,,,,,,,,,,,,,,,,,,,,,,,,,,,,
1992,240574,240574,240574,243038,,,,,,,,,,,,,,,,,,,,,,,,,,,,,,,,,,,,,,,
1993,227903,227908,227908,230683,,,,,,,,,,,,,,,,,,,,,,,,,,,,,,,,,,,,,,,
1994,230094,230099,230101,233162,,,,,,,,,,,,,,,,,,,,,,,,,,,,,,,,,,,,,,,
1995,239997,240002,240003,244797,,,,,,,,,,,,,,,,,,,,,,,,,,,,,,,,,,,,,,,
1996,260836,262676,262677,269787,,,,,,,,,,,,,,,,,,,,,,,,,,,,,,,,,,,,,,,
1997,256866,257038,257042,290297,,,,,,,,,,,,,,,,,,,,,,,,,,,,,,,,,,,,,,,
1998,259810,261034,261038,317412,,,,,,,,,,,,,,,,,,,,,,,,,,,,,,,,,,,,,,,
1999,271684,272482,272498,362079,,,,,,,,,,,,,,,,,,,,,,,,,,,,,,,,,,,,,,,
2000,0,2998,3257,594652,,,,,,,,,,,,,,,,,,,,,,,,,,,,,,,,,,,,,,,
2001,0,1553,1553,642227,,,,,,,,,,,,,,,,,,,,,,,,,,,,,,,,,,,,,,,
2002,0,1179,1179,830716,,,,,,,,,,,,,,,,,,,,,,,,,,,,,,,,,,,,,,,
2003,0,335,336,1183961,,,,,,,,,,,,,,,,,,,,,,,,,,,,,,,,,,,,,,,
2004,0,656,659,2002008,,,,,,,,,,,,,,,,,,,,,,,,,,,,,,,,,,,,,,,
2005,0,781,792,2923932,,,,,,,,,,,,,,,,,,,,,,,,,,,,,,,,,,,,,,,
2006,0,857,867,3798177,,,,,,,,,,,,,,,,,,,,,,,,,,,,,,,,,,,,,,,
2007,0,217,223,4112202,,,,,,,,,,,,,,,,,,,,,,,,,,,,,,,,,,,,,,,
2008,0,362,387,4505615,,,,,,,,,,,,,,,,,,,,,,,,,,,,,,,,,,,,,,,
2009,0,11,54,3497574,,,,,,,,,,,,,,,,,,,,,,,,,,,,,,,,,,,,,,,
2010,0,95,1492,3543812,,,,,,,,,,,,,,,,,,,,,,,,,,,,,,,,,,,,,,,
2011,0,134,2257,3408487,,,,,,,,,,,,,,,,,,,,,,,,,,,,,,,,,,,,,,,
2012,0,466,3729,3129944,,,,,,,,,,,,,,,,,,,,,,,,,,,,,,,,,,,,,,,
2013,0,230,3035,2514930,,,,,,,,,,,,,,,,,,,,,,,,,,,,,,,,,,,,,,,
2014,0,134,3414,2528236,,,,,,,,,,,,,,,,,,,,,,,,,,,,,,,,,,,,,,,
2015,0,124,4446,4375102,,,,,,,,,,,,,,,,,,,,,,,,,,,,,,,,,,,,,,,
2016,0,24,3508,4821532,,,,,,,,,,,,,,,,,,,,,,,,,,,,,,,,,,,,,,,
2017,0,35,3216,4913101,,,,,,,,,,,,,,,,,,,,,,,,,,,,,,,,,,,,,,,
2018,0,2,3365,5619395,,,,,,,,,,,,,,,,,,,,,,,,,,,,,,,,,,,,,,,
2019,0,6,2135,6488507,,,,,,,,,,,,,,,,,,,,,,,,,,,,,,,,,,,,,,,
2020,0,0,1154,6305419,,,,,,,,,,,,,,,,,,,,,,,,,,,,,,,,,,,,,,,
2021,0,0,15,6404661,,,,,,,,,,,,,,,,,,,,,,,,,,,,,,,,,,,,,,,
2022,0,0,19,6665492,,,,,,,,,,,,,,,,,,,,,,,,,,,,,,,,,,,,,,,
2023,0,0,312,6681368,,,,,,,,,,,,,,,,,,,,,,,,,,,,,,,,,,,,,,,
2024,0,16,1049,6677386,,,,,,,,,,,,,,,,,,,,,,,,,,,,,,,,,,,,,,,
2025,0,1,437,2500648,,,,,,,,,,,,,,,,,,,,,,,,,,,,,,,,,,,,,,,
,,,,,,,,,,,,,,,,,,,,,,,,,,,,,,,,,,,,,,,,,,,
CSIStransactionID,originalobligatedamount,adjustedobligatedamount,obligatedamount,,,,,,,,,,,,,,,,,,,,,,,,,,,,,,,,,,,,,,,,
7466478,13917176832,15252480,13917176427,,,,,,,,,,,,,,,,,,,,,,,,,,,,,,,,,,,,,,,,
4314154,-13901924352,0,-13901924427,,,,,,,,,,,,,,,,,,,,,,,,,,,,,,,,,,,,,,,,
28660132,6892186112,1378437222,6892186072,,,,,,,,,,,,,,,,,,,,,,,,,,,,,,,,,,,,,,,,
,,,,,,,,,,,,,,,,,,,,,,,,,,,,,,,,,,,,,,,,,,,
,,,,,,,,,,,,,,,,,,,,,,,,,,,,,,,,,,,,,,,,,,,
CSIStransactionID,AddedObligationAmount,obligatedamount,,,,,,,,,,,,,,,,,,,,,,,,,,,,,,,,,,,,,,,,,
71868026,1378437222,NULL,,,,,,,,,,,,,,,,,,,,,,,,,,,,,,,,,,,,,,,,,
71868023,1378437222,NULL,,,,,,,,,,,,,,,,,,,,,,,,,,,,,,,,,,,,,,,,,
71868024,1378437222,NULL,,,,,,,,,,,,,,,,,,,,,,,,,,,,,,,,,,,,,,,,,
71868025,1378437222,1378437222,,,,,,,,,,,,,,,,,,,,,,,,,,,,,,,,,,,,,,,,,
,,,,,,,,,,,,,,,,,,,,,,,,,,,,,,,,,,,,,,,,,,,
action_date_fiscal_year,f_fiscal_year,contract_transaction_unique_key,last_modified_date,last_modified_date,date_diff,,,,,,,,,,,,,,,,,,,,,,,,,,,,,,,,,,,,,,
,,,,,,,,,,,,,,,,,,,,,,,,,,,,,,,,,,,,,,,,,,,
award_or_idv_flag,IsDerived,HasParent,cauofferblank,pcauofferblank,ppcauofferblank,cauidvblank,pcauidvblank,ppcauidvblank,cauoidcblank,pcauidcblank,ppcauidcblank,cauomultiblank,pcaumultiblank,ppcaumultiblank,caucount,pcaucount,nonderivedpcaucount,,,,,,,,,,,,,,,,,,,,,,,,,,
AWARD,0,0,12921,12921,12921,16464029,16464029,16464029,16464210,16464210,16464210,16464173,16464173,16464173,16464227,0,0,,,,,,,,,,,,,,,,,,,,,,,,,,
AWARD,0,1,27056335,5824,5545,60248170,395349,395284,60248170,18703937,18703437,21557101,2997743,2891512,60248170,60248167,59852978,,,,,,,,,,,,,,,,,,,,,,,,,,
IDV,0,0,133753,133753,133753,112,112,112,486050,486050,486050,89176,89176,89176,920849,0,0,,,,,,,,,,,,,,,,,,,,,,,,,,
IDV,0,1,2119,169,169,32,0,0,32592,32582,32582,4843,104,104,32596,32591,32546,,,,,,,,,,,,,,,,,,,,,,,,,,
IDV,1,0,28970,28970,28970,28970,28970,28970,28970,28970,28970,28970,28970,28970,28970,0,0,,,,,,,,,,,,,,,,,,,,,,,,,,
,,,,,,,,,,,,,,,,,,,,,,,,,,,,,,,,,,,,,,,,,,,
,,,,,,,,,,,,,,,,,,,,,,,,,,,,,,,,,,,,,,,,,,,
contract_award_unique_key,AgencyID,awarding_agency_code,award_id_piid,parent_award_id_piid,parent_award_agency_id,award_or_idv_flag,CSIScontractID,CSISidvpiidID,parent_contract_award_unique_key,IsDerived,IsFPDSerror,numberofoffersreceived,idv_type_code,typeofidc,parent_award_single_or_multiple_code,IsAwardIDVdup,IsAbove2018constantSimplifedAcquisition250kThreshold,IsAbove2018constantCommercialItem7500k,IsAbove2018constantMTAthreshold,IsAbove2016constantMTAthreshold,IsAbove1990constantMTAthreshold,IsAbove2018constantCostAccounting2000kThreshold,IsAbove2016constantArbitrary1000k,IsDefense,CostAccountingStandardsClause,costorpricingdata,solicitationprocedures,commercialitemacquisitionprocedures,contractingofficerbusinesssizedetermination,isforeigngovernment,extentcompeted,statutoryexceptiontofairopportunity,typeofcontractpricing,CompetedIsSomeCompetition,FairOppIsSomeCompetition,AnyCASclause,idv_type_code,award_or_idv_flag,award_type_code,multipleorsingleawardidc,parent_award_single_or_multiple_code,parent_award_type_code,contractactiontype
